id,Title,Text,Lebal
1,Magaalada Pembroke Pines ayaan wax cod ah ku lahayn qorshe lagu b...,Magaalada Pembroke Pines ayaan wax cod ah ku lahayn qorshaha lagu dhisayo xarun dadka lagu hayo ee Koonfur Galbeed Ranches.,0
2,Boqolkiiba 95 lacagta loo isticmaalo ururka shaqaalaha wor...,Boqolkiiba shan iyo sagaashan lacagta loo isticmaalo xarumaha tababarka shaqaalaha ee ay ku shaqeeyaan ururka waxay ka yimaadaan loo shaqeeyayaasha.,0
3,Waajibaadka daryeelka caafimaadku wuxuu u baahan doonaa xadhig iyo ganaax...,Waajibaadka daryeelka caafimaadku waxay u baahan doontaa xadhig iyo ganaax lacageed dadka Maraykanka ah ee aan awoodin inay iibsadaan caymis ama bixiyaan ganaaxyo culus oo dawladeed.,0
4,Waxaan ka mid ahaa kuwii ugu horreeyay ee dhaleeceeya ku degdegista dagaalka (Ir...,"Waxaan ka mid ahaa kuwii ugu horreeyay ee dhaleeceeya degdegga ah ee dagaalka (Ciraaq), iyo haa, xitaa ka hor inta uusan dagaalku bilaaban.",0
5,Wuxuu sheegay in ay jiraan doollar federaal ah oo badan oo ku jira Gov. John Kasichs bud...,Wuxuu sheegay in ay jiraan doollar federaali ah oo ka badan qorshaha miisaaniyadda Gov. John Kasichs marka loo eego miisaaniyaddii hore ee gobolka.,0
6,Waxa uu yidhi Donald Trump waxa uu taageersan yahay ajande halkaas ka jira oo ah in si gaar loo leeyahay...,Waxa uu yidhi Donald Trump waxa uu taageerayaa ajande halkaa ka jira si gaar looga dhigo nidaamka daryeelka caafimaadka ee Arrimaha Veterans.,0
7,Canshuuraha guryuhu hadda 18% way ka sarreeyaan markii (Mark Sharpe) kow...,Canshuuraha guryuhu hadda 18% way ka sarreeyaan markii (Mark Sharpe) markii ugu horreysay ee uu xafiiska la wareegay.,0
8,"In ka badan 100,000 oo haween ah oo ku nool Texas ayaa isku dayay in ay iskood isu soo dhisaan.","In ka badan 100,000 oo haween ah oo ku nool Texas ayaa isku dayay inay iskood iska soo xaaqaan sannadkii la soo dhaafay oo keliya.",0
9,Wuxuu yiri tababaraha kubbadda cagta Rex Ryan wuxuu ku guuleystay horyaalada ...,"Waxa uu yidhi tababaraha kubada cagta ee xirfada leh Rex Ryan ayaa ku guulaystay horyaalada New York. AFC, waxaan filayaa, laba jeer.",0
10,Haddii Madaxweyne Obama saxiixo daawaynta isbedelka cimilada ee Copenhagen...,"Haddii madaxweyne Obama uu saxiixo heshiiska isbeddelka cimilada ee Copenhagen, wuxuu ""sixiixi doonaa xorriyaddaada, dimoqraadiyaddaada, iyo barwaaqadaada weligiin, adiga iyo dawlad kasta oo ku xigta oo aad dooran karto ma lahaan doonto wax awood ah si ay dib ugu soo celiso.""",0
11,Waxa uu sheegay in Romney uu maalgashaday shirkad alaab ka samaysa Shiinaha oo...,Waxa uu yidhi Romney waxa uu maalgashaday shirkad alaabo ka samaynaysa Shiinaha oo laga samayn lahaa halkan America.,0
12,Ayaa sheegtay in dowladda federaalku ay amar ku bixisay in dadka aan galmoodka ahayn (sic) iyo h...,Ayaa sheegtay in dawladda federaalku ay amar ku bixinayso dadka aan isu galmoodin (sic) iyo khaniisiinta inay carruurta ku qabsanayaan aagagga khatarta ah ee shisheeyaha iyagoo adeegsanaya magaca ammaanka garoonka diyaaradaha.,0
13,Bal eeg waxa uu agaasimaha FBI-da ka yidhi iyada (Hillary C...,Bal u fiirso waxa uu agaasimaha FBI-da ka yidhi (Hillary Clinton) dhaqan-xumada ay samaysay waa ceeb iyo ceeb dalkeena.,0
14,Xildhibaanada Aqalka Sare ayaa meel mariyay mushaar kordhin dhan $10...,"Xubnaha Congress-ka waxay ku ansixiyeen mushaar kordhin dhan $10,000 muddo laba sano ah xitaa iyagoo u codeeyay inaanan kor loo qaadin macaashka Lambarka Bulshada 2010 iyo 2011.",0
15,Wuxuu sheegay in ay jiraan doollar federaal ah oo badan oo ku jira Gov. John Kasichs bud...,Wuxuu sheegay in ay jiraan doollar federaali ah oo ka badan qorshaha miisaaniyadda Gov. John Kasichs marka loo eego miisaaniyaddii hore ee gobolka.,0
16,"Qaar ka mid ah kulliyadaha, oo ay ku jiraan AM, ayaa horey u dammaanad qaaday ...","Qaar ka mid ah kulliyadaha, oo ay ku jirto AM, ayaa horey u dammaanad qaaday inaysan kordhin doonin waxbarashadooda.",0
17,Saddex meelood labo ka mid ah dadka ku nool Wisconsin ayaa si adag uga soo horjeeda...,Saddex meelood laba meel dadka Wisconsin ayaa si adag uga soo horjeeda fikradan ah in si joogto ah looga qaado xuquuqda dadka ee gorgortanka wadajirka ah.,0
18,Wuxuu yiri tababaraha kubbadda cagta Rex Ryan wuxuu ku guuleystay horyaalada ...,"Waxa uu yidhi tababaraha kubada cagta ee xirfada leh Rex Ryan ayaa ku guulaystay horyaalada New York. AFC, waxaan filayaa, laba jeer.",0
19,Waxay leedahay warbaahintu waxay abuurtay ereyga polar vortex iyo qabow ai...,Waxay leedahay warbaahintu waxay abuurtay ereyga polar vortex hawada qabowna waxay caddaynaysaa in barafku aanu dhalaalinayn.,0
20,Waxay tiri Cathy Jordan waa la xiray oo laga soo saaray gurigeeda b...,Waxay tiri Cathy Jordan ayaa la xiray oo ay ka soo saareen gurigeeda koox SWAT ah oo hooligan ah si ay u isticmaasho marijuana caafimaad.,0
21,Ayaa sheegay in Adeegga Boostada Maraykanku aanay qaadan wax gargaar cashuur bixiye ah tan iyo markii...,"Waxa uu leeyahay Adeegga Boostada Maraykanku ma qaadin wax gargaar cashuur bixiye ah ilaa 1971, waxa ay maalgelisaa hawlaha gabi ahaan iibinta stamps iyo alaabta la xidhiidha oo waxa ay samaysaa faa'iido hawl gal sanadba sanadka ka dambeeya.",0
22,Waxa uu yidhi Madaxweyne Obama waxa uu afduubay biilka beeraha (oo) waxa uu u rogay i...,Waxa uu yidhi Madaxweyne Obama waxa uu afduubay biilka beeraha (oo) waxa uu ka dhigay biilka cuntada.,0
23,Frank Guinta ayaa u codeeyay in cashuur bixiyayaasha dabaqadda dhexe ay bixiyaan lacag ka badan...,"Frank Guinta ayaa u codeeyay in cashuur bixiyayaasha dabaqadda dhexe ay bixiyaan in ka badan $1,000 oo dheeraad ah sannadkii.",0
24,"Wuxuu yidhi Mitt Romney wuxuu taageeray sharcia dhammaan ilmo iska soo rididda, e...","Wuxuu yidhi Mitt Romney wuxuu taageeray sharci mamnuucaya dhammaan ilmo iska soo rididda, xitaa kiisaska kufsiga iyo jinsiga.",0
25,Wuxuu sheegay in qaraarka Senate-ka uu soo celin doono $140 bishiiba...,Wuxuu sheegay in qaraarka Senate-ka uu soo celin doono $140 lacagihii kaalmada guud ee bishii iyo ka hortagga dadka inay dambi galaan.,0
26,Marka kaliya ee shaqada dawladdu hoos u dhacday intii lagu jiray...,Marka kaliya ee shaqaalaynta dawladdu hoos u dhacday inta lagu jiro dhaqaale-xumada ayaa aniga hoos ii dhacday.,0
27,Guddiga dib u soo celinta dhaqangelinta ee gobolka ee dhawaan la sameeyay...,"Guddiga dib u eegista dhaqangelinta socdaalka ee gobolka ee dhawaan la sameeyay ayaa dhab ahaantii dacwayn kara, oo ku ridi kara [xukun] xabsiga, haddii aanu keenno xeer ilaaliyaha guud.",0
28,"Mashruuca Buffalos SolarCity, Andrew Cuomo wuxuu abuuri doonaa laga yaabee ...","Mashruuca Buffalos SolarCity, Andrew Cuomo wuxuu abuuri doonaa laga yaabee 500 shaqo haddii ay weligeed dhacdo, qiyaastii $1.5 milyan shaqa kasta.",0
29,Qofka iga soo waxa uu ballan qaadayaa in uu soo celin doono shaqada hore isaga oo raba in uu iska tago...,Qofka iga soo horjeeda wuxuu ballan qaadayaa inuu soo celin doono shaqooyin hore isagoo u rajeeyay dhaqaalaha adduunka.,0
30,Saraakiisha Medicare waxay ula dhaqmeen Humana iyo AARP si aan is waafaqsanayn,Saraakiisha Medicare waxay ula dhaqmeen Humana iyo AARP si aan joogto ahayn sida ay ula xiriiri karaan waayeelka.,0
31,Donald Trump ayaa sheegay in dowladda ay bixineyso qarashka ku baxaya...,Wuxuu yidhi Donald Trump wuxuu sheegay in dawladdu ay bixinayso kharashka qof walba si uu u helo daryeel caafimaad.,0
32,Waxay tiri Cathy Jordan waa la xiray oo laga soo saaray gurigeeda b...,Waxay tiri Cathy Jordan ayaa la xiray oo ay ka soo saareen gurigeeda koox SWAT ah oo hooligan ah si ay u isticmaasho marijuana caafimaad.,0
33,Haddii Madaxweyne Obama saxiixo daawaynta isbedelka cimilada ee Copenhagen...,"Haddii madaxweyne Obama uu saxiixo heshiiska isbeddelka cimilada ee Copenhagen, wuxuu ""sixiixi doonaa xorriyaddaada, dimoqraadiyaddaada, iyo barwaaqadaada weligiin, adiga iyo dawlad kasta oo ku xigta oo aad dooran karto ma lahaan doonto wax awood ah si ay dib ugu soo celiso.""",0
34,Waxaan bixinaa PhD-da sanad walba in ka badan jaamacad kale ee A...,Waxaan bixinaa PhDs ka badan sanad walba marka loo eego jaamacadaha kale ee Ameerika marka laga reebo Berkeley.,0
35,Canshuuraha guryuhu hadda 18% way ka sarreeyaan markii (Mark Sharpe) kow...,Canshuuraha guryuhu hadda 18% way ka sarreeyaan markii (Mark Sharpe) markii ugu horreysay ee uu xafiiska la wareegay.,0
36,Ayaa sheegtay in dowladda federaalku ay amar ku bixisay in dadka aan galmoodka ahayn (sic) iyo h...,Ayaa sheegtay in dawladda federaalku ay amar ku bixinayso dadka aan isu galmoodin (sic) iyo khaniisiinta inay carruurta ku qabsanayaan aagagga khatarta ah ee shisheeyaha iyagoo adeegsanaya magaca ammaanka garoonka diyaaradaha.,0
37,Is-dilku wuxuu ka imaanayaa calaamad ah ee waaweyn oo leh ...,Is-dilku wuxuu ka yimaadaa dawladda dhexe ee waaweyn oo leh waxba uma qalantid laakiin waxaad ku heli doontaa wax aan waxba ahayn.,0
38,Ku dhawaad ​​800 oo qof ayaa diiday in laga baaro daroogada sababtoo ah...,Qiyaastii 800 oo qof ayaa diiday in la sameeyo baaris daroogo sababtoo ah waxay u joogaan mukhaadaraad.,0
39,Xirmada dhiirigelinta waxaa ku jira sharci ka soo horjeeda Masiixi...,"Xirmada dhiirigelinta waxaa ku jira sharci lid ku ah Masiixiyiinta kaas oo joojin doona kaniisadaha inay u isticmaalaan dugsiyada dadweynaha kulannada axada, iyo sidoo kale Boy Scouts iyo kooxaha ardada barta Kitaabka Quduuska ah.",0
40,Waxaan ka mid ahaa kuwii ugu horreeyay ee dhaleeceeya ku degdegista dagaalka (Ir...,"Waxaan ka mid ahaa kuwii ugu horreeyay ee dhaleeceeya degdegga ah ee dagaalka (Ciraaq), iyo haa, xitaa ka hor inta uusan dagaalku bilaaban.",0
41,Waxay tiri Cathy Jordan waa la xiray oo laga soo saaray gurigeeda b...,Waxay tiri Cathy Jordan ayaa la xiray oo ay ka soo saareen gurigeeda koox SWAT ah oo hooligan ah si ay u isticmaasho marijuana caafimaad.,0
42,Ayaa sheegtay in dowladda federaalku ay amar ku bixisay in dadka aan galmoodka ahayn (sic) iyo h...,Ayaa sheegtay in dawladda federaalku ay amar ku bixinayso dadka aan isu galmoodin (sic) iyo khaniisiinta inay carruurta ku qabsanayaan aagagga khatarta ah ee shisheeyaha iyagoo adeegsanaya magaca ammaanka garoonka diyaaradaha.,0
43,Sen. Hutchison waxa uu ka tagey Jamhuuriyiintii oo uu la saftay Dimuqraadiga...,Sen. Hutchison wuu ka tagay Jamhuuriyiintii wuxuuna la istaagay Dimuqraadiyiinta si loo hubiyo in sharciga daryeelka caafimaadku si dhakhso ah u gudbi doono.,0
44,Shirkadda ay dawladdu kiraysanayso ee qiimaynaysa ardayda ay dawladdu u xilsaartay...,Shirkadda ay dawladdu kiraysanayso ee qiimeeya imtixaannada ardayda ee gobolku waajibiyay waxay ku baxaysaa Craigslist si ay u hesho imtaxaanayaal si ay u akhriyaan qoraallada ardaydeenna.,0
45,Haddii Madaxweyne Obama saxiixo daawaynta isbedelka cimilada ee Copenhagen...,"Haddii madaxweyne Obama uu saxiixo heshiiska isbeddelka cimilada ee Copenhagen, wuxuu ""sixiixi doonaa xorriyaddaada, dimoqraadiyaddaada, iyo barwaaqadaada weligiin, adiga iyo dawlad kasta oo ku xigta oo aad dooran karto ma lahaan doonto wax awood ah si ay dib ugu soo celiso.""",0
46,Barasaabkii hore ee Alaska Sarah Palin ayaa ku saxnayd in madaxweynaha...,"Guddoomiyihii hore ee Alaska Sarah Palin waxay ku saxsanayd in sharciga daryeelka caafimaadka ee Madaxweyne Barack Obama uu abuuray waxa, dhab ahaan, noqon lahaa guddiyada dhimashada.",0
47,"27-kii bilood ee la soo dhaafay, Madaxweyne Barack Obama waxa uu abuuray...","27-kii bilood ee la soo dhaafay, Madaxweyne Barack Obama waxa uu abuuray shaqooyin ka badan kuwa gaarka loo leeyahay marka loo eego soo kabashada Reagan.",0
48,Waxa uu sheegay in Madaxweyne Barack Obama uu ballan qaaday inuu la shaqeyn doono...,"Waxa uu sheegay in iyada oo Madaxweyne Barack Obama uu ballan qaaday in uu la shaqayn doono loo-shaqeeyahaaga si uu hoos ugu dhigo khidmadahaaga $2,500 qoyskiiba sannadkii, sharcigiisa daryeelka caafimaadku waxa uu kor u qaadayaa khidmadaha suuqa gaarka ah $2,100 qoyskiiba.",0
49,"McCain ""wuxuu u codeeyay inuu dhimo maalgelinta waxbarashada, isagoo ka soo horjeeda la xisaabtanka","McCain ""wuxuu u codeeyay inuu dhimo maalgelinta waxbarashada, isagoo ka soo horjeeda heerarka isla xisaabtanka. Wuxuu xitaa soo jeediyay in la baabi'iyo Waaxda Waxbarashada.""",0
50,Miisaaniyadda Madaxweyne Barack Obama ayaa khatar ku ah amniga qaranka b...,Miisaaniyadda Madaxweyne Barack Obamas waxay khatar ku tahay amniga qaranka isagoo soo jeedinaya Ciidan ka kooban shaqaale ka yar kuwii aan haysanay ka hor Pearl Harbor.,0
51,Guddiga dib u soo celinta dhaqangelinta ee gobolka ee dhawaan la sameeyay...,"Guddiga dib u eegista dhaqangelinta socdaalka ee gobolka ee dhawaan la sameeyay ayaa dhab ahaantii dacwayn kara, oo ku ridi kara [xukun] xabsiga, haddii aanu keenno xeer ilaaliyaha guud.",0
52,Sen. Hutchison waxa uu ka tagey Jamhuuriyiintii oo uu la saftay Dimuqraadiga...,Sen. Hutchison wuu ka tagay Jamhuuriyiintii wuxuuna la istaagay Dimuqraadiyiinta si loo hubiyo in sharciga daryeelka caafimaadku si dhakhso ah u gudbi doono.,0
53,Boqolkiiba 95 lacagta loo isticmaalo ururka shaqaalaha wor...,Boqolkiiba shan iyo sagaashan lacagta loo isticmaalo xarumaha tababarka shaqaalaha ee ay ku shaqeeyaan ururka waxay ka yimaadaan loo shaqeeyayaasha.,0
54,Codbixinta ayaa muujineysa in Floridians aysan dooneynin inay baabi'iyaan lacagta la awoodi karo…,Ra'yi ururintu waxay muujinayaan in Floridians aysan rabin inay tirtiraan Sharciga Daryeelka La awoodi karo.,0
55,Hindise sharciyeedka gobolka ayaa soo afjari doona shuruudihii muddada dheer ee ahaa in deegaanka...,Hindise-sharciyeedka gobolku waxa uu soo afjarayaa shuruudii muddada dheer u baahnayd ee ah in dawladaha hoose ay dayactiraan waddooyinka waaweyn iyo laamiyada-- oo ay ka horjoogsadaan muwaadiniinta dhaawaca ah in ay dacweeyaan dayactirka la dayacay.,0
56,Way adag tahay in dadka Portland ku nool ay Haa ugu codeeyaan mea...,"Way adag tahay in dadka Portland ku nool ay Haa ugu codeeyaan cabbirada codbixinta, gaar ahaan marka ay jiraan mucaarad.",0
57,Codbixinta ayaa muujineysa in Floridians aysan dooneynin inay baabi'iyaan lacagta la awoodi karo…,Ra'yi ururintu waxay muujinayaan in Floridians aysan rabin inay tirtiraan Sharciga Daryeelka La awoodi karo.,0
58,"Xiligii Madaxweyne Barack Obama, 8.3 (milyan) oo Maraykan ah ayaa ka yar ...","Xilligii Madaxweyne Barack Obama, 8.3 (milyan) oo Maraykan ah ayaa shaqeeya maanta in ka yar sidii ay ahaayeen afar sano ka hor.",0
59,Shirkadda ay dawladdu kiraysanayso ee qiimaynaysa ardayda ay dawladdu u xilsaartay...,Shirkadda ay dawladdu kiraysanayso ee qiimeeya imtixaannada ardayda ee gobolku waajibiyay waxay ku baxaysaa Craigslist si ay u hesho imtaxaanayaal si ay u akhriyaan qoraallada ardaydeenna.,0
60,Madaxweyne Obama ayaa sheegay in shaqo la’aanta ay ka hooseyso 8...,Waxa uu yidhi Madaxweyne Obama waxa uu ballan qaaday in shaqo la'aanta ay ka hoosayso 8 boqolkiiba haddii kicinta la dhaafo.,0
61,Waxay tiri Cathy Jordan waa la xiray oo laga soo saaray gurigeeda b...,Waxay tiri Cathy Jordan ayaa la xiray oo ay ka soo saareen gurigeeda koox SWAT ah oo hooligan ah si ay u isticmaasho marijuana caafimaad.,0
62,"Waxa uu sheegay in uu ahaa saldhigga gobolka Utah, uu markii la shaqeeyay s ...","Wuxuu sheegay in markii uu ahaa guddoomiyaha Utah, uu la shaqeeyay Sharci-dejinta gobolka si loo abuuro canshuur siman oo dhimaysa canshuurta dakhliga boqolkiiba 30.",0
63,"Waxa uu sheegay in uu ahaa saldhigga gobolka Utah, uu markii la shaqeeyay s ...","Wuxuu sheegay in markii uu ahaa guddoomiyaha Utah, uu la shaqeeyay Sharci-dejinta gobolka si loo abuuro canshuur siman oo dhimaysa canshuurta dakhliga boqolkiiba 30.",0
64,Saddex meelood labo meel Granite States ayaa kasoo horjeeda xisbiga Shaaha iyo xisbigiisa...,Saddex meelood laba meel Granite States waxay ka soo horjeedaan Xisbiga Shaaha iyo ajandihiisa ku saabsan ururada shaqaalaha.,0
65,Canshuuraha guryuhu hadda 18% way ka sarreeyaan markii (Mark Sharpe) kow...,Canshuuraha guryuhu hadda 18% way ka sarreeyaan markii (Mark Sharpe) markii ugu horreysay ee uu xafiiska la wareegay.,0
66,Wuxuu sheegay in ay jiraan doollar federaal ah oo badan oo ku jira Gov. John Kasichs bud...,Wuxuu sheegay in ay jiraan doollar federaali ah oo ka badan qorshaha miisaaniyadda Gov. John Kasichs marka loo eego miisaaniyaddii hore ee gobolka.,0
67,"In ka badan 100,000 oo haween ah oo ku nool Texas ayaa isku dayay in ay iskood isu soo dhisaan.","In ka badan 100,000 oo haween ah oo ku nool Texas ayaa isku dayay inay iskood iska soo xaaqaan sannadkii la soo dhaafay oo keliya.",0
68,Waxay leedahay warbaahintu waxay abuurtay ereyga polar vortex iyo qabow ai...,Waxay leedahay warbaahintu waxay abuurtay ereyga polar vortex hawada qabowna waxay caddaynaysaa in barafku aanu dhalaalinayn.,0
69,Wendy Davis waxay kaliya ku samaynaysay lacag ururin Chicago,Wendy Davis waxa ay Chicago ka samaynaysay dhaqaale ururin iyada oo la kaashanaysa ururka hantiwadaaga caalamiga ah.,0
70,"Inkasta oo ay ka soo horjeesteen naadiga qaranka ee kobaca, naadiga G...","In kasta oo ay ka soo horjeedaan Naadiga kobaca qaranka, Naadiga Kobaca Wisconsin ayaa u ansixiyay Senetka Mareykanka.",0
71,"Ohio, waxaan ku maal galinay caruurteena, anagoo kordhinayna maalgelinta iskuulka...","Ohio, waxaanu maal galinay caruurteena, anagoo ku kordhinay maalgelinta dugsiga 5.5 boqolkiiba miisaaniyadii u dambaysay.",0
72,Adigoo isticmaalaya daldaloolo yar oo la yaqaan ... Minions Obama waa la oggol yahay ...,Adigoo isticmaalaya daldaloolo yar oo la yaqaan ... Minions Obama waxay u oggolaanayaan Shirkadda Nestle inay ka dhoofiso biyaha macaan ee qaaliga ah harada Michigan.,0
73,"27-kii bilood ee la soo dhaafay, Madaxweyne Barack Obama waxa uu abuuray...","27-kii bilood ee la soo dhaafay, Madaxweyne Barack Obama waxa uu abuuray shaqooyin ka badan kuwa gaarka loo leeyahay marka loo eego soo kabashada Reagan.",0
74,Wuxuu yiri xildhibaanka Miami Carlos Curbelo wuxuu taageersan yahay qodista qodista...,Waxa uu yidhi xildhibaanka Miami Carlos Curbelo waxa uu taageersan yahay qodista xeebaha waxana uu si isdaba joog ah uga codeeyay awoodda madaxweyne Obama ee la dagaalanka wasakhowga iyo la dagaalanka isbedelka cimilada.,0
75,Waxa uu sheegay in Madaxweyne Barack Obama uu ballan qaaday inuu la shaqeyn doono...,"Waxa uu sheegay in iyada oo Madaxweyne Barack Obama uu ballan qaaday in uu la shaqayn doono loo-shaqeeyahaaga si uu hoos ugu dhigo khidmadahaaga $2,500 qoyskiiba sannadkii, sharcigiisa daryeelka caafimaadku waxa uu kor u qaadayaa khidmadaha suuqa gaarka ah $2,100 qoyskiiba.",0
76,"Barack Obama ""wuxuu doonayaa in dowladda ay la wareegto daryeelka caafimaadka,...","Barack Obama ""wuxuu rabaa in dowladdu ay la wareegto daryeelka caafimaadka, ku bixiso boqolaal bilyan oo doolar oo lacag cusub ah caymiska caafimaadka qof walba.""",0
77,Waxa uu yidhi Donald Trump waxa uu taageersan yahay ajande halkaas ka jira oo ah in si gaar loo leeyahay...,Waxa uu yidhi Donald Trump waxa uu taageerayaa ajande halkaa ka jira si gaar looga dhigo nidaamka daryeelka caafimaadka ee Arrimaha Veterans.,0
78,"Si qarsoodi ah, iyadoo aan la ogeyn xubnaha Congress-ka, in ka badan $105 biil...","Si qarsoodi ah, iyadoo aan la ogeyn xubnaha Congress-ka, in ka badan 105 bilyan ayaa lagu qariyay sharciga Obamacare.",0
79,Hindise sharciyeedka gobolka ayaa soo afjari doona shuruudihii muddada dheer ee ahaa in deegaanka...,Hindise-sharciyeedka gobolku waxa uu soo afjarayaa shuruudii muddada dheer u baahnayd ee ah in dawladaha hoose ay dayactiraan waddooyinka waaweyn iyo laamiyada-- oo ay ka horjoogsadaan muwaadiniinta dhaawaca ah in ay dacweeyaan dayactirka la dayacay.,0
80,"Hadda, Golaha Wakiilada, waxaan leenahay 40 kala duwan oo j...","Hadda, Golaha Wakiillada, waxaanu haynaa 40 xeer oo kala duwan oo shaqo ah oo la ansixiyay oo ku dhawaad ​​dhamaantood ahaayeen laba xisbi.",0
81,Sagaal boqol oo qof ayaa shaqada laga eryay tan iyo markii aan xoghayaha noqday...,Sagaal boqol oo qof ayaa shaqada laga eryay tan iyo markii aan xoghaye ka noqday (Arimaha Veterans). Waxa aanu helnay 60 qof oo aanu shaqada ka ceyrinay kuwaas oo wakhtiyada sugitaan wax-ka-qabtay.,0
82,Xirmada dhiirigelinta waxaa ku jira sharci ka soo horjeeda Masiixi...,"Xirmada dhiirigelinta waxaa ku jira sharci lid ku ah Masiixiyiinta kaas oo joojin doona kaniisadaha inay u isticmaalaan dugsiyada dadweynaha kulannada axada, iyo sidoo kale Boy Scouts iyo kooxaha ardada barta Kitaabka Quduuska ah.",0
83,"Hadda, Golaha Wakiilada, waxaan leenahay 40 kala duwan oo j...","Hadda, Golaha Wakiillada, waxaanu haynaa 40 xeer oo kala duwan oo shaqo ah oo la ansixiyay oo ku dhawaad ​​dhamaantood ahaayeen laba xisbi.",0
84,Qofka iga soo waxa uu ballan qaadayaa in uu soo celin doono shaqada hore isaga oo raba in uu iska tago...,Qofka iga soo horjeeda wuxuu ballan qaadayaa inuu soo celin doono shaqooyin hore isagoo u rajeeyay dhaqaalaha adduunka.,0
85,Waxay tiri Cathy Jordan waa la xiray oo laga soo saaray gurigeeda b...,Waxay tiri Cathy Jordan ayaa la xiray oo ay ka soo saareen gurigeeda koox SWAT ah oo hooligan ah si ay u isticmaasho marijuana caafimaad.,0
86,"Wuxuu yidhi Mitt Romney wuxuu taageeray sharcia dhammaan ilmo iska soo rididda, e...","Wuxuu yidhi Mitt Romney wuxuu taageeray sharci mamnuucaya dhammaan ilmo iska soo rididda, xitaa kiisaska kufsiga iyo jinsiga.",0
87,Waxa uu sheegay in Romney uu maalgashaday shirkad alaab ka samaysa Shiinaha oo...,Waxa uu yidhi Romney waxa uu maalgashaday shirkad alaabo ka samaynaysa Shiinaha oo laga samayn lahaa halkan America.,0
88,Frank Guinta ayaa u codeeyay in cashuur bixiyayaasha dabaqadda dhexe ay bixiyaan lacag ka badan...,"Frank Guinta ayaa u codeeyay in cashuur bixiyayaasha dabaqadda dhexe ay bixiyaan in ka badan $1,000 oo dheeraad ah sannadkii.",0
89,"Xiligii Madaxweyne Barack Obama, 8.3 (milyan) oo Maraykan ah ayaa ka yar ...","Xilligii Madaxweyne Barack Obama, 8.3 (milyan) oo Maraykan ah ayaa shaqeeya maanta in ka yar sidii ay ahaayeen afar sano ka hor.",0
90,Codbixinta ayaa muujineysa in Floridians aysan dooneynin inay baabi'iyaan lacagta la awoodi karo…,Ra'yi ururintu waxay muujinayaan in Floridians aysan rabin inay tirtiraan Sharciga Daryeelka La awoodi karo.,0
91,Frank Guinta ayaa u codeeyay in cashuur bixiyayaasha dabaqadda dhexe ay bixiyaan lacag ka badan...,"Frank Guinta ayaa u codeeyay in cashuur bixiyayaasha dabaqadda dhexe ay bixiyaan in ka badan $1,000 oo dheeraad ah sannadkii.",0
92,Haddii aad iibiso gurigaaga wixii ka dambeeya 2012 waxaad bixin doontaa boqolkiiba 3.8...,Haddii aad iibiso gurigaaga wixii ka dambeeya 2012 waxaad ka bixin doontaa boqolkiiba 3.8 canshuurta iibka.,0
93,Madaxweyne Obama ayaa sheegay in shaqo la’aanta ay ka hooseyso 8...,Waxa uu yidhi Madaxweyne Obama waxa uu ballan qaaday in shaqo la'aanta ay ka hoosayso 8 boqolkiiba haddii kicinta la dhaafo.,0
94,"Waxaan leenahay magaalooyin ku yaal Galbeedka Texas oo aan biyuhu lahayn, kuwaas oo ah ...","Waxaan leenahay magaalooyin ku yaal Galbeedka Texas oo ay ka maqan yihiin biyaha, kuwaas oo ay tahay in ay biyo ku dhaamiyaan.",0
95,"McCain ""wuxuu u codeeyay inuu dhimo maalgelinta waxbarashada, isagoo ka soo horjeeda la xisaabtanka","McCain ""wuxuu u codeeyay inuu dhimo maalgelinta waxbarashada, isagoo ka soo horjeeda heerarka isla xisaabtanka. Wuxuu xitaa soo jeediyay in la baabi'iyo Waaxda Waxbarashada.""",0
96,Waxaan bixinaa PhD-da sanad walba in ka badan jaamacad kale ee A...,Waxaan bixinaa PhDs ka badan sanad walba marka loo eego jaamacadaha kale ee Ameerika marka laga reebo Berkeley.,0
97,Wuxuu yiri tababaraha kubbadda cagta Rex Ryan wuxuu ku guuleystay horyaalada ...,"Waxa uu yidhi tababaraha kubada cagta ee xirfada leh Rex Ryan ayaa ku guulaystay horyaalada New York. AFC, waxaan filayaa, laba jeer.",0
98,Ayaa sheegay in Adeegga Boostada Maraykanku aanay qaadan wax gargaar cashuur bixiye ah tan iyo markii...,"Waxa uu leeyahay Adeegga Boostada Maraykanku ma qaadin wax gargaar cashuur bixiye ah ilaa 1971, waxa ay maalgelisaa hawlaha gabi ahaan iibinta stamps iyo alaabta la xidhiidha oo waxa ay samaysaa faa'iido hawl gal sanadba sanadka ka dambeeya.",0
99,(Madaxweyne Barack Obama) ayaa sheegay in shaqo la’aantu aysan waligeed g...,(Madaxweyne Barack Obama) wuxuu sheegay in shaqo la'aantu aysan weligeed dhaafi doonin 8 boqolkiiba haddii aan gudbino qorshaha kicinta.,0
100,Waxaan ka mid ahaa kuwii ugu horreeyay ee dhaleeceeya ku degdegista dagaalka (Ir...,"Waxaan ka mid ahaa kuwii ugu horreeyay ee dhaleeceeya degdegga ah ee dagaalka (Ciraaq), iyo haa, xitaa ka hor inta uusan dagaalku bilaaban.",0
101,Waxaan u dhimi karnaa shaqo la'aanta kala bar si fudud annaga oo dib u soo ceshanno j...,Waxaan shaqo la'aanta u dhimi karnaa kala bar si fudud innagoo dib u soo ceshanayna shaqooyinkii ay qabteen shaqaalaha sharci darrada ah.,0
102,"In ka badan 100,000 oo haween ah oo ku nool Texas ayaa isku dayay in ay iskood isu soo dhisaan.","In ka badan 100,000 oo haween ah oo ku nool Texas ayaa isku dayay inay iskood iska soo xaaqaan sannadkii la soo dhaafay oo keliya.",0
103,"Si qarsoodi ah, iyadoo aan la ogeyn xubnaha Congress-ka, in ka badan $105 biil...","Si qarsoodi ah, iyadoo aan la ogeyn xubnaha Congress-ka, in ka badan 105 bilyan ayaa lagu qariyay sharciga Obamacare.",0
104,"27-kii bilood ee la soo dhaafay, Madaxweyne Barack Obama waxa uu abuuray...","27-kii bilood ee la soo dhaafay, Madaxweyne Barack Obama waxa uu abuuray shaqooyin ka badan kuwa gaarka loo leeyahay marka loo eego soo kabashada Reagan.",0
105,Ciidamada badda ayaa dacwad ku soo oogaya sarkaal ka tirsan ciidamada badda oo toogtay...,Ciidanka badda ayaa dacwad ku soo oogaya sarkaal ka tirsan ciidamada badda oo toogtay toogashadii Chattanooga ka dib markii uu si sharci darro ah hub ugu furay hanti federaal ah.,0
106,Nidaamka xogta ee la socda Common Core waxaa loo qaabeeyey t...,"Nidaamka xogta ee la socda Core Common waxaa loogu talagalay in lagu ururiyo ilaa 400 dhibcood ilmo kasta, taas oo ay ku jiri karto xogta shakhsi ahaan lagu aqoonsan karo.",0
107,"Hadda, Golaha Wakiilada, waxaan leenahay 40 kala duwan oo j...","Hadda, Golaha Wakiillada, waxaanu haynaa 40 xeer oo kala duwan oo shaqo ah oo la ansixiyay oo ku dhawaad ​​dhamaantood ahaayeen laba xisbi.",0
108,Miisaaniyadda Madaxweyne Barack Obama ayaa khatar ku ah amniga qaranka b...,Miisaaniyadda Madaxweyne Barack Obamas waxay khatar ku tahay amniga qaranka isagoo soo jeedinaya Ciidan ka kooban shaqaale ka yar kuwii aan haysanay ka hor Pearl Harbor.,0
109,Maraykanku kama mid ahayn 16 waddan oo David Pe...,Mareykanka ayaan ka mid ahayn 16 wadan oo David Perdue uu ku sheegay in Pillowtex uu shaqo ka abuuray.,0
110,"Xiligii Madaxweyne Barack Obama, 8.3 (milyan) oo Maraykan ah ayaa ka yar ...","Xilligii Madaxweyne Barack Obama, 8.3 (milyan) oo Maraykan ah ayaa shaqeeya maanta in ka yar sidii ay ahaayeen afar sano ka hor.",0
111,Wuxuu sheegay in ay jiraan doollar federaal ah oo badan oo ku jira Gov. John Kasichs bud...,Wuxuu sheegay in ay jiraan doollar federaali ah oo ka badan qorshaha miisaaniyadda Gov. John Kasichs marka loo eego miisaaniyaddii hore ee gobolka.,0
112,Wuxuu yiri tababaraha kubbadda cagta Rex Ryan wuxuu ku guuleystay horyaalada ...,"Waxa uu yidhi tababaraha kubada cagta ee xirfada leh Rex Ryan ayaa ku guulaystay horyaalada New York. AFC, waxaan filayaa, laba jeer.",0
113,Frank Guinta ayaa u codeeyay in cashuur bixiyayaasha dabaqadda dhexe ay bixiyaan lacag ka badan...,"Frank Guinta ayaa u codeeyay in cashuur bixiyayaasha dabaqadda dhexe ay bixiyaan in ka badan $1,000 oo dheeraad ah sannadkii.",0
114,Qofka iga soo waxa uu ballan qaadayaa in uu soo celin doono shaqada hore isaga oo raba in uu iska tago...,Qofka iga soo horjeeda wuxuu ballan qaadayaa inuu soo celin doono shaqooyin hore isagoo u rajeeyay dhaqaalaha adduunka.,0
115,Waxaan bixinaa PhD-da sanad walba in ka badan jaamacad kale ee A...,Waxaan bixinaa PhDs ka badan sanad walba marka loo eego jaamacadaha kale ee Ameerika marka laga reebo Berkeley.,0
116,Waxaa jira kharashyo maamul oo sarreeya marka aad ku deeqdo Haiti...,Waxaa jira kharashyo maamul oo sarreeya marka aad ku deeqdo gargaarka Haiti iyada oo loo marayo Mareegta Aqalka Cad.,0
117,Canshuuraha guryuhu hadda 18% way ka sarreeyaan markii (Mark Sharpe) kow...,Canshuuraha guryuhu hadda 18% way ka sarreeyaan markii (Mark Sharpe) markii ugu horreysay ee uu xafiiska la wareegay.,0
118,Wuxuu sheegay in dib u habeynta daryeelka caafimaadka qaranka ay tahay mid ay dowladdu la wareegtay...,Waxa uu leeyahay dib u habaynta daryeelka caafimaadka qaranka waa la wareegida dawladda ee daryeelka caafimaadka.,0
119,Hindise sharciyeedka gobolka ayaa soo afjari doona shuruudihii muddada dheer ee ahaa in deegaanka...,Hindise-sharciyeedka gobolku waxa uu soo afjarayaa shuruudii muddada dheer u baahnayd ee ah in dawladaha hoose ay dayactiraan waddooyinka waaweyn iyo laamiyada-- oo ay ka horjoogsadaan muwaadiniinta dhaawaca ah in ay dacweeyaan dayactirka la dayacay.,0
120,"Si qarsoodi ah, iyadoo aan la ogeyn xubnaha Congress-ka, in ka badan $105 biil...","Si qarsoodi ah, iyadoo aan la ogeyn xubnaha Congress-ka, in ka badan 105 bilyan ayaa lagu qariyay sharciga Obamacare.",0
121,"Wuxuu yidhi Mitt Romney wuxuu taageeray sharcia dhammaan ilmo iska soo rididda, e...","Wuxuu yidhi Mitt Romney wuxuu taageeray sharci mamnuucaya dhammaan ilmo iska soo rididda, xitaa kiisaska kufsiga iyo jinsiga.",0
122,Waxay tiri Cathy Jordan waa la xiray oo laga soo saaray gurigeeda b...,Waxay tiri Cathy Jordan ayaa la xiray oo ay ka soo saareen gurigeeda koox SWAT ah oo hooligan ah si ay u isticmaasho marijuana caafimaad.,0
123,"Xiligii Madaxweyne Barack Obama, 8.3 (milyan) oo Maraykan ah ayaa ka yar ...","Xilligii Madaxweyne Barack Obama, 8.3 (milyan) oo Maraykan ah ayaa shaqeeya maanta in ka yar sidii ay ahaayeen afar sano ka hor.",0
124,Sagaal boqol oo qof ayaa shaqada laga eryay tan iyo markii aan xoghayaha noqday...,Sagaal boqol oo qof ayaa shaqada laga eryay tan iyo markii aan xoghaye ka noqday (Arimaha Veterans). Waxa aanu helnay 60 qof oo aanu shaqada ka ceyrinay kuwaas oo wakhtiyada sugitaan wax-ka-qabtay.,0
125,"Mashruuca Buffalos SolarCity, Andrew Cuomo wuxuu abuuri doonaa laga yaabee ...","Mashruuca Buffalos SolarCity, Andrew Cuomo wuxuu abuuri doonaa laga yaabee 500 shaqo haddii ay weligeed dhacdo, qiyaastii $1.5 milyan shaqa kasta.",0
126,Wuxuu yiri xildhibaanka Miami Carlos Curbelo wuxuu taageersan yahay qodista qodista...,Waxa uu yidhi xildhibaanka Miami Carlos Curbelo waxa uu taageersan yahay qodista xeebaha waxana uu si isdaba joog ah uga codeeyay awoodda madaxweyne Obama ee la dagaalanka wasakhowga iyo la dagaalanka isbedelka cimilada.,0
127,Waxa uu yidhi Mike Dovilla waxa uu taageersan yahay qorshe u ogolaan kara ajaanib...,Wuxuu yiri Mike Dovilla wuxuu taageersan yahay qorshe u oggolaanaya shirkad ajnabi ah inay la wareegto Ohio Turnpike,0
128,Waxa uu yidhi Donald Trump waxa uu taageersan yahay ajande halkaas ka jira oo ah in si gaar loo leeyahay...,Waxa uu yidhi Donald Trump waxa uu taageerayaa ajande halkaa ka jira si gaar looga dhigo nidaamka daryeelka caafimaadka ee Arrimaha Veterans.,0
129,Way adag tahay in dadka Portland ku nool ay Haa ugu codeeyaan mea...,"Way adag tahay in dadka Portland ku nool ay Haa ugu codeeyaan cabbirada codbixinta, gaar ahaan marka ay jiraan mucaarad.",0
130,"McCain ""wuxuu u codeeyay inuu dhimo maalgelinta waxbarashada, isagoo ka soo horjeeda la xisaabtanka","McCain ""wuxuu u codeeyay inuu dhimo maalgelinta waxbarashada, isagoo ka soo horjeeda heerarka isla xisaabtanka. Wuxuu xitaa soo jeediyay in la baabi'iyo Waaxda Waxbarashada.""",0
131,"Keystone XL wuxuu u oggolaanayaa Kanada inay soo saarto saliiddooda, u dirto iyada oo loo marayo ...","Keystone XL wuxuu u oggolaanayaa Kanada inay soo saarto shidaalkooda, u dirto dhulkeena, ilaa Khaliijka, halkaas oo laga iibin doono meel kasta oo kale.",0
132,"Mashruuca Buffalos SolarCity, Andrew Cuomo wuxuu abuuri doonaa laga yaabee ...","Mashruuca Buffalos SolarCity, Andrew Cuomo wuxuu abuuri doonaa laga yaabee 500 shaqo haddii ay weligeed dhacdo, qiyaastii $1.5 milyan shaqa kasta.",0
133,Waxay leedahay warbaahintu waxay abuurtay ereyga polar vortex iyo qabow ai...,Waxay leedahay warbaahintu waxay abuurtay ereyga polar vortex hawada qabowna waxay caddaynaysaa in barafku aanu dhalaalinayn.,0
134,Guddiga dib u soo celinta dhaqangelinta ee gobolka ee dhawaan la sameeyay...,"Guddiga dib u eegista dhaqangelinta socdaalka ee gobolka ee dhawaan la sameeyay ayaa dhab ahaantii dacwayn kara, oo ku ridi kara [xukun] xabsiga, haddii aanu keenno xeer ilaaliyaha guud.",0
135,Guddiga dib u soo celinta dhaqangelinta ee gobolka ee dhawaan la sameeyay...,"Guddiga dib u eegista dhaqangelinta socdaalka ee gobolka ee dhawaan la sameeyay ayaa dhab ahaantii dacwayn kara, oo ku ridi kara [xukun] xabsiga, haddii aanu keenno xeer ilaaliyaha guud.",0
136,Saddex meelood labo ka mid ah dadka ku nool Wisconsin ayaa si adag uga soo horjeeda...,Saddex meelood laba meel dadka Wisconsin ayaa si adag uga soo horjeeda fikradan ah in si joogto ah looga qaado xuquuqda dadka ee gorgortanka wadajirka ah.,0
137,Ku dhawaad ​​800 oo qof ayaa diiday in laga baaro daroogada sababtoo ah...,Qiyaastii 800 oo qof ayaa diiday in la sameeyo baaris daroogo sababtoo ah waxay u joogaan mukhaadaraad.,0
138,Ku dhawaad ​​800 oo qof ayaa diiday in laga baaro daroogada sababtoo ah...,Qiyaastii 800 oo qof ayaa diiday in la sameeyo baaris daroogo sababtoo ah waxay u joogaan mukhaadaraad.,0
139,Waxaa jira kharashyo maamul oo sarreeya marka aad ku deeqdo Haiti...,Waxaa jira kharashyo maamul oo sarreeya marka aad ku deeqdo gargaarka Haiti iyada oo loo marayo Mareegta Aqalka Cad.,0
140,Nidaamka xogta ee la socda Common Core waxaa loo qaabeeyey t...,"Nidaamka xogta ee la socda Core Common waxaa loogu talagalay in lagu ururiyo ilaa 400 dhibcood ilmo kasta, taas oo ay ku jiri karto xogta shakhsi ahaan lagu aqoonsan karo.",0
141,Guddiga dib u soo celinta dhaqangelinta ee gobolka ee dhawaan la sameeyay...,"Guddiga dib u eegista dhaqangelinta socdaalka ee gobolka ee dhawaan la sameeyay ayaa dhab ahaantii dacwayn kara, oo ku ridi kara [xukun] xabsiga, haddii aanu keenno xeer ilaaliyaha guud.",0
142,Maraykanku kama mid ahayn 16 waddan oo David Pe...,Mareykanka ayaan ka mid ahayn 16 wadan oo David Perdue uu ku sheegay in Pillowtex uu shaqo ka abuuray.,0
143,Codbixinta ayaa muujineysa in Floridians aysan dooneynin inay baabi'iyaan lacagta la awoodi karo…,Ra'yi ururintu waxay muujinayaan in Floridians aysan rabin inay tirtiraan Sharciga Daryeelka La awoodi karo.,0
144,Waxaa jira kharashyo maamul oo sarreeya marka aad ku deeqdo Haiti...,Waxaa jira kharashyo maamul oo sarreeya marka aad ku deeqdo gargaarka Haiti iyada oo loo marayo Mareegta Aqalka Cad.,0
145,"Waxa uu sheegay in uu ahaa saldhigga gobolka Utah, uu markii la shaqeeyay s ...","Wuxuu sheegay in markii uu ahaa guddoomiyaha Utah, uu la shaqeeyay Sharci-dejinta gobolka si loo abuuro canshuur siman oo dhimaysa canshuurta dakhliga boqolkiiba 30.",0
146,Magaalada Pembroke Pines ayaan wax cod ah ku lahayn qorshe lagu b...,Magaalada Pembroke Pines ayaan wax cod ah ku lahayn qorshaha lagu dhisayo xarun dadka lagu hayo ee Koonfur Galbeed Ranches.,0
147,Musharaxa senate-ka Mareykanka Jack Kingston waxa uu ku qarash gareeyay doollarkayaga canshuurta...,Musharaxa senate-ka ee Maraykanka Jack Kingston waxa uu doollarkayaga cashuurta ku kharash gareeyey kumanyaal calaamado wasakh ah.,0
148,Wuxuu sheegay in eedeymaha ah inuu sameeyay galmo aan loo baahnayn oo ku saabsan ...,Waxa uu sheegay in eedeymaha ah in uu sameeyay galmo aan la rabin oo uu ku sameeyay haweeney ku xigeen shariif ah ay laba garsoore oo kala duwan ay ku heleen in aysan mudneyn.,0
149,Wuxuu sheegay in ay jiraan doollar federaal ah oo badan oo ku jira Gov. John Kasichs bud...,Wuxuu sheegay in ay jiraan doollar federaali ah oo ka badan qorshaha miisaaniyadda Gov. John Kasichs marka loo eego miisaaniyaddii hore ee gobolka.,0
150,Qofka iga soo waxa uu ballan qaadayaa in uu soo celin doono shaqada hore isaga oo raba in uu iska tago...,Qofka iga soo horjeeda wuxuu ballan qaadayaa inuu soo celin doono shaqooyin hore isagoo u rajeeyay dhaqaalaha adduunka.,0
151,Saddex meelood labo ka mid ah dadka ku nool Wisconsin ayaa si adag uga soo horjeeda...,Saddex meelood laba meel dadka Wisconsin ayaa si adag uga soo horjeeda fikradan ah in si joogto ah looga qaado xuquuqda dadka ee gorgortanka wadajirka ah.,0
152,(Madaxweyne Barack Obama) ayaa sheegay in shaqo la’aantu aysan waligeed g...,(Madaxweyne Barack Obama) wuxuu sheegay in shaqo la'aantu aysan weligeed dhaafi doonin 8 boqolkiiba haddii aan gudbino qorshaha kicinta.,0
153,Hindise sharciyeedka gobolka ayaa soo afjari doona shuruudihii muddada dheer ee ahaa in deegaanka...,Hindise-sharciyeedka gobolku waxa uu soo afjarayaa shuruudii muddada dheer u baahnayd ee ah in dawladaha hoose ay dayactiraan waddooyinka waaweyn iyo laamiyada-- oo ay ka horjoogsadaan muwaadiniinta dhaawaca ah in ay dacweeyaan dayactirka la dayacay.,0
154,"Inkasta oo ay ka soo horjeesteen naadiga qaranka ee kobaca, naadiga G...","In kasta oo ay ka soo horjeedaan Naadiga kobaca qaranka, Naadiga Kobaca Wisconsin ayaa u ansixiyay Senetka Mareykanka.",0
155,Bal eeg waxa uu agaasimaha FBI-da ka yidhi iyada (Hillary C...,Bal u fiirso waxa uu agaasimaha FBI-da ka yidhi (Hillary Clinton) dhaqan-xumada ay samaysay waa ceeb iyo ceeb dalkeena.,0
156,"Inkasta oo ay ka soo horjeesteen naadiga qaranka ee kobaca, naadiga G...","In kasta oo ay ka soo horjeedaan Naadiga kobaca qaranka, Naadiga Kobaca Wisconsin ayaa u ansixiyay Senetka Mareykanka.",0
157,"Waxaan leenahay magaalooyin ku yaal Galbeedka Texas oo aan biyuhu lahayn, kuwaas oo ah ...","Waxaan leenahay magaalooyin ku yaal Galbeedka Texas oo ay ka maqan yihiin biyaha, kuwaas oo ay tahay in ay biyo ku dhaamiyaan.",0
158,"Waxaan leenahay magaalooyin ku yaal Galbeedka Texas oo aan biyuhu lahayn, kuwaas oo ah ...","Waxaan leenahay magaalooyin ku yaal Galbeedka Texas oo ay ka maqan yihiin biyaha, kuwaas oo ay tahay in ay biyo ku dhaamiyaan.",0
159,Wuxuu yiri xildhibaanka Miami Carlos Curbelo wuxuu taageersan yahay qodista qodista...,Waxa uu yidhi xildhibaanka Miami Carlos Curbelo waxa uu taageersan yahay qodista xeebaha waxana uu si isdaba joog ah uga codeeyay awoodda madaxweyne Obama ee la dagaalanka wasakhowga iyo la dagaalanka isbedelka cimilada.,0
160,Maxay ahaayeen hoos u dhacii sanadlaha ahaa ee Jamhuuriga hadda...,Maxay ahaayeen khasaare sanadeedkii hore ee Jamhuuriyiinta ayaa hadda noqday hoos u dhacyada billaha ah ee hoos yimaada Dimuqraadiyiinta.,0
161,Wuxuu sheegay in ay jiraan doollar federaal ah oo badan oo ku jira Gov. John Kasichs bud...,Wuxuu sheegay in ay jiraan doollar federaali ah oo ka badan qorshaha miisaaniyadda Gov. John Kasichs marka loo eego miisaaniyaddii hore ee gobolka.,0
162,Waxay leedahay warbaahintu waxay abuurtay ereyga polar vortex iyo qabow ai...,Waxay leedahay warbaahintu waxay abuurtay ereyga polar vortex hawada qabowna waxay caddaynaysaa in barafku aanu dhalaalinayn.,0
163,"Qaar ka mid ah kulliyadaha, oo ay ku jiraan AM, ayaa horey u dammaanad qaaday ...","Qaar ka mid ah kulliyadaha, oo ay ku jirto AM, ayaa horey u dammaanad qaaday inaysan kordhin doonin waxbarashadooda.",0
164,Maxay ahaayeen hoos u dhacii sanadlaha ahaa ee Jamhuuriga hadda...,Maxay ahaayeen khasaare sanadeedkii hore ee Jamhuuriyiinta ayaa hadda noqday hoos u dhacyada billaha ah ee hoos yimaada Dimuqraadiyiinta.,0
165,Wuxuu yiri tababaraha kubbadda cagta Rex Ryan wuxuu ku guuleystay horyaalada ...,"Waxa uu yidhi tababaraha kubada cagta ee xirfada leh Rex Ryan ayaa ku guulaystay horyaalada New York. AFC, waxaan filayaa, laba jeer.",0
166,Haddii aad iibiso gurigaaga wixii ka dambeeya 2012 waxaad bixin doontaa boqolkiiba 3.8...,Haddii aad iibiso gurigaaga wixii ka dambeeya 2012 waxaad ka bixin doontaa boqolkiiba 3.8 canshuurta iibka.,0
167,Ku dhawaad ​​800 oo qof ayaa diiday in laga baaro daroogada sababtoo ah...,Qiyaastii 800 oo qof ayaa diiday in la sameeyo baaris daroogo sababtoo ah waxay u joogaan mukhaadaraad.,0
168,Wuxuu sheegay in dib u habeynta daryeelka caafimaadka qaranka ay tahay mid ay dowladdu la wareegtay...,Waxa uu leeyahay dib u habaynta daryeelka caafimaadka qaranka waa la wareegida dawladda ee daryeelka caafimaadka.,0
169,Nidaamka xogta ee la socda Common Core waxaa loo qaabeeyey t...,"Nidaamka xogta ee la socda Core Common waxaa loogu talagalay in lagu ururiyo ilaa 400 dhibcood ilmo kasta, taas oo ay ku jiri karto xogta shakhsi ahaan lagu aqoonsan karo.",0
170,Magaalada Pembroke Pines ayaan wax cod ah ku lahayn qorshe lagu b...,Magaalada Pembroke Pines ayaan wax cod ah ku lahayn qorshaha lagu dhisayo xarun dadka lagu hayo ee Koonfur Galbeed Ranches.,0
171,(Madaxweyne Barack Obama) ayaa sheegay in shaqo la’aantu aysan waligeed g...,(Madaxweyne Barack Obama) wuxuu sheegay in shaqo la'aantu aysan weligeed dhaafi doonin 8 boqolkiiba haddii aan gudbino qorshaha kicinta.,0
172,Maxay ahaayeen hoos u dhacii sanadlaha ahaa ee Jamhuuriga hadda...,Maxay ahaayeen khasaare sanadeedkii hore ee Jamhuuriyiinta ayaa hadda noqday hoos u dhacyada billaha ah ee hoos yimaada Dimuqraadiyiinta.,0
173,Waxa uu yidhi Donald Trump waxa uu taageersan yahay ajande halkaas ka jira oo ah in si gaar loo leeyahay...,Waxa uu yidhi Donald Trump waxa uu taageerayaa ajande halkaa ka jira si gaar looga dhigo nidaamka daryeelka caafimaadka ee Arrimaha Veterans.,0
174,Waxa uu yidhi Mike Dovilla waxa uu taageersan yahay qorshe u ogolaan kara ajaanib...,Wuxuu yiri Mike Dovilla wuxuu taageersan yahay qorshe u oggolaanaya shirkad ajnabi ah inay la wareegto Ohio Turnpike,0
175,Waajibaadka daryeelka caafimaadku wuxuu u baahan doonaa xadhig iyo ganaax...,Waajibaadka daryeelka caafimaadku waxay u baahan doontaa xadhig iyo ganaax lacageed dadka Maraykanka ah ee aan awoodin inay iibsadaan caymis ama bixiyaan ganaaxyo culus oo dawladeed.,0
176,Wuxuu sheegay in dib u habeynta daryeelka caafimaadka qaranka ay tahay mid ay dowladdu la wareegtay...,Waxa uu leeyahay dib u habaynta daryeelka caafimaadka qaranka waa la wareegida dawladda ee daryeelka caafimaadka.,0
177,Frank Guinta ayaa u codeeyay in cashuur bixiyayaasha dabaqadda dhexe ay bixiyaan lacag ka badan...,"Frank Guinta ayaa u codeeyay in cashuur bixiyayaasha dabaqadda dhexe ay bixiyaan in ka badan $1,000 oo dheeraad ah sannadkii.",0
178,Ayaa sheegay in Adeegga Boostada Maraykanku aanay qaadan wax gargaar cashuur bixiye ah tan iyo markii...,"Waxa uu leeyahay Adeegga Boostada Maraykanku ma qaadin wax gargaar cashuur bixiye ah ilaa 1971, waxa ay maalgelisaa hawlaha gabi ahaan iibinta stamps iyo alaabta la xidhiidha oo waxa ay samaysaa faa'iido hawl gal sanadba sanadka ka dambeeya.",0
179,Waxay leedahay warbaahintu waxay abuurtay ereyga polar vortex iyo qabow ai...,Waxay leedahay warbaahintu waxay abuurtay ereyga polar vortex hawada qabowna waxay caddaynaysaa in barafku aanu dhalaalinayn.,0
180,Saddex meelood labo ka mid ah dadka ku nool Wisconsin ayaa si adag uga soo horjeeda...,Saddex meelood laba meel dadka Wisconsin ayaa si adag uga soo horjeeda fikradan ah in si joogto ah looga qaado xuquuqda dadka ee gorgortanka wadajirka ah.,0
181,"Mashruuca Buffalos SolarCity, Andrew Cuomo wuxuu abuuri doonaa laga yaabee ...","Mashruuca Buffalos SolarCity, Andrew Cuomo wuxuu abuuri doonaa laga yaabee 500 shaqo haddii ay weligeed dhacdo, qiyaastii $1.5 milyan shaqa kasta.",0
182,Xildhibaanada Aqalka Sare ayaa meel mariyay mushaar kordhin dhan $10...,"Xubnaha Congress-ka waxay ku ansixiyeen mushaar kordhin dhan $10,000 muddo laba sano ah xitaa iyagoo u codeeyay inaanan kor loo qaadin macaashka Lambarka Bulshada 2010 iyo 2011.",0
183,Walaalaha Koch keligood waxay siiyeen lacag laba jibaar ka badan Scott Wa...,Walaalaha Koch keligood waxay siiyeen laba laab lacag ka badan Scott Walker wadarta guud ee lacagta uu soo ururiyay Tom Barrett.,0
184,Waxay tiri Cathy Jordan waa la xiray oo laga soo saaray gurigeeda b...,Waxay tiri Cathy Jordan ayaa la xiray oo ay ka soo saareen gurigeeda koox SWAT ah oo hooligan ah si ay u isticmaasho marijuana caafimaad.,0
185,"In ka badan 100,000 oo haween ah oo ku nool Texas ayaa isku dayay in ay iskood isu soo dhisaan.","In ka badan 100,000 oo haween ah oo ku nool Texas ayaa isku dayay inay iskood iska soo xaaqaan sannadkii la soo dhaafay oo keliya.",0
186,Pentagon-ka ayaa ka dhigtay geesinimada tan iyo markii la shaaciyay ee POW Jessi ...,Pentagon-ka ayaa ka dhigtay geesinimada tan iyo markii la shaaciyay ee POW Jessica Lynch iyada oo isku dayday in ay ka fogaato qabashada Ciraaq.,0
187,"Xiligii Madaxweyne Barack Obama, 8.3 (milyan) oo Maraykan ah ayaa ka yar ...","Xilligii Madaxweyne Barack Obama, 8.3 (milyan) oo Maraykan ah ayaa shaqeeya maanta in ka yar sidii ay ahaayeen afar sano ka hor.",0
188,"McCain ""wuxuu u codeeyay inuu dhimo maalgelinta waxbarashada, isagoo ka soo horjeeda la xisaabtanka","McCain ""wuxuu u codeeyay inuu dhimo maalgelinta waxbarashada, isagoo ka soo horjeeda heerarka isla xisaabtanka. Wuxuu xitaa soo jeediyay in la baabi'iyo Waaxda Waxbarashada.""",0
189,Wuxuu sheegay in dib u habeynta daryeelka caafimaadka qaranka ay tahay mid ay dowladdu la wareegtay...,Waxa uu leeyahay dib u habaynta daryeelka caafimaadka qaranka waa la wareegida dawladda ee daryeelka caafimaadka.,0
190,"Waxaan leenahay magaalooyin ku yaal Galbeedka Texas oo aan biyuhu lahayn, kuwaas oo ah ...","Waxaan leenahay magaalooyin ku yaal Galbeedka Texas oo ay ka maqan yihiin biyaha, kuwaas oo ay tahay in ay biyo ku dhaamiyaan.",0
191,Wendy Davis waxay kaliya ku samaynaysay lacag ururin Chicago,Wendy Davis waxa ay Chicago ka samaynaysay dhaqaale ururin iyada oo la kaashanaysa ururka hantiwadaaga caalamiga ah.,0
192,Saddex meelood labo ka mid ah dadka ku nool Wisconsin ayaa si adag uga soo horjeeda...,Saddex meelood laba meel dadka Wisconsin ayaa si adag uga soo horjeeda fikradan ah in si joogto ah looga qaado xuquuqda dadka ee gorgortanka wadajirka ah.,0
193,Wuxuu yiri tababaraha kubbadda cagta Rex Ryan wuxuu ku guuleystay horyaalada ...,"Waxa uu yidhi tababaraha kubada cagta ee xirfada leh Rex Ryan ayaa ku guulaystay horyaalada New York. AFC, waxaan filayaa, laba jeer.",0
194,"Qaar ka mid ah kulliyadaha, oo ay ku jiraan AM, ayaa horey u dammaanad qaaday ...","Qaar ka mid ah kulliyadaha, oo ay ku jirto AM, ayaa horey u dammaanad qaaday inaysan kordhin doonin waxbarashadooda.",0
195,"Xiligii Madaxweyne Barack Obama, 8.3 (milyan) oo Maraykan ah ayaa ka yar ...","Xilligii Madaxweyne Barack Obama, 8.3 (milyan) oo Maraykan ah ayaa shaqeeya maanta in ka yar sidii ay ahaayeen afar sano ka hor.",0
196,"Inkasta oo ay ka soo horjeesteen naadiga qaranka ee kobaca, naadiga G...","In kasta oo ay ka soo horjeedaan Naadiga kobaca qaranka, Naadiga Kobaca Wisconsin ayaa u ansixiyay Senetka Mareykanka.",0
197,"Wuxuu yidhi Mitt Romney wuxuu taageeray sharcia dhammaan ilmo iska soo rididda, e...","Wuxuu yidhi Mitt Romney wuxuu taageeray sharci mamnuucaya dhammaan ilmo iska soo rididda, xitaa kiisaska kufsiga iyo jinsiga.",0
198,Ayaa sheegtay in dowladda federaalku ay amar ku bixisay in dadka aan galmoodka ahayn (sic) iyo h...,Ayaa sheegtay in dawladda federaalku ay amar ku bixinayso dadka aan isu galmoodin (sic) iyo khaniisiinta inay carruurta ku qabsanayaan aagagga khatarta ah ee shisheeyaha iyagoo adeegsanaya magaca ammaanka garoonka diyaaradaha.,0
199,"27-kii bilood ee la soo dhaafay, Madaxweyne Barack Obama waxa uu abuuray...","27-kii bilood ee la soo dhaafay, Madaxweyne Barack Obama waxa uu abuuray shaqooyin ka badan kuwa gaarka loo leeyahay marka loo eego soo kabashada Reagan.",0
200,Miisaaniyadda Madaxweyne Barack Obama ayaa khatar ku ah amniga qaranka b...,Miisaaniyadda Madaxweyne Barack Obamas waxay khatar ku tahay amniga qaranka isagoo soo jeedinaya Ciidan ka kooban shaqaale ka yar kuwii aan haysanay ka hor Pearl Harbor.,0
201,"Qoysaska Maraykanku waxay ku dadaalaan inay helaan $4,250 bishii. Obama ayaa...","Qoysaska Maraykanku waxay ku dadaalaan inay helaan $4,250 bishii. Obama waxa uu ku kharash gareeyaa $18,972 bishii ilmo kasta oo sharci-darro ah.",0
202,Nidaamka xogta ee la socda Common Core waxaa loo qaabeeyey t...,"Nidaamka xogta ee la socda Core Common waxaa loogu talagalay in lagu ururiyo ilaa 400 dhibcood ilmo kasta, taas oo ay ku jiri karto xogta shakhsi ahaan lagu aqoonsan karo.",0
203,"Si qarsoodi ah, iyadoo aan la ogeyn xubnaha Congress-ka, in ka badan $105 biil...","Si qarsoodi ah, iyadoo aan la ogeyn xubnaha Congress-ka, in ka badan 105 bilyan ayaa lagu qariyay sharciga Obamacare.",0
204,Shirkadda ay dawladdu kiraysanayso ee qiimaynaysa ardayda ay dawladdu u xilsaartay...,Shirkadda ay dawladdu kiraysanayso ee qiimeeya imtixaannada ardayda ee gobolku waajibiyay waxay ku baxaysaa Craigslist si ay u hesho imtaxaanayaal si ay u akhriyaan qoraallada ardaydeenna.,0
205,Wuxuu yiri xildhibaanka Miami Carlos Curbelo wuxuu taageersan yahay qodista qodista...,Waxa uu yidhi xildhibaanka Miami Carlos Curbelo waxa uu taageersan yahay qodista xeebaha waxana uu si isdaba joog ah uga codeeyay awoodda madaxweyne Obama ee la dagaalanka wasakhowga iyo la dagaalanka isbedelka cimilada.,0
206,Haddii Madaxweyne Obama saxiixo daawaynta isbedelka cimilada ee Copenhagen...,"Haddii madaxweyne Obama uu saxiixo heshiiska isbeddelka cimilada ee Copenhagen, wuxuu ""sixiixi doonaa xorriyaddaada, dimoqraadiyaddaada, iyo barwaaqadaada weligiin, adiga iyo dawlad kasta oo ku xigta oo aad dooran karto ma lahaan doonto wax awood ah si ay dib ugu soo celiso.""",0
207,Waxay qaadataa tamar aad u badan si loo sameeyo panel cadceedda sida ay u badan tahay g...,Waxay qaadataa tamar aad u badan si loo sameeyo alwaax qoraxda sida ay u badan tahay inay soo saarto nolosheeda oo dhan.,0
208,Saddex meelood labo ka mid ah dadka ku nool Wisconsin ayaa si adag uga soo horjeeda...,Saddex meelood laba meel dadka Wisconsin ayaa si adag uga soo horjeeda fikradan ah in si joogto ah looga qaado xuquuqda dadka ee gorgortanka wadajirka ah.,0
209,Ciidamada badda ayaa dacwad ku soo oogaya sarkaal ka tirsan ciidamada badda oo toogtay...,Ciidanka badda ayaa dacwad ku soo oogaya sarkaal ka tirsan ciidamada badda oo toogtay toogashadii Chattanooga ka dib markii uu si sharci darro ah hub ugu furay hanti federaal ah.,0
210,Wuxuu sheegay in qaraarka Senate-ka uu soo celin doono $140 bishiiba...,Wuxuu sheegay in qaraarka Senate-ka uu soo celin doono $140 lacagihii kaalmada guud ee bishii iyo ka hortagga dadka inay dambi galaan.,0
211,Ayaa sheegay in Adeegga Boostada Maraykanku aanay qaadan wax gargaar cashuur bixiye ah tan iyo markii...,"Waxa uu leeyahay Adeegga Boostada Maraykanku ma qaadin wax gargaar cashuur bixiye ah ilaa 1971, waxa ay maalgelisaa hawlaha gabi ahaan iibinta stamps iyo alaabta la xidhiidha oo waxa ay samaysaa faa'iido hawl gal sanadba sanadka ka dambeeya.",0
212,"Hadda, Golaha Wakiilada, waxaan leenahay 40 kala duwan oo j...","Hadda, Golaha Wakiillada, waxaanu haynaa 40 xeer oo kala duwan oo shaqo ah oo la ansixiyay oo ku dhawaad ​​dhamaantood ahaayeen laba xisbi.",0
213,Shirkadda ay dawladdu kiraysanayso ee qiimaynaysa ardayda ay dawladdu u xilsaartay...,Shirkadda ay dawladdu kiraysanayso ee qiimeeya imtixaannada ardayda ee gobolku waajibiyay waxay ku baxaysaa Craigslist si ay u hesho imtaxaanayaal si ay u akhriyaan qoraallada ardaydeenna.,0
214,Walaalaha Koch keligood waxay siiyeen lacag laba jibaar ka badan Scott Wa...,Walaalaha Koch keligood waxay siiyeen laba laab lacag ka badan Scott Walker wadarta guud ee lacagta uu soo ururiyay Tom Barrett.,0
215,Pentagon-ka ayaa ka dhigtay geesinimada tan iyo markii la shaaciyay ee POW Jessi ...,Pentagon-ka ayaa ka dhigtay geesinimada tan iyo markii la shaaciyay ee POW Jessica Lynch iyada oo isku dayday in ay ka fogaato qabashada Ciraaq.,0
216,Wendy Davis waxay kaliya ku samaynaysay lacag ururin Chicago,Wendy Davis waxa ay Chicago ka samaynaysay dhaqaale ururin iyada oo la kaashanaysa ururka hantiwadaaga caalamiga ah.,0
217,Magaalada Pembroke Pines ayaan wax cod ah ku lahayn qorshe lagu b...,Magaalada Pembroke Pines ayaan wax cod ah ku lahayn qorshaha lagu dhisayo xarun dadka lagu hayo ee Koonfur Galbeed Ranches.,0
218,Waxaan ka mid ahaa kuwii ugu horreeyay ee dhaleeceeya ku degdegista dagaalka (Ir...,"Waxaan ka mid ahaa kuwii ugu horreeyay ee dhaleeceeya degdegga ah ee dagaalka (Ciraaq), iyo haa, xitaa ka hor inta uusan dagaalku bilaaban.",0
219,Boqolkiiba 95 lacagta loo isticmaalo ururka shaqaalaha wor...,Boqolkiiba shan iyo sagaashan lacagta loo isticmaalo xarumaha tababarka shaqaalaha ee ay ku shaqeeyaan ururka waxay ka yimaadaan loo shaqeeyayaasha.,0
220,Haddii aad iibiso gurigaaga wixii ka dambeeya 2012 waxaad bixin doontaa boqolkiiba 3.8...,Haddii aad iibiso gurigaaga wixii ka dambeeya 2012 waxaad ka bixin doontaa boqolkiiba 3.8 canshuurta iibka.,0
221,Magaalada Pembroke Pines ayaan wax cod ah ku lahayn qorshe lagu b...,Magaalada Pembroke Pines ayaan wax cod ah ku lahayn qorshaha lagu dhisayo xarun dadka lagu hayo ee Koonfur Galbeed Ranches.,0
222,(Madaxweyne Barack Obama) ayaa sheegay in shaqo la’aantu aysan waligeed g...,(Madaxweyne Barack Obama) wuxuu sheegay in shaqo la'aantu aysan weligeed dhaafi doonin 8 boqolkiiba haddii aan gudbino qorshaha kicinta.,0
223,"Waxa uu sheegay in uu ahaa saldhigga gobolka Utah, uu markii la shaqeeyay s ...","Wuxuu sheegay in markii uu ahaa guddoomiyaha Utah, uu la shaqeeyay Sharci-dejinta gobolka si loo abuuro canshuur siman oo dhimaysa canshuurta dakhliga boqolkiiba 30.",0
224,Pentagon-ka ayaa ka dhigtay geesinimada tan iyo markii la shaaciyay ee POW Jessi ...,Pentagon-ka ayaa ka dhigtay geesinimada tan iyo markii la shaaciyay ee POW Jessica Lynch iyada oo isku dayday in ay ka fogaato qabashada Ciraaq.,0
225,Marka kaliya ee shaqada dawladdu hoos u dhacday intii lagu jiray...,Marka kaliya ee shaqaalaynta dawladdu hoos u dhacday inta lagu jiro dhaqaale-xumada ayaa aniga hoos ii dhacday.,0
226,Waajibaadka daryeelka caafimaadku wuxuu u baahan doonaa xadhig iyo ganaax...,Waajibaadka daryeelka caafimaadku waxay u baahan doontaa xadhig iyo ganaax lacageed dadka Maraykanka ah ee aan awoodin inay iibsadaan caymis ama bixiyaan ganaaxyo culus oo dawladeed.,0
227,Wuxuu sheegay in qaraarka Senate-ka uu soo celin doono $140 bishiiba...,Wuxuu sheegay in qaraarka Senate-ka uu soo celin doono $140 lacagihii kaalmada guud ee bishii iyo ka hortagga dadka inay dambi galaan.,0
228,Maxay ahaayeen hoos u dhacii sanadlaha ahaa ee Jamhuuriga hadda...,Maxay ahaayeen khasaare sanadeedkii hore ee Jamhuuriyiinta ayaa hadda noqday hoos u dhacyada billaha ah ee hoos yimaada Dimuqraadiyiinta.,0
229,Bal eeg waxa uu agaasimaha FBI-da ka yidhi iyada (Hillary C...,Bal u fiirso waxa uu agaasimaha FBI-da ka yidhi (Hillary Clinton) dhaqan-xumada ay samaysay waa ceeb iyo ceeb dalkeena.,0
230,Waajibaadka daryeelka caafimaadku wuxuu u baahan doonaa xadhig iyo ganaax...,Waajibaadka daryeelka caafimaadku waxay u baahan doontaa xadhig iyo ganaax lacageed dadka Maraykanka ah ee aan awoodin inay iibsadaan caymis ama bixiyaan ganaaxyo culus oo dawladeed.,0
231,Waxa uu yidhi Mike Dovilla waxa uu taageersan yahay qorshe u ogolaan kara ajaanib...,Wuxuu yiri Mike Dovilla wuxuu taageersan yahay qorshe u oggolaanaya shirkad ajnabi ah inay la wareegto Ohio Turnpike,0
232,Saddex meelood labo ka mid ah dadka ku nool Wisconsin ayaa si adag uga soo horjeeda...,Saddex meelood laba meel dadka Wisconsin ayaa si adag uga soo horjeeda fikradan ah in si joogto ah looga qaado xuquuqda dadka ee gorgortanka wadajirka ah.,0
233,Shirkadda ay dawladdu kiraysanayso ee qiimaynaysa ardayda ay dawladdu u xilsaartay...,Shirkadda ay dawladdu kiraysanayso ee qiimeeya imtixaannada ardayda ee gobolku waajibiyay waxay ku baxaysaa Craigslist si ay u hesho imtaxaanayaal si ay u akhriyaan qoraallada ardaydeenna.,0
234,"Qaar ka mid ah kulliyadaha, oo ay ku jiraan AM, ayaa horey u dammaanad qaaday ...","Qaar ka mid ah kulliyadaha, oo ay ku jirto AM, ayaa horey u dammaanad qaaday inaysan kordhin doonin waxbarashadooda.",0
235,Wuxuu yiri Ron Johnson run ahaantii waxba ma uusan qaban si uu ula dagaallamo geesiga ...,Wuxuu yidhi Ron Johnson run ahaantii waxba ma uu samayn si uu ula dagaallamo balwadda heroin-ka iyo xad-gudubka opioid.,0
236,Wuxuu sheegay in dib u habeynta daryeelka caafimaadka qaranka ay tahay mid ay dowladdu la wareegtay...,Waxa uu leeyahay dib u habaynta daryeelka caafimaadka qaranka waa la wareegida dawladda ee daryeelka caafimaadka.,0
237,"In ka badan 100,000 oo haween ah oo ku nool Texas ayaa isku dayay in ay iskood isu soo dhisaan.","In ka badan 100,000 oo haween ah oo ku nool Texas ayaa isku dayay inay iskood iska soo xaaqaan sannadkii la soo dhaafay oo keliya.",0
238,"Ohio, waxaan ku maal galinay caruurteena, anagoo kordhinayna maalgelinta iskuulka...","Ohio, waxaanu maal galinay caruurteena, anagoo ku kordhinay maalgelinta dugsiga 5.5 boqolkiiba miisaaniyadii u dambaysay.",0
239,Waxaan u dhimi karnaa shaqo la'aanta kala bar si fudud annaga oo dib u soo ceshanno j...,Waxaan shaqo la'aanta u dhimi karnaa kala bar si fudud innagoo dib u soo ceshanayna shaqooyinkii ay qabteen shaqaalaha sharci darrada ah.,0
240,"Barack Obama ""wuxuu doonayaa in dowladda ay la wareegto daryeelka caafimaadka,...","Barack Obama ""wuxuu rabaa in dowladdu ay la wareegto daryeelka caafimaadka, ku bixiso boqolaal bilyan oo doolar oo lacag cusub ah caymiska caafimaadka qof walba.""",0
241,Barasaabkii hore ee Alaska Sarah Palin ayaa ku saxnayd in madaxweynaha...,"Guddoomiyihii hore ee Alaska Sarah Palin waxay ku saxsanayd in sharciga daryeelka caafimaadka ee Madaxweyne Barack Obama uu abuuray waxa, dhab ahaan, noqon lahaa guddiyada dhimashada.",0
242,Frank Guinta ayaa u codeeyay in cashuur bixiyayaasha dabaqadda dhexe ay bixiyaan lacag ka badan...,"Frank Guinta ayaa u codeeyay in cashuur bixiyayaasha dabaqadda dhexe ay bixiyaan in ka badan $1,000 oo dheeraad ah sannadkii.",0
243,Musharaxa senate-ka Mareykanka Jack Kingston waxa uu ku qarash gareeyay doollarkayaga canshuurta...,Musharaxa senate-ka ee Maraykanka Jack Kingston waxa uu doollarkayaga cashuurta ku kharash gareeyey kumanyaal calaamado wasakh ah.,0
244,"Hadda, Golaha Wakiilada, waxaan leenahay 40 kala duwan oo j...","Hadda, Golaha Wakiillada, waxaanu haynaa 40 xeer oo kala duwan oo shaqo ah oo la ansixiyay oo ku dhawaad ​​dhamaantood ahaayeen laba xisbi.",0
245,Wuxuu yiri xildhibaanka Miami Carlos Curbelo wuxuu taageersan yahay qodista qodista...,Waxa uu yidhi xildhibaanka Miami Carlos Curbelo waxa uu taageersan yahay qodista xeebaha waxana uu si isdaba joog ah uga codeeyay awoodda madaxweyne Obama ee la dagaalanka wasakhowga iyo la dagaalanka isbedelka cimilada.,0
246,"Xiligii Madaxweyne Barack Obama, 8.3 (milyan) oo Maraykan ah ayaa ka yar ...","Xilligii Madaxweyne Barack Obama, 8.3 (milyan) oo Maraykan ah ayaa shaqeeya maanta in ka yar sidii ay ahaayeen afar sano ka hor.",0
247,"Ohio, waxaan ku maal galinay caruurteena, anagoo kordhinayna maalgelinta iskuulka...","Ohio, waxaanu maal galinay caruurteena, anagoo ku kordhinay maalgelinta dugsiga 5.5 boqolkiiba miisaaniyadii u dambaysay.",0
248,Magaalada Pembroke Pines ayaan wax cod ah ku lahayn qorshe lagu b...,Magaalada Pembroke Pines ayaan wax cod ah ku lahayn qorshaha lagu dhisayo xarun dadka lagu hayo ee Koonfur Galbeed Ranches.,0
249,Ciidamada badda ayaa dacwad ku soo oogaya sarkaal ka tirsan ciidamada badda oo toogtay...,Ciidanka badda ayaa dacwad ku soo oogaya sarkaal ka tirsan ciidamada badda oo toogtay toogashadii Chattanooga ka dib markii uu si sharci darro ah hub ugu furay hanti federaal ah.,0
250,Sen. Hutchison waxa uu ka tagey Jamhuuriyiintii oo uu la saftay Dimuqraadiga...,Sen. Hutchison wuu ka tagay Jamhuuriyiintii wuxuuna la istaagay Dimuqraadiyiinta si loo hubiyo in sharciga daryeelka caafimaadku si dhakhso ah u gudbi doono.,0
251,Wuxuu sheegay in dib u habeynta daryeelka caafimaadka qaranka ay tahay mid ay dowladdu la wareegtay...,Waxa uu leeyahay dib u habaynta daryeelka caafimaadka qaranka waa la wareegida dawladda ee daryeelka caafimaadka.,0
252,"Keystone XL wuxuu u oggolaanayaa Kanada inay soo saarto saliiddooda, u dirto iyada oo loo marayo ...","Keystone XL wuxuu u oggolaanayaa Kanada inay soo saarto shidaalkooda, u dirto dhulkeena, ilaa Khaliijka, halkaas oo laga iibin doono meel kasta oo kale.",0
253,Ayaa sheegay in Adeegga Boostada Maraykanku aanay qaadan wax gargaar cashuur bixiye ah tan iyo markii...,"Waxa uu leeyahay Adeegga Boostada Maraykanku ma qaadin wax gargaar cashuur bixiye ah ilaa 1971, waxa ay maalgelisaa hawlaha gabi ahaan iibinta stamps iyo alaabta la xidhiidha oo waxa ay samaysaa faa'iido hawl gal sanadba sanadka ka dambeeya.",0
254,Waxa uu yidhi Mike Dovilla waxa uu taageersan yahay qorshe u ogolaan kara ajaanib...,Wuxuu yiri Mike Dovilla wuxuu taageersan yahay qorshe u oggolaanaya shirkad ajnabi ah inay la wareegto Ohio Turnpike,0
255,"Inkasta oo ay ka soo horjeesteen naadiga qaranka ee kobaca, naadiga G...","In kasta oo ay ka soo horjeedaan Naadiga kobaca qaranka, Naadiga Kobaca Wisconsin ayaa u ansixiyay Senetka Mareykanka.",0
256,Wuxuu yiri Ron Johnson run ahaantii waxba ma uusan qaban si uu ula dagaallamo geesiga ...,Wuxuu yidhi Ron Johnson run ahaantii waxba ma uu samayn si uu ula dagaallamo balwadda heroin-ka iyo xad-gudubka opioid.,0
257,"Wuxuu yidhi Mitt Romney wuxuu taageeray sharcia dhammaan ilmo iska soo rididda, e...","Wuxuu yidhi Mitt Romney wuxuu taageeray sharci mamnuucaya dhammaan ilmo iska soo rididda, xitaa kiisaska kufsiga iyo jinsiga.",0
258,Wendy Davis waxay kaliya ku samaynaysay lacag ururin Chicago,Wendy Davis waxa ay Chicago ka samaynaysay dhaqaale ururin iyada oo la kaashanaysa ururka hantiwadaaga caalamiga ah.,0
259,"McCain ""wuxuu u codeeyay inuu dhimo maalgelinta waxbarashada, isagoo ka soo horjeeda la xisaabtanka","McCain ""wuxuu u codeeyay inuu dhimo maalgelinta waxbarashada, isagoo ka soo horjeeda heerarka isla xisaabtanka. Wuxuu xitaa soo jeediyay in la baabi'iyo Waaxda Waxbarashada.""",0
260,Canshuuraha guryuhu hadda 18% way ka sarreeyaan markii (Mark Sharpe) kow...,Canshuuraha guryuhu hadda 18% way ka sarreeyaan markii (Mark Sharpe) markii ugu horreysay ee uu xafiiska la wareegay.,0
261,Wuxuu yiri xildhibaanka Miami Carlos Curbelo wuxuu taageersan yahay qodista qodista...,Waxa uu yidhi xildhibaanka Miami Carlos Curbelo waxa uu taageersan yahay qodista xeebaha waxana uu si isdaba joog ah uga codeeyay awoodda madaxweyne Obama ee la dagaalanka wasakhowga iyo la dagaalanka isbedelka cimilada.,0
262,"Xiligii Madaxweyne Barack Obama, 8.3 (milyan) oo Maraykan ah ayaa ka yar ...","Xilligii Madaxweyne Barack Obama, 8.3 (milyan) oo Maraykan ah ayaa shaqeeya maanta in ka yar sidii ay ahaayeen afar sano ka hor.",0
263,Waxaa jira kharashyo maamul oo sarreeya marka aad ku deeqdo Haiti...,Waxaa jira kharashyo maamul oo sarreeya marka aad ku deeqdo gargaarka Haiti iyada oo loo marayo Mareegta Aqalka Cad.,0
264,Waajibaadka daryeelka caafimaadku wuxuu u baahan doonaa xadhig iyo ganaax...,Waajibaadka daryeelka caafimaadku waxay u baahan doontaa xadhig iyo ganaax lacageed dadka Maraykanka ah ee aan awoodin inay iibsadaan caymis ama bixiyaan ganaaxyo culus oo dawladeed.,0
265,Ayaa sheegay in Adeegga Boostada Maraykanku aanay qaadan wax gargaar cashuur bixiye ah tan iyo markii...,"Waxa uu leeyahay Adeegga Boostada Maraykanku ma qaadin wax gargaar cashuur bixiye ah ilaa 1971, waxa ay maalgelisaa hawlaha gabi ahaan iibinta stamps iyo alaabta la xidhiidha oo waxa ay samaysaa faa'iido hawl gal sanadba sanadka ka dambeeya.",0
266,Wuxuu sheegay in eedeymaha ah inuu sameeyay galmo aan loo baahnayn oo ku saabsan ...,Waxa uu sheegay in eedeymaha ah in uu sameeyay galmo aan la rabin oo uu ku sameeyay haweeney ku xigeen shariif ah ay laba garsoore oo kala duwan ay ku heleen in aysan mudneyn.,0
267,Waxaan bixinaa PhD-da sanad walba in ka badan jaamacad kale ee A...,Waxaan bixinaa PhDs ka badan sanad walba marka loo eego jaamacadaha kale ee Ameerika marka laga reebo Berkeley.,0
268,Magaalada Pembroke Pines ayaan wax cod ah ku lahayn qorshe lagu b...,Magaalada Pembroke Pines ayaan wax cod ah ku lahayn qorshaha lagu dhisayo xarun dadka lagu hayo ee Koonfur Galbeed Ranches.,0
269,Saddex meelood labo ka mid ah dadka ku nool Wisconsin ayaa si adag uga soo horjeeda...,Saddex meelood laba meel dadka Wisconsin ayaa si adag uga soo horjeeda fikradan ah in si joogto ah looga qaado xuquuqda dadka ee gorgortanka wadajirka ah.,0
270,"Wuxuu yidhi Mitt Romney wuxuu taageeray sharcia dhammaan ilmo iska soo rididda, e...","Wuxuu yidhi Mitt Romney wuxuu taageeray sharci mamnuucaya dhammaan ilmo iska soo rididda, xitaa kiisaska kufsiga iyo jinsiga.",0
271,Wuxuu yiri Ron Johnson run ahaantii waxba ma uusan qaban si uu ula dagaallamo geesiga ...,Wuxuu yidhi Ron Johnson run ahaantii waxba ma uu samayn si uu ula dagaallamo balwadda heroin-ka iyo xad-gudubka opioid.,0
272,Madaxweyne Obama ayaa sheegay in shaqo la’aanta ay ka hooseyso 8...,Waxa uu yidhi Madaxweyne Obama waxa uu ballan qaaday in shaqo la'aanta ay ka hoosayso 8 boqolkiiba haddii kicinta la dhaafo.,0
273,Qofka iga soo waxa uu ballan qaadayaa in uu soo celin doono shaqada hore isaga oo raba in uu iska tago...,Qofka iga soo horjeeda wuxuu ballan qaadayaa inuu soo celin doono shaqooyin hore isagoo u rajeeyay dhaqaalaha adduunka.,0
274,Waxaan u dhimi karnaa shaqo la'aanta kala bar si fudud annaga oo dib u soo ceshanno j...,Waxaan shaqo la'aanta u dhimi karnaa kala bar si fudud innagoo dib u soo ceshanayna shaqooyinkii ay qabteen shaqaalaha sharci darrada ah.,0
275,Walaalaha Koch keligood waxay siiyeen lacag laba jibaar ka badan Scott Wa...,Walaalaha Koch keligood waxay siiyeen laba laab lacag ka badan Scott Walker wadarta guud ee lacagta uu soo ururiyay Tom Barrett.,0
276,"Barack Obama ""wuxuu doonayaa in dowladda ay la wareegto daryeelka caafimaadka,...","Barack Obama ""wuxuu rabaa in dowladdu ay la wareegto daryeelka caafimaadka, ku bixiso boqolaal bilyan oo doolar oo lacag cusub ah caymiska caafimaadka qof walba.""",0
277,Ayaa sheegtay in dowladda federaalku ay amar ku bixisay in dadka aan galmoodka ahayn (sic) iyo h...,Ayaa sheegtay in dawladda federaalku ay amar ku bixinayso dadka aan isu galmoodin (sic) iyo khaniisiinta inay carruurta ku qabsanayaan aagagga khatarta ah ee shisheeyaha iyagoo adeegsanaya magaca ammaanka garoonka diyaaradaha.,0
278,Waxay qaadataa tamar aad u badan si loo sameeyo panel cadceedda sida ay u badan tahay g...,Waxay qaadataa tamar aad u badan si loo sameeyo alwaax qoraxda sida ay u badan tahay inay soo saarto nolosheeda oo dhan.,0
279,"Waxa uu sheegay in uu ahaa saldhigga gobolka Utah, uu markii la shaqeeyay s ...","Wuxuu sheegay in markii uu ahaa guddoomiyaha Utah, uu la shaqeeyay Sharci-dejinta gobolka si loo abuuro canshuur siman oo dhimaysa canshuurta dakhliga boqolkiiba 30.",0
280,Waxa uu yidhi Madaxweyne Obama waxa uu afduubay biilka beeraha (oo) waxa uu u rogay i...,Waxa uu yidhi Madaxweyne Obama waxa uu afduubay biilka beeraha (oo) waxa uu ka dhigay biilka cuntada.,0
281,Walaalaha Koch keligood waxay siiyeen lacag laba jibaar ka badan Scott Wa...,Walaalaha Koch keligood waxay siiyeen laba laab lacag ka badan Scott Walker wadarta guud ee lacagta uu soo ururiyay Tom Barrett.,0
282,Waxa uu yidhi Donald Trump waxa uu taageersan yahay ajande halkaas ka jira oo ah in si gaar loo leeyahay...,Waxa uu yidhi Donald Trump waxa uu taageerayaa ajande halkaa ka jira si gaar looga dhigo nidaamka daryeelka caafimaadka ee Arrimaha Veterans.,0
283,Is-dilku wuxuu ka imaanayaa calaamad ah ee waaweyn oo leh ...,Is-dilku wuxuu ka yimaadaa dawladda dhexe ee waaweyn oo leh waxba uma qalantid laakiin waxaad ku heli doontaa wax aan waxba ahayn.,0
284,Saddex meelood labo ka mid ah dadka ku nool Wisconsin ayaa si adag uga soo horjeeda...,Saddex meelood laba meel dadka Wisconsin ayaa si adag uga soo horjeeda fikradan ah in si joogto ah looga qaado xuquuqda dadka ee gorgortanka wadajirka ah.,0
285,Wuxuu sheegay in eedeymaha ah inuu sameeyay galmo aan loo baahnayn oo ku saabsan ...,Waxa uu sheegay in eedeymaha ah in uu sameeyay galmo aan la rabin oo uu ku sameeyay haweeney ku xigeen shariif ah ay laba garsoore oo kala duwan ay ku heleen in aysan mudneyn.,0
286,Barasaabkii hore ee Alaska Sarah Palin ayaa ku saxnayd in madaxweynaha...,"Guddoomiyihii hore ee Alaska Sarah Palin waxay ku saxsanayd in sharciga daryeelka caafimaadka ee Madaxweyne Barack Obama uu abuuray waxa, dhab ahaan, noqon lahaa guddiyada dhimashada.",0
287,Ayaa sheegtay in dowladda federaalku ay amar ku bixisay in dadka aan galmoodka ahayn (sic) iyo h...,Ayaa sheegtay in dawladda federaalku ay amar ku bixinayso dadka aan isu galmoodin (sic) iyo khaniisiinta inay carruurta ku qabsanayaan aagagga khatarta ah ee shisheeyaha iyagoo adeegsanaya magaca ammaanka garoonka diyaaradaha.,0
288,"Waxa uu sheegay in uu ahaa saldhigga gobolka Utah, uu markii la shaqeeyay s ...","Wuxuu sheegay in markii uu ahaa guddoomiyaha Utah, uu la shaqeeyay Sharci-dejinta gobolka si loo abuuro canshuur siman oo dhimaysa canshuurta dakhliga boqolkiiba 30.",0
289,Waxay tiri Cathy Jordan waa la xiray oo laga soo saaray gurigeeda b...,Waxay tiri Cathy Jordan ayaa la xiray oo ay ka soo saareen gurigeeda koox SWAT ah oo hooligan ah si ay u isticmaasho marijuana caafimaad.,0
290,Wendy Davis waxay kaliya ku samaynaysay lacag ururin Chicago,Wendy Davis waxa ay Chicago ka samaynaysay dhaqaale ururin iyada oo la kaashanaysa ururka hantiwadaaga caalamiga ah.,0
291,Wuxuu yiri xildhibaanka Miami Carlos Curbelo wuxuu taageersan yahay qodista qodista...,Waxa uu yidhi xildhibaanka Miami Carlos Curbelo waxa uu taageersan yahay qodista xeebaha waxana uu si isdaba joog ah uga codeeyay awoodda madaxweyne Obama ee la dagaalanka wasakhowga iyo la dagaalanka isbedelka cimilada.,0
292,Miisaaniyadda Madaxweyne Barack Obama ayaa khatar ku ah amniga qaranka b...,Miisaaniyadda Madaxweyne Barack Obamas waxay khatar ku tahay amniga qaranka isagoo soo jeedinaya Ciidan ka kooban shaqaale ka yar kuwii aan haysanay ka hor Pearl Harbor.,0
293,Nidaamka xogta ee la socda Common Core waxaa loo qaabeeyey t...,"Nidaamka xogta ee la socda Core Common waxaa loogu talagalay in lagu ururiyo ilaa 400 dhibcood ilmo kasta, taas oo ay ku jiri karto xogta shakhsi ahaan lagu aqoonsan karo.",0
294,"Keystone XL wuxuu u oggolaanayaa Kanada inay soo saarto saliiddooda, u dirto iyada oo loo marayo ...","Keystone XL wuxuu u oggolaanayaa Kanada inay soo saarto shidaalkooda, u dirto dhulkeena, ilaa Khaliijka, halkaas oo laga iibin doono meel kasta oo kale.",0
295,"Waxaan leenahay magaalooyin ku yaal Galbeedka Texas oo aan biyuhu lahayn, kuwaas oo ah ...","Waxaan leenahay magaalooyin ku yaal Galbeedka Texas oo ay ka maqan yihiin biyaha, kuwaas oo ay tahay in ay biyo ku dhaamiyaan.",0
296,Waxay qaadataa tamar aad u badan si loo sameeyo panel cadceedda sida ay u badan tahay g...,Waxay qaadataa tamar aad u badan si loo sameeyo alwaax qoraxda sida ay u badan tahay inay soo saarto nolosheeda oo dhan.,0
297,Canshuuraha guryuhu hadda 18% way ka sarreeyaan markii (Mark Sharpe) kow...,Canshuuraha guryuhu hadda 18% way ka sarreeyaan markii (Mark Sharpe) markii ugu horreysay ee uu xafiiska la wareegay.,0
298,"Waxaan leenahay magaalooyin ku yaal Galbeedka Texas oo aan biyuhu lahayn, kuwaas oo ah ...","Waxaan leenahay magaalooyin ku yaal Galbeedka Texas oo ay ka maqan yihiin biyaha, kuwaas oo ay tahay in ay biyo ku dhaamiyaan.",0
299,Wuxuu sheegay in qaraarka Senate-ka uu soo celin doono $140 bishiiba...,Wuxuu sheegay in qaraarka Senate-ka uu soo celin doono $140 lacagihii kaalmada guud ee bishii iyo ka hortagga dadka inay dambi galaan.,0
300,Waxa uu yidhi Madaxweyne Obama waxa uu afduubay biilka beeraha (oo) waxa uu u rogay i...,Waxa uu yidhi Madaxweyne Obama waxa uu afduubay biilka beeraha (oo) waxa uu ka dhigay biilka cuntada.,0
301,(Madaxweyne Barack Obama) ayaa sheegay in shaqo la’aantu aysan waligeed g...,(Madaxweyne Barack Obama) wuxuu sheegay in shaqo la'aantu aysan weligeed dhaafi doonin 8 boqolkiiba haddii aan gudbino qorshaha kicinta.,0
302,Waxa uu yidhi Donald Trump waxa uu taageersan yahay ajande halkaas ka jira oo ah in si gaar loo leeyahay...,Waxa uu yidhi Donald Trump waxa uu taageerayaa ajande halkaa ka jira si gaar looga dhigo nidaamka daryeelka caafimaadka ee Arrimaha Veterans.,0
303,Waxay tiri Cathy Jordan waa la xiray oo laga soo saaray gurigeeda b...,Waxay tiri Cathy Jordan ayaa la xiray oo ay ka soo saareen gurigeeda koox SWAT ah oo hooligan ah si ay u isticmaasho marijuana caafimaad.,0
304,"McCain ""wuxuu u codeeyay inuu dhimo maalgelinta waxbarashada, isagoo ka soo horjeeda la xisaabtanka","McCain ""wuxuu u codeeyay inuu dhimo maalgelinta waxbarashada, isagoo ka soo horjeeda heerarka isla xisaabtanka. Wuxuu xitaa soo jeediyay in la baabi'iyo Waaxda Waxbarashada.""",0
305,Waxay leedahay warbaahintu waxay abuurtay ereyga polar vortex iyo qabow ai...,Waxay leedahay warbaahintu waxay abuurtay ereyga polar vortex hawada qabowna waxay caddaynaysaa in barafku aanu dhalaalinayn.,0
306,Waxa uu yidhi Madaxweyne Obama waxa uu afduubay biilka beeraha (oo) waxa uu u rogay i...,Waxa uu yidhi Madaxweyne Obama waxa uu afduubay biilka beeraha (oo) waxa uu ka dhigay biilka cuntada.,0
307,Donald Trump ayaa sheegay in dowladda ay bixineyso qarashka ku baxaya...,Wuxuu yidhi Donald Trump wuxuu sheegay in dawladdu ay bixinayso kharashka qof walba si uu u helo daryeel caafimaad.,0
308,"Hadda, Golaha Wakiilada, waxaan leenahay 40 kala duwan oo j...","Hadda, Golaha Wakiillada, waxaanu haynaa 40 xeer oo kala duwan oo shaqo ah oo la ansixiyay oo ku dhawaad ​​dhamaantood ahaayeen laba xisbi.",0
309,Canshuuraha guryuhu hadda 18% way ka sarreeyaan markii (Mark Sharpe) kow...,Canshuuraha guryuhu hadda 18% way ka sarreeyaan markii (Mark Sharpe) markii ugu horreysay ee uu xafiiska la wareegay.,0
310,Ciidamada badda ayaa dacwad ku soo oogaya sarkaal ka tirsan ciidamada badda oo toogtay...,Ciidanka badda ayaa dacwad ku soo oogaya sarkaal ka tirsan ciidamada badda oo toogtay toogashadii Chattanooga ka dib markii uu si sharci darro ah hub ugu furay hanti federaal ah.,0
311,Miisaaniyadda Madaxweyne Barack Obama ayaa khatar ku ah amniga qaranka b...,Miisaaniyadda Madaxweyne Barack Obamas waxay khatar ku tahay amniga qaranka isagoo soo jeedinaya Ciidan ka kooban shaqaale ka yar kuwii aan haysanay ka hor Pearl Harbor.,0
312,Ku dhawaad ​​800 oo qof ayaa diiday in laga baaro daroogada sababtoo ah...,Qiyaastii 800 oo qof ayaa diiday in la sameeyo baaris daroogo sababtoo ah waxay u joogaan mukhaadaraad.,0
313,"Hadda, Golaha Wakiilada, waxaan leenahay 40 kala duwan oo j...","Hadda, Golaha Wakiillada, waxaanu haynaa 40 xeer oo kala duwan oo shaqo ah oo la ansixiyay oo ku dhawaad ​​dhamaantood ahaayeen laba xisbi.",0
314,Waajibaadka daryeelka caafimaadku wuxuu u baahan doonaa xadhig iyo ganaax...,Waajibaadka daryeelka caafimaadku waxay u baahan doontaa xadhig iyo ganaax lacageed dadka Maraykanka ah ee aan awoodin inay iibsadaan caymis ama bixiyaan ganaaxyo culus oo dawladeed.,0
315,Way adag tahay in dadka Portland ku nool ay Haa ugu codeeyaan mea...,"Way adag tahay in dadka Portland ku nool ay Haa ugu codeeyaan cabbirada codbixinta, gaar ahaan marka ay jiraan mucaarad.",0
316,Frank Guinta ayaa u codeeyay in cashuur bixiyayaasha dabaqadda dhexe ay bixiyaan lacag ka badan...,"Frank Guinta ayaa u codeeyay in cashuur bixiyayaasha dabaqadda dhexe ay bixiyaan in ka badan $1,000 oo dheeraad ah sannadkii.",0
317,Is-dilku wuxuu ka imaanayaa calaamad ah ee waaweyn oo leh ...,Is-dilku wuxuu ka yimaadaa dawladda dhexe ee waaweyn oo leh waxba uma qalantid laakiin waxaad ku heli doontaa wax aan waxba ahayn.,0
318,Guddiga dib u soo celinta dhaqangelinta ee gobolka ee dhawaan la sameeyay...,"Guddiga dib u eegista dhaqangelinta socdaalka ee gobolka ee dhawaan la sameeyay ayaa dhab ahaantii dacwayn kara, oo ku ridi kara [xukun] xabsiga, haddii aanu keenno xeer ilaaliyaha guud.",0
319,Haddii Madaxweyne Obama saxiixo daawaynta isbedelka cimilada ee Copenhagen...,"Haddii madaxweyne Obama uu saxiixo heshiiska isbeddelka cimilada ee Copenhagen, wuxuu ""sixiixi doonaa xorriyaddaada, dimoqraadiyaddaada, iyo barwaaqadaada weligiin, adiga iyo dawlad kasta oo ku xigta oo aad dooran karto ma lahaan doonto wax awood ah si ay dib ugu soo celiso.""",0
320,Nidaamka xogta ee la socda Common Core waxaa loo qaabeeyey t...,"Nidaamka xogta ee la socda Core Common waxaa loogu talagalay in lagu ururiyo ilaa 400 dhibcood ilmo kasta, taas oo ay ku jiri karto xogta shakhsi ahaan lagu aqoonsan karo.",0
321,"Waxa uu sheegay in uu ahaa saldhigga gobolka Utah, uu markii la shaqeeyay s ...","Wuxuu sheegay in markii uu ahaa guddoomiyaha Utah, uu la shaqeeyay Sharci-dejinta gobolka si loo abuuro canshuur siman oo dhimaysa canshuurta dakhliga boqolkiiba 30.",0
322,Wuxuu sheegay in qaraarka Senate-ka uu soo celin doono $140 bishiiba...,Wuxuu sheegay in qaraarka Senate-ka uu soo celin doono $140 lacagihii kaalmada guud ee bishii iyo ka hortagga dadka inay dambi galaan.,0
323,Waxa uu sheegay in Madaxweyne Barack Obama uu ballan qaaday inuu la shaqeyn doono...,"Waxa uu sheegay in iyada oo Madaxweyne Barack Obama uu ballan qaaday in uu la shaqayn doono loo-shaqeeyahaaga si uu hoos ugu dhigo khidmadahaaga $2,500 qoyskiiba sannadkii, sharcigiisa daryeelka caafimaadku waxa uu kor u qaadayaa khidmadaha suuqa gaarka ah $2,100 qoyskiiba.",0
324,Muwaadiniin Jarmal ah ayaa dawladoodii hub ka dhigis ku samaysay dhamaadkii...,"Muwaadiniinta Jarmalku waxa hub ka dhigis ku sameeyay dawladoodii dabayaaqadii 1930-meeyadii, taas oo u ogolaatay Naasiyiintii in ay fuliyaan ujeedooyinkooda xun iyaga oo iska caabin yar leh.",0
325,Wuxuu sheegay in dib u habeynta daryeelka caafimaadka qaranka ay tahay mid ay dowladdu la wareegtay...,Waxa uu leeyahay dib u habaynta daryeelka caafimaadka qaranka waa la wareegida dawladda ee daryeelka caafimaadka.,0
326,"Ohio, waxaan ku maal galinay caruurteena, anagoo kordhinayna maalgelinta iskuulka...","Ohio, waxaanu maal galinay caruurteena, anagoo ku kordhinay maalgelinta dugsiga 5.5 boqolkiiba miisaaniyadii u dambaysay.",0
327,"McCain ""wuxuu u codeeyay inuu dhimo maalgelinta waxbarashada, isagoo ka soo horjeeda la xisaabtanka","McCain ""wuxuu u codeeyay inuu dhimo maalgelinta waxbarashada, isagoo ka soo horjeeda heerarka isla xisaabtanka. Wuxuu xitaa soo jeediyay in la baabi'iyo Waaxda Waxbarashada.""",0
328,Canshuuraha guryuhu hadda 18% way ka sarreeyaan markii (Mark Sharpe) kow...,Canshuuraha guryuhu hadda 18% way ka sarreeyaan markii (Mark Sharpe) markii ugu horreysay ee uu xafiiska la wareegay.,0
329,Adigoo isticmaalaya daldaloolo yar oo la yaqaan ... Minions Obama waa la oggol yahay ...,Adigoo isticmaalaya daldaloolo yar oo la yaqaan ... Minions Obama waxay u oggolaanayaan Shirkadda Nestle inay ka dhoofiso biyaha macaan ee qaaliga ah harada Michigan.,0
330,Barasaabkii hore ee Alaska Sarah Palin ayaa ku saxnayd in madaxweynaha...,"Guddoomiyihii hore ee Alaska Sarah Palin waxay ku saxsanayd in sharciga daryeelka caafimaadka ee Madaxweyne Barack Obama uu abuuray waxa, dhab ahaan, noqon lahaa guddiyada dhimashada.",0
331,Haddii aad iibiso gurigaaga wixii ka dambeeya 2012 waxaad bixin doontaa boqolkiiba 3.8...,Haddii aad iibiso gurigaaga wixii ka dambeeya 2012 waxaad ka bixin doontaa boqolkiiba 3.8 canshuurta iibka.,0
332,Haddii aad iibiso gurigaaga wixii ka dambeeya 2012 waxaad bixin doontaa boqolkiiba 3.8...,Haddii aad iibiso gurigaaga wixii ka dambeeya 2012 waxaad ka bixin doontaa boqolkiiba 3.8 canshuurta iibka.,0
333,Nidaamka xogta ee la socda Common Core waxaa loo qaabeeyey t...,"Nidaamka xogta ee la socda Core Common waxaa loogu talagalay in lagu ururiyo ilaa 400 dhibcood ilmo kasta, taas oo ay ku jiri karto xogta shakhsi ahaan lagu aqoonsan karo.",0
334,Shirkadda ay dawladdu kiraysanayso ee qiimaynaysa ardayda ay dawladdu u xilsaartay...,Shirkadda ay dawladdu kiraysanayso ee qiimeeya imtixaannada ardayda ee gobolku waajibiyay waxay ku baxaysaa Craigslist si ay u hesho imtaxaanayaal si ay u akhriyaan qoraallada ardaydeenna.,0
335,Way adag tahay in dadka Portland ku nool ay Haa ugu codeeyaan mea...,"Way adag tahay in dadka Portland ku nool ay Haa ugu codeeyaan cabbirada codbixinta, gaar ahaan marka ay jiraan mucaarad.",0
336,Haddii Madaxweyne Obama saxiixo daawaynta isbedelka cimilada ee Copenhagen...,"Haddii madaxweyne Obama uu saxiixo heshiiska isbeddelka cimilada ee Copenhagen, wuxuu ""sixiixi doonaa xorriyaddaada, dimoqraadiyaddaada, iyo barwaaqadaada weligiin, adiga iyo dawlad kasta oo ku xigta oo aad dooran karto ma lahaan doonto wax awood ah si ay dib ugu soo celiso.""",0
337,Madaxweyne Obama ayaa sheegay in shaqo la’aanta ay ka hooseyso 8...,Waxa uu yidhi Madaxweyne Obama waxa uu ballan qaaday in shaqo la'aanta ay ka hoosayso 8 boqolkiiba haddii kicinta la dhaafo.,0
338,Waxa uu sheegay in Madaxweyne Barack Obama uu ballan qaaday inuu la shaqeyn doono...,"Waxa uu sheegay in iyada oo Madaxweyne Barack Obama uu ballan qaaday in uu la shaqayn doono loo-shaqeeyahaaga si uu hoos ugu dhigo khidmadahaaga $2,500 qoyskiiba sannadkii, sharcigiisa daryeelka caafimaadku waxa uu kor u qaadayaa khidmadaha suuqa gaarka ah $2,100 qoyskiiba.",0
339,Guddiga dib u soo celinta dhaqangelinta ee gobolka ee dhawaan la sameeyay...,"Guddiga dib u eegista dhaqangelinta socdaalka ee gobolka ee dhawaan la sameeyay ayaa dhab ahaantii dacwayn kara, oo ku ridi kara [xukun] xabsiga, haddii aanu keenno xeer ilaaliyaha guud.",0
340,Saddex meelood labo ka mid ah dadka ku nool Wisconsin ayaa si adag uga soo horjeeda...,Saddex meelood laba meel dadka Wisconsin ayaa si adag uga soo horjeeda fikradan ah in si joogto ah looga qaado xuquuqda dadka ee gorgortanka wadajirka ah.,0
341,"Hadda, Golaha Wakiilada, waxaan leenahay 40 kala duwan oo j...","Hadda, Golaha Wakiillada, waxaanu haynaa 40 xeer oo kala duwan oo shaqo ah oo la ansixiyay oo ku dhawaad ​​dhamaantood ahaayeen laba xisbi.",0
342,Wendy Davis waxay kaliya ku samaynaysay lacag ururin Chicago,Wendy Davis waxa ay Chicago ka samaynaysay dhaqaale ururin iyada oo la kaashanaysa ururka hantiwadaaga caalamiga ah.,0
343,Waxa uu yidhi Donald Trump waxa uu taageersan yahay ajande halkaas ka jira oo ah in si gaar loo leeyahay...,Waxa uu yidhi Donald Trump waxa uu taageerayaa ajande halkaa ka jira si gaar looga dhigo nidaamka daryeelka caafimaadka ee Arrimaha Veterans.,0
344,Qofka iga soo waxa uu ballan qaadayaa in uu soo celin doono shaqada hore isaga oo raba in uu iska tago...,Qofka iga soo horjeeda wuxuu ballan qaadayaa inuu soo celin doono shaqooyin hore isagoo u rajeeyay dhaqaalaha adduunka.,0
345,Waxay leedahay warbaahintu waxay abuurtay ereyga polar vortex iyo qabow ai...,Waxay leedahay warbaahintu waxay abuurtay ereyga polar vortex hawada qabowna waxay caddaynaysaa in barafku aanu dhalaalinayn.,0
346,Waxay tiri Cathy Jordan waa la xiray oo laga soo saaray gurigeeda b...,Waxay tiri Cathy Jordan ayaa la xiray oo ay ka soo saareen gurigeeda koox SWAT ah oo hooligan ah si ay u isticmaasho marijuana caafimaad.,0
347,Wuxuu sheegay in dib u habeynta daryeelka caafimaadka qaranka ay tahay mid ay dowladdu la wareegtay...,Waxa uu leeyahay dib u habaynta daryeelka caafimaadka qaranka waa la wareegida dawladda ee daryeelka caafimaadka.,0
348,Waxa uu yidhi Donald Trump waxa uu taageersan yahay ajande halkaas ka jira oo ah in si gaar loo leeyahay...,Waxa uu yidhi Donald Trump waxa uu taageerayaa ajande halkaa ka jira si gaar looga dhigo nidaamka daryeelka caafimaadka ee Arrimaha Veterans.,0
349,Sen. Hutchison waxa uu ka tagey Jamhuuriyiintii oo uu la saftay Dimuqraadiga...,Sen. Hutchison wuu ka tagay Jamhuuriyiintii wuxuuna la istaagay Dimuqraadiyiinta si loo hubiyo in sharciga daryeelka caafimaadku si dhakhso ah u gudbi doono.,0
350,"Barack Obama ""wuxuu doonayaa in dowladda ay la wareegto daryeelka caafimaadka,...","Barack Obama ""wuxuu rabaa in dowladdu ay la wareegto daryeelka caafimaadka, ku bixiso boqolaal bilyan oo doolar oo lacag cusub ah caymiska caafimaadka qof walba.""",0
351,Musharaxa senate-ka Mareykanka Jack Kingston waxa uu ku qarash gareeyay doollarkayaga canshuurta...,Musharaxa senate-ka ee Maraykanka Jack Kingston waxa uu doollarkayaga cashuurta ku kharash gareeyey kumanyaal calaamado wasakh ah.,0
352,Waxaa jira kharashyo maamul oo sarreeya marka aad ku deeqdo Haiti...,Waxaa jira kharashyo maamul oo sarreeya marka aad ku deeqdo gargaarka Haiti iyada oo loo marayo Mareegta Aqalka Cad.,0
353,"Qaar ka mid ah kulliyadaha, oo ay ku jiraan AM, ayaa horey u dammaanad qaaday ...","Qaar ka mid ah kulliyadaha, oo ay ku jirto AM, ayaa horey u dammaanad qaaday inaysan kordhin doonin waxbarashadooda.",0
354,Waxaan u dhimi karnaa shaqo la'aanta kala bar si fudud annaga oo dib u soo ceshanno j...,Waxaan shaqo la'aanta u dhimi karnaa kala bar si fudud innagoo dib u soo ceshanayna shaqooyinkii ay qabteen shaqaalaha sharci darrada ah.,0
355,"Xiligii Madaxweyne Barack Obama, 8.3 (milyan) oo Maraykan ah ayaa ka yar ...","Xilligii Madaxweyne Barack Obama, 8.3 (milyan) oo Maraykan ah ayaa shaqeeya maanta in ka yar sidii ay ahaayeen afar sano ka hor.",0
356,(Madaxweyne Barack Obama) ayaa sheegay in shaqo la’aantu aysan waligeed g...,(Madaxweyne Barack Obama) wuxuu sheegay in shaqo la'aantu aysan weligeed dhaafi doonin 8 boqolkiiba haddii aan gudbino qorshaha kicinta.,0
357,"Xiligii Madaxweyne Barack Obama, 8.3 (milyan) oo Maraykan ah ayaa ka yar ...","Xilligii Madaxweyne Barack Obama, 8.3 (milyan) oo Maraykan ah ayaa shaqeeya maanta in ka yar sidii ay ahaayeen afar sano ka hor.",0
358,Ayaa sheegtay in dowladda federaalku ay amar ku bixisay in dadka aan galmoodka ahayn (sic) iyo h...,Ayaa sheegtay in dawladda federaalku ay amar ku bixinayso dadka aan isu galmoodin (sic) iyo khaniisiinta inay carruurta ku qabsanayaan aagagga khatarta ah ee shisheeyaha iyagoo adeegsanaya magaca ammaanka garoonka diyaaradaha.,0
359,"Inkasta oo ay ka soo horjeesteen naadiga qaranka ee kobaca, naadiga G...","In kasta oo ay ka soo horjeedaan Naadiga kobaca qaranka, Naadiga Kobaca Wisconsin ayaa u ansixiyay Senetka Mareykanka.",0
360,Donald Trump ayaa sheegay in dowladda ay bixineyso qarashka ku baxaya...,Wuxuu yidhi Donald Trump wuxuu sheegay in dawladdu ay bixinayso kharashka qof walba si uu u helo daryeel caafimaad.,0
361,Qofka iga soo waxa uu ballan qaadayaa in uu soo celin doono shaqada hore isaga oo raba in uu iska tago...,Qofka iga soo horjeeda wuxuu ballan qaadayaa inuu soo celin doono shaqooyin hore isagoo u rajeeyay dhaqaalaha adduunka.,0
362,Waxaa jira kharashyo maamul oo sarreeya marka aad ku deeqdo Haiti...,Waxaa jira kharashyo maamul oo sarreeya marka aad ku deeqdo gargaarka Haiti iyada oo loo marayo Mareegta Aqalka Cad.,0
363,"Ohio, waxaan ku maal galinay caruurteena, anagoo kordhinayna maalgelinta iskuulka...","Ohio, waxaanu maal galinay caruurteena, anagoo ku kordhinay maalgelinta dugsiga 5.5 boqolkiiba miisaaniyadii u dambaysay.",0
364,Waxaan ka mid ahaa kuwii ugu horreeyay ee dhaleeceeya ku degdegista dagaalka (Ir...,"Waxaan ka mid ahaa kuwii ugu horreeyay ee dhaleeceeya degdegga ah ee dagaalka (Ciraaq), iyo haa, xitaa ka hor inta uusan dagaalku bilaaban.",0
365,"27-kii bilood ee la soo dhaafay, Madaxweyne Barack Obama waxa uu abuuray...","27-kii bilood ee la soo dhaafay, Madaxweyne Barack Obama waxa uu abuuray shaqooyin ka badan kuwa gaarka loo leeyahay marka loo eego soo kabashada Reagan.",0
366,Musharaxa senate-ka Mareykanka Jack Kingston waxa uu ku qarash gareeyay doollarkayaga canshuurta...,Musharaxa senate-ka ee Maraykanka Jack Kingston waxa uu doollarkayaga cashuurta ku kharash gareeyey kumanyaal calaamado wasakh ah.,0
367,Shirkadda ay dawladdu kiraysanayso ee qiimaynaysa ardayda ay dawladdu u xilsaartay...,Shirkadda ay dawladdu kiraysanayso ee qiimeeya imtixaannada ardayda ee gobolku waajibiyay waxay ku baxaysaa Craigslist si ay u hesho imtaxaanayaal si ay u akhriyaan qoraallada ardaydeenna.,0
368,Saddex meelood labo meel Granite States ayaa kasoo horjeeda xisbiga Shaaha iyo xisbigiisa...,Saddex meelood laba meel Granite States waxay ka soo horjeedaan Xisbiga Shaaha iyo ajandihiisa ku saabsan ururada shaqaalaha.,0
369,Xildhibaanada Aqalka Sare ayaa meel mariyay mushaar kordhin dhan $10...,"Xubnaha Congress-ka waxay ku ansixiyeen mushaar kordhin dhan $10,000 muddo laba sano ah xitaa iyagoo u codeeyay inaanan kor loo qaadin macaashka Lambarka Bulshada 2010 iyo 2011.",0
370,"Qoysaska Maraykanku waxay ku dadaalaan inay helaan $4,250 bishii. Obama ayaa...","Qoysaska Maraykanku waxay ku dadaalaan inay helaan $4,250 bishii. Obama waxa uu ku kharash gareeyaa $18,972 bishii ilmo kasta oo sharci-darro ah.",0
371,Way adag tahay in dadka Portland ku nool ay Haa ugu codeeyaan mea...,"Way adag tahay in dadka Portland ku nool ay Haa ugu codeeyaan cabbirada codbixinta, gaar ahaan marka ay jiraan mucaarad.",0
372,Frank Guinta ayaa u codeeyay in cashuur bixiyayaasha dabaqadda dhexe ay bixiyaan lacag ka badan...,"Frank Guinta ayaa u codeeyay in cashuur bixiyayaasha dabaqadda dhexe ay bixiyaan in ka badan $1,000 oo dheeraad ah sannadkii.",0
373,Magaalada Pembroke Pines ayaan wax cod ah ku lahayn qorshe lagu b...,Magaalada Pembroke Pines ayaan wax cod ah ku lahayn qorshaha lagu dhisayo xarun dadka lagu hayo ee Koonfur Galbeed Ranches.,0
374,Xirmada dhiirigelinta waxaa ku jira sharci ka soo horjeeda Masiixi...,"Xirmada dhiirigelinta waxaa ku jira sharci lid ku ah Masiixiyiinta kaas oo joojin doona kaniisadaha inay u isticmaalaan dugsiyada dadweynaha kulannada axada, iyo sidoo kale Boy Scouts iyo kooxaha ardada barta Kitaabka Quduuska ah.",0
375,"Wuxuu yidhi Mitt Romney wuxuu taageeray sharcia dhammaan ilmo iska soo rididda, e...","Wuxuu yidhi Mitt Romney wuxuu taageeray sharci mamnuucaya dhammaan ilmo iska soo rididda, xitaa kiisaska kufsiga iyo jinsiga.",0
376,"Waxa uu sheegay in uu ahaa saldhigga gobolka Utah, uu markii la shaqeeyay s ...","Wuxuu sheegay in markii uu ahaa guddoomiyaha Utah, uu la shaqeeyay Sharci-dejinta gobolka si loo abuuro canshuur siman oo dhimaysa canshuurta dakhliga boqolkiiba 30.",0
377,Xildhibaanada Aqalka Sare ayaa meel mariyay mushaar kordhin dhan $10...,"Xubnaha Congress-ka waxay ku ansixiyeen mushaar kordhin dhan $10,000 muddo laba sano ah xitaa iyagoo u codeeyay inaanan kor loo qaadin macaashka Lambarka Bulshada 2010 iyo 2011.",0
378,"McCain ""wuxuu u codeeyay inuu dhimo maalgelinta waxbarashada, isagoo ka soo horjeeda la xisaabtanka","McCain ""wuxuu u codeeyay inuu dhimo maalgelinta waxbarashada, isagoo ka soo horjeeda heerarka isla xisaabtanka. Wuxuu xitaa soo jeediyay in la baabi'iyo Waaxda Waxbarashada.""",0
379,Miisaaniyadda Madaxweyne Barack Obama ayaa khatar ku ah amniga qaranka b...,Miisaaniyadda Madaxweyne Barack Obamas waxay khatar ku tahay amniga qaranka isagoo soo jeedinaya Ciidan ka kooban shaqaale ka yar kuwii aan haysanay ka hor Pearl Harbor.,0
380,Marka kaliya ee shaqada dawladdu hoos u dhacday intii lagu jiray...,Marka kaliya ee shaqaalaynta dawladdu hoos u dhacday inta lagu jiro dhaqaale-xumada ayaa aniga hoos ii dhacday.,0
381,Wuxuu sheegay in dib u habeynta daryeelka caafimaadka qaranka ay tahay mid ay dowladdu la wareegtay...,Waxa uu leeyahay dib u habaynta daryeelka caafimaadka qaranka waa la wareegida dawladda ee daryeelka caafimaadka.,0
382,"Si qarsoodi ah, iyadoo aan la ogeyn xubnaha Congress-ka, in ka badan $105 biil...","Si qarsoodi ah, iyadoo aan la ogeyn xubnaha Congress-ka, in ka badan 105 bilyan ayaa lagu qariyay sharciga Obamacare.",0
383,Waajibaadka daryeelka caafimaadku wuxuu u baahan doonaa xadhig iyo ganaax...,Waajibaadka daryeelka caafimaadku waxay u baahan doontaa xadhig iyo ganaax lacageed dadka Maraykanka ah ee aan awoodin inay iibsadaan caymis ama bixiyaan ganaaxyo culus oo dawladeed.,0
384,Barasaabkii hore ee Alaska Sarah Palin ayaa ku saxnayd in madaxweynaha...,"Guddoomiyihii hore ee Alaska Sarah Palin waxay ku saxsanayd in sharciga daryeelka caafimaadka ee Madaxweyne Barack Obama uu abuuray waxa, dhab ahaan, noqon lahaa guddiyada dhimashada.",0
385,Magaalada Pembroke Pines ayaan wax cod ah ku lahayn qorshe lagu b...,Magaalada Pembroke Pines ayaan wax cod ah ku lahayn qorshaha lagu dhisayo xarun dadka lagu hayo ee Koonfur Galbeed Ranches.,0
386,Waxa uu sheegay in Madaxweyne Barack Obama uu ballan qaaday inuu la shaqeyn doono...,"Waxa uu sheegay in iyada oo Madaxweyne Barack Obama uu ballan qaaday in uu la shaqayn doono loo-shaqeeyahaaga si uu hoos ugu dhigo khidmadahaaga $2,500 qoyskiiba sannadkii, sharcigiisa daryeelka caafimaadku waxa uu kor u qaadayaa khidmadaha suuqa gaarka ah $2,100 qoyskiiba.",0
387,Wendy Davis waxay kaliya ku samaynaysay lacag ururin Chicago,Wendy Davis waxa ay Chicago ka samaynaysay dhaqaale ururin iyada oo la kaashanaysa ururka hantiwadaaga caalamiga ah.,0
388,Saddex meelood labo meel Granite States ayaa kasoo horjeeda xisbiga Shaaha iyo xisbigiisa...,Saddex meelood laba meel Granite States waxay ka soo horjeedaan Xisbiga Shaaha iyo ajandihiisa ku saabsan ururada shaqaalaha.,0
389,Wuxuu sheegay in dib u habeynta daryeelka caafimaadka qaranka ay tahay mid ay dowladdu la wareegtay...,Waxa uu leeyahay dib u habaynta daryeelka caafimaadka qaranka waa la wareegida dawladda ee daryeelka caafimaadka.,0
390,Maxay ahaayeen hoos u dhacii sanadlaha ahaa ee Jamhuuriga hadda...,Maxay ahaayeen khasaare sanadeedkii hore ee Jamhuuriyiinta ayaa hadda noqday hoos u dhacyada billaha ah ee hoos yimaada Dimuqraadiyiinta.,0
391,Waxa uu yidhi Madaxweyne Obama waxa uu afduubay biilka beeraha (oo) waxa uu u rogay i...,Waxa uu yidhi Madaxweyne Obama waxa uu afduubay biilka beeraha (oo) waxa uu ka dhigay biilka cuntada.,0
392,"Qoysaska Maraykanku waxay ku dadaalaan inay helaan $4,250 bishii. Obama ayaa...","Qoysaska Maraykanku waxay ku dadaalaan inay helaan $4,250 bishii. Obama waxa uu ku kharash gareeyaa $18,972 bishii ilmo kasta oo sharci-darro ah.",0
393,Waxa uu sheegay in Romney uu maalgashaday shirkad alaab ka samaysa Shiinaha oo...,Waxa uu yidhi Romney waxa uu maalgashaday shirkad alaabo ka samaynaysa Shiinaha oo laga samayn lahaa halkan America.,0
394,Xildhibaanada Aqalka Sare ayaa meel mariyay mushaar kordhin dhan $10...,"Xubnaha Congress-ka waxay ku ansixiyeen mushaar kordhin dhan $10,000 muddo laba sano ah xitaa iyagoo u codeeyay inaanan kor loo qaadin macaashka Lambarka Bulshada 2010 iyo 2011.",0
395,Magaalada Pembroke Pines ayaan wax cod ah ku lahayn qorshe lagu b...,Magaalada Pembroke Pines ayaan wax cod ah ku lahayn qorshaha lagu dhisayo xarun dadka lagu hayo ee Koonfur Galbeed Ranches.,0
396,"In ka badan 100,000 oo haween ah oo ku nool Texas ayaa isku dayay in ay iskood isu soo dhisaan.","In ka badan 100,000 oo haween ah oo ku nool Texas ayaa isku dayay inay iskood iska soo xaaqaan sannadkii la soo dhaafay oo keliya.",0
397,Madaxweyne Obama ayaa sheegay in shaqo la’aanta ay ka hooseyso 8...,Waxa uu yidhi Madaxweyne Obama waxa uu ballan qaaday in shaqo la'aanta ay ka hoosayso 8 boqolkiiba haddii kicinta la dhaafo.,0
398,Adigoo isticmaalaya daldaloolo yar oo la yaqaan ... Minions Obama waa la oggol yahay ...,Adigoo isticmaalaya daldaloolo yar oo la yaqaan ... Minions Obama waxay u oggolaanayaan Shirkadda Nestle inay ka dhoofiso biyaha macaan ee qaaliga ah harada Michigan.,0
399,Frank Guinta ayaa u codeeyay in cashuur bixiyayaasha dabaqadda dhexe ay bixiyaan lacag ka badan...,"Frank Guinta ayaa u codeeyay in cashuur bixiyayaasha dabaqadda dhexe ay bixiyaan in ka badan $1,000 oo dheeraad ah sannadkii.",0
400,Barasaabkii hore ee Alaska Sarah Palin ayaa ku saxnayd in madaxweynaha...,"Guddoomiyihii hore ee Alaska Sarah Palin waxay ku saxsanayd in sharciga daryeelka caafimaadka ee Madaxweyne Barack Obama uu abuuray waxa, dhab ahaan, noqon lahaa guddiyada dhimashada.",0
401,"Waxa uu sheegay in uu ahaa saldhigga gobolka Utah, uu markii la shaqeeyay s ...","Wuxuu sheegay in markii uu ahaa guddoomiyaha Utah, uu la shaqeeyay Sharci-dejinta gobolka si loo abuuro canshuur siman oo dhimaysa canshuurta dakhliga boqolkiiba 30.",0
402,Waajibaadka daryeelka caafimaadku wuxuu u baahan doonaa xadhig iyo ganaax...,Waajibaadka daryeelka caafimaadku waxay u baahan doontaa xadhig iyo ganaax lacageed dadka Maraykanka ah ee aan awoodin inay iibsadaan caymis ama bixiyaan ganaaxyo culus oo dawladeed.,0
403,Xirmada dhiirigelinta waxaa ku jira sharci ka soo horjeeda Masiixi...,"Xirmada dhiirigelinta waxaa ku jira sharci lid ku ah Masiixiyiinta kaas oo joojin doona kaniisadaha inay u isticmaalaan dugsiyada dadweynaha kulannada axada, iyo sidoo kale Boy Scouts iyo kooxaha ardada barta Kitaabka Quduuska ah.",0
404,"Barack Obama ""wuxuu doonayaa in dowladda ay la wareegto daryeelka caafimaadka,...","Barack Obama ""wuxuu rabaa in dowladdu ay la wareegto daryeelka caafimaadka, ku bixiso boqolaal bilyan oo doolar oo lacag cusub ah caymiska caafimaadka qof walba.""",0
405,"Qoysaska Maraykanku waxay ku dadaalaan inay helaan $4,250 bishii. Obama ayaa...","Qoysaska Maraykanku waxay ku dadaalaan inay helaan $4,250 bishii. Obama waxa uu ku kharash gareeyaa $18,972 bishii ilmo kasta oo sharci-darro ah.",0
406,(Madaxweyne Barack Obama) ayaa sheegay in shaqo la’aantu aysan waligeed g...,(Madaxweyne Barack Obama) wuxuu sheegay in shaqo la'aantu aysan weligeed dhaafi doonin 8 boqolkiiba haddii aan gudbino qorshaha kicinta.,0
407,Wuxuu sheegay in dib u habeynta daryeelka caafimaadka qaranka ay tahay mid ay dowladdu la wareegtay...,Waxa uu leeyahay dib u habaynta daryeelka caafimaadka qaranka waa la wareegida dawladda ee daryeelka caafimaadka.,0
408,Qofka iga soo waxa uu ballan qaadayaa in uu soo celin doono shaqada hore isaga oo raba in uu iska tago...,Qofka iga soo horjeeda wuxuu ballan qaadayaa inuu soo celin doono shaqooyin hore isagoo u rajeeyay dhaqaalaha adduunka.,0
409,Wuxuu sheegay in eedeymaha ah inuu sameeyay galmo aan loo baahnayn oo ku saabsan ...,Waxa uu sheegay in eedeymaha ah in uu sameeyay galmo aan la rabin oo uu ku sameeyay haweeney ku xigeen shariif ah ay laba garsoore oo kala duwan ay ku heleen in aysan mudneyn.,0
410,Magaalada Pembroke Pines ayaan wax cod ah ku lahayn qorshe lagu b...,Magaalada Pembroke Pines ayaan wax cod ah ku lahayn qorshaha lagu dhisayo xarun dadka lagu hayo ee Koonfur Galbeed Ranches.,0
411,Bal eeg waxa uu agaasimaha FBI-da ka yidhi iyada (Hillary C...,Bal u fiirso waxa uu agaasimaha FBI-da ka yidhi (Hillary Clinton) dhaqan-xumada ay samaysay waa ceeb iyo ceeb dalkeena.,0
412,Ciidamada badda ayaa dacwad ku soo oogaya sarkaal ka tirsan ciidamada badda oo toogtay...,Ciidanka badda ayaa dacwad ku soo oogaya sarkaal ka tirsan ciidamada badda oo toogtay toogashadii Chattanooga ka dib markii uu si sharci darro ah hub ugu furay hanti federaal ah.,0
413,Wuxuu sheegay in uu ku guuleystay codka shacabka haddii aad ka jarto malaayiinta p...,Waxa uu sheegay in uu ku guulaystay codka shacabka haddii aad ka jarto malaayiinta qof ee sida sharci darrada ah u codeeyay.,0
414,Waxaan u dhimi karnaa shaqo la'aanta kala bar si fudud annaga oo dib u soo ceshanno j...,Waxaan shaqo la'aanta u dhimi karnaa kala bar si fudud innagoo dib u soo ceshanayna shaqooyinkii ay qabteen shaqaalaha sharci darrada ah.,0
415,Maxay ahaayeen hoos u dhacii sanadlaha ahaa ee Jamhuuriga hadda...,Maxay ahaayeen khasaare sanadeedkii hore ee Jamhuuriyiinta ayaa hadda noqday hoos u dhacyada billaha ah ee hoos yimaada Dimuqraadiyiinta.,0
416,Muwaadiniin Jarmal ah ayaa dawladoodii hub ka dhigis ku samaysay dhamaadkii...,"Muwaadiniinta Jarmalku waxa hub ka dhigis ku sameeyay dawladoodii dabayaaqadii 1930-meeyadii, taas oo u ogolaatay Naasiyiintii in ay fuliyaan ujeedooyinkooda xun iyaga oo iska caabin yar leh.",0
417,Wuxuu yiri Ron Johnson run ahaantii waxba ma uusan qaban si uu ula dagaallamo geesiga ...,Wuxuu yidhi Ron Johnson run ahaantii waxba ma uu samayn si uu ula dagaallamo balwadda heroin-ka iyo xad-gudubka opioid.,0
418,Nidaamka xogta ee la socda Common Core waxaa loo qaabeeyey t...,"Nidaamka xogta ee la socda Core Common waxaa loogu talagalay in lagu ururiyo ilaa 400 dhibcood ilmo kasta, taas oo ay ku jiri karto xogta shakhsi ahaan lagu aqoonsan karo.",0
419,Canshuuraha guryuhu hadda 18% way ka sarreeyaan markii (Mark Sharpe) kow...,Canshuuraha guryuhu hadda 18% way ka sarreeyaan markii (Mark Sharpe) markii ugu horreysay ee uu xafiiska la wareegay.,0
420,"Barack Obama ""wuxuu doonayaa in dowladda ay la wareegto daryeelka caafimaadka,...","Barack Obama ""wuxuu rabaa in dowladdu ay la wareegto daryeelka caafimaadka, ku bixiso boqolaal bilyan oo doolar oo lacag cusub ah caymiska caafimaadka qof walba.""",0
421,Donald Trump ayaa sheegay in dowladda ay bixineyso qarashka ku baxaya...,Wuxuu yidhi Donald Trump wuxuu sheegay in dawladdu ay bixinayso kharashka qof walba si uu u helo daryeel caafimaad.,0
422,Adigoo isticmaalaya daldaloolo yar oo la yaqaan ... Minions Obama waa la oggol yahay ...,Adigoo isticmaalaya daldaloolo yar oo la yaqaan ... Minions Obama waxay u oggolaanayaan Shirkadda Nestle inay ka dhoofiso biyaha macaan ee qaaliga ah harada Michigan.,0
423,Wuxuu sheegay in dib u habeynta daryeelka caafimaadka qaranka ay tahay mid ay dowladdu la wareegtay...,Waxa uu leeyahay dib u habaynta daryeelka caafimaadka qaranka waa la wareegida dawladda ee daryeelka caafimaadka.,0
424,Is-dilku wuxuu ka imaanayaa calaamad ah ee waaweyn oo leh ...,Is-dilku wuxuu ka yimaadaa dawladda dhexe ee waaweyn oo leh waxba uma qalantid laakiin waxaad ku heli doontaa wax aan waxba ahayn.,0
425,"Hadda, Golaha Wakiilada, waxaan leenahay 40 kala duwan oo j...","Hadda, Golaha Wakiillada, waxaanu haynaa 40 xeer oo kala duwan oo shaqo ah oo la ansixiyay oo ku dhawaad ​​dhamaantood ahaayeen laba xisbi.",0
426,Wuxuu sheegay in eedeymaha ah inuu sameeyay galmo aan loo baahnayn oo ku saabsan ...,Waxa uu sheegay in eedeymaha ah in uu sameeyay galmo aan la rabin oo uu ku sameeyay haweeney ku xigeen shariif ah ay laba garsoore oo kala duwan ay ku heleen in aysan mudneyn.,0
427,"McCain ""wuxuu u codeeyay inuu dhimo maalgelinta waxbarashada, isagoo ka soo horjeeda la xisaabtanka","McCain ""wuxuu u codeeyay inuu dhimo maalgelinta waxbarashada, isagoo ka soo horjeeda heerarka isla xisaabtanka. Wuxuu xitaa soo jeediyay in la baabi'iyo Waaxda Waxbarashada.""",0
428,Madaxweyne Obama ayaa sheegay in shaqo la’aanta ay ka hooseyso 8...,Waxa uu yidhi Madaxweyne Obama waxa uu ballan qaaday in shaqo la'aanta ay ka hoosayso 8 boqolkiiba haddii kicinta la dhaafo.,0
429,Waxaa jira kharashyo maamul oo sarreeya marka aad ku deeqdo Haiti...,Waxaa jira kharashyo maamul oo sarreeya marka aad ku deeqdo gargaarka Haiti iyada oo loo marayo Mareegta Aqalka Cad.,0
430,Waxa uu sheegay in Madaxweyne Barack Obama uu ballan qaaday inuu la shaqeyn doono...,"Waxa uu sheegay in iyada oo Madaxweyne Barack Obama uu ballan qaaday in uu la shaqayn doono loo-shaqeeyahaaga si uu hoos ugu dhigo khidmadahaaga $2,500 qoyskiiba sannadkii, sharcigiisa daryeelka caafimaadku waxa uu kor u qaadayaa khidmadaha suuqa gaarka ah $2,100 qoyskiiba.",0
431,"Hadda, Golaha Wakiilada, waxaan leenahay 40 kala duwan oo j...","Hadda, Golaha Wakiillada, waxaanu haynaa 40 xeer oo kala duwan oo shaqo ah oo la ansixiyay oo ku dhawaad ​​dhamaantood ahaayeen laba xisbi.",0
432,Ayaa sheegay in Adeegga Boostada Maraykanku aanay qaadan wax gargaar cashuur bixiye ah tan iyo markii...,"Waxa uu leeyahay Adeegga Boostada Maraykanku ma qaadin wax gargaar cashuur bixiye ah ilaa 1971, waxa ay maalgelisaa hawlaha gabi ahaan iibinta stamps iyo alaabta la xidhiidha oo waxa ay samaysaa faa'iido hawl gal sanadba sanadka ka dambeeya.",0
433,Waxay qaadataa tamar aad u badan si loo sameeyo panel cadceedda sida ay u badan tahay g...,Waxay qaadataa tamar aad u badan si loo sameeyo alwaax qoraxda sida ay u badan tahay inay soo saarto nolosheeda oo dhan.,0
434,Wendy Davis waxay kaliya ku samaynaysay lacag ururin Chicago,Wendy Davis waxa ay Chicago ka samaynaysay dhaqaale ururin iyada oo la kaashanaysa ururka hantiwadaaga caalamiga ah.,0
435,Madaxweyne Obama ayaa sheegay in shaqo la’aanta ay ka hooseyso 8...,Waxa uu yidhi Madaxweyne Obama waxa uu ballan qaaday in shaqo la'aanta ay ka hoosayso 8 boqolkiiba haddii kicinta la dhaafo.,0
436,Wuxuu sheegay in uu ku guuleystay codka shacabka haddii aad ka jarto malaayiinta p...,Waxa uu sheegay in uu ku guulaystay codka shacabka haddii aad ka jarto malaayiinta qof ee sida sharci darrada ah u codeeyay.,0
437,Waxa uu yidhi Mike Dovilla waxa uu taageersan yahay qorshe u ogolaan kara ajaanib...,Wuxuu yiri Mike Dovilla wuxuu taageersan yahay qorshe u oggolaanaya shirkad ajnabi ah inay la wareegto Ohio Turnpike,0
438,"Ohio, waxaan ku maal galinay caruurteena, anagoo kordhinayna maalgelinta iskuulka...","Ohio, waxaanu maal galinay caruurteena, anagoo ku kordhinay maalgelinta dugsiga 5.5 boqolkiiba miisaaniyadii u dambaysay.",0
439,Marka kaliya ee shaqada dawladdu hoos u dhacday intii lagu jiray...,Marka kaliya ee shaqaalaynta dawladdu hoos u dhacday inta lagu jiro dhaqaale-xumada ayaa aniga hoos ii dhacday.,0
440,Waxa uu sheegay in Madaxweyne Barack Obama uu ballan qaaday inuu la shaqeyn doono...,"Waxa uu sheegay in iyada oo Madaxweyne Barack Obama uu ballan qaaday in uu la shaqayn doono loo-shaqeeyahaaga si uu hoos ugu dhigo khidmadahaaga $2,500 qoyskiiba sannadkii, sharcigiisa daryeelka caafimaadku waxa uu kor u qaadayaa khidmadaha suuqa gaarka ah $2,100 qoyskiiba.",0
441,Donald Trump ayaa sheegay in dowladda ay bixineyso qarashka ku baxaya...,Wuxuu yidhi Donald Trump wuxuu sheegay in dawladdu ay bixinayso kharashka qof walba si uu u helo daryeel caafimaad.,0
442,"Waxa uu sheegay in uu ahaa saldhigga gobolka Utah, uu markii la shaqeeyay s ...","Wuxuu sheegay in markii uu ahaa guddoomiyaha Utah, uu la shaqeeyay Sharci-dejinta gobolka si loo abuuro canshuur siman oo dhimaysa canshuurta dakhliga boqolkiiba 30.",0
443,Muwaadiniin Jarmal ah ayaa dawladoodii hub ka dhigis ku samaysay dhamaadkii...,"Muwaadiniinta Jarmalku waxa hub ka dhigis ku sameeyay dawladoodii dabayaaqadii 1930-meeyadii, taas oo u ogolaatay Naasiyiintii in ay fuliyaan ujeedooyinkooda xun iyaga oo iska caabin yar leh.",0
444,Xildhibaanada Aqalka Sare ayaa meel mariyay mushaar kordhin dhan $10...,"Xubnaha Congress-ka waxay ku ansixiyeen mushaar kordhin dhan $10,000 muddo laba sano ah xitaa iyagoo u codeeyay inaanan kor loo qaadin macaashka Lambarka Bulshada 2010 iyo 2011.",0
445,"Hadda, Golaha Wakiilada, waxaan leenahay 40 kala duwan oo j...","Hadda, Golaha Wakiillada, waxaanu haynaa 40 xeer oo kala duwan oo shaqo ah oo la ansixiyay oo ku dhawaad ​​dhamaantood ahaayeen laba xisbi.",0
446,"Mashruuca Buffalos SolarCity, Andrew Cuomo wuxuu abuuri doonaa laga yaabee ...","Mashruuca Buffalos SolarCity, Andrew Cuomo wuxuu abuuri doonaa laga yaabee 500 shaqo haddii ay weligeed dhacdo, qiyaastii $1.5 milyan shaqa kasta.",0
447,Maraykanku kama mid ahayn 16 waddan oo David Pe...,Mareykanka ayaan ka mid ahayn 16 wadan oo David Perdue uu ku sheegay in Pillowtex uu shaqo ka abuuray.,0
448,"Waxa uu sheegay in uu ahaa saldhigga gobolka Utah, uu markii la shaqeeyay s ...","Wuxuu sheegay in markii uu ahaa guddoomiyaha Utah, uu la shaqeeyay Sharci-dejinta gobolka si loo abuuro canshuur siman oo dhimaysa canshuurta dakhliga boqolkiiba 30.",0
449,Xirmada dhiirigelinta waxaa ku jira sharci ka soo horjeeda Masiixi...,"Xirmada dhiirigelinta waxaa ku jira sharci lid ku ah Masiixiyiinta kaas oo joojin doona kaniisadaha inay u isticmaalaan dugsiyada dadweynaha kulannada axada, iyo sidoo kale Boy Scouts iyo kooxaha ardada barta Kitaabka Quduuska ah.",0
450,Haddii aad iibiso gurigaaga wixii ka dambeeya 2012 waxaad bixin doontaa boqolkiiba 3.8...,Haddii aad iibiso gurigaaga wixii ka dambeeya 2012 waxaad ka bixin doontaa boqolkiiba 3.8 canshuurta iibka.,0
451,(Madaxweyne Barack Obama) ayaa sheegay in shaqo la’aantu aysan waligeed g...,(Madaxweyne Barack Obama) wuxuu sheegay in shaqo la'aantu aysan weligeed dhaafi doonin 8 boqolkiiba haddii aan gudbino qorshaha kicinta.,0
452,"Barack Obama ""wuxuu doonayaa in dowladda ay la wareegto daryeelka caafimaadka,...","Barack Obama ""wuxuu rabaa in dowladdu ay la wareegto daryeelka caafimaadka, ku bixiso boqolaal bilyan oo doolar oo lacag cusub ah caymiska caafimaadka qof walba.""",0
453,Madaxweyne Obama ayaa sheegay in shaqo la’aanta ay ka hooseyso 8...,Waxa uu yidhi Madaxweyne Obama waxa uu ballan qaaday in shaqo la'aanta ay ka hoosayso 8 boqolkiiba haddii kicinta la dhaafo.,0
454,"Wuxuu yidhi Mitt Romney wuxuu taageeray sharcia dhammaan ilmo iska soo rididda, e...","Wuxuu yidhi Mitt Romney wuxuu taageeray sharci mamnuucaya dhammaan ilmo iska soo rididda, xitaa kiisaska kufsiga iyo jinsiga.",0
455,Codbixinta ayaa muujineysa in Floridians aysan dooneynin inay baabi'iyaan lacagta la awoodi karo…,Ra'yi ururintu waxay muujinayaan in Floridians aysan rabin inay tirtiraan Sharciga Daryeelka La awoodi karo.,0
456,Frank Guinta ayaa u codeeyay in cashuur bixiyayaasha dabaqadda dhexe ay bixiyaan lacag ka badan...,"Frank Guinta ayaa u codeeyay in cashuur bixiyayaasha dabaqadda dhexe ay bixiyaan in ka badan $1,000 oo dheeraad ah sannadkii.",0
457,Boqolkiiba 95 lacagta loo isticmaalo ururka shaqaalaha wor...,Boqolkiiba shan iyo sagaashan lacagta loo isticmaalo xarumaha tababarka shaqaalaha ee ay ku shaqeeyaan ururka waxay ka yimaadaan loo shaqeeyayaasha.,0
458,Barasaabkii hore ee Alaska Sarah Palin ayaa ku saxnayd in madaxweynaha...,"Guddoomiyihii hore ee Alaska Sarah Palin waxay ku saxsanayd in sharciga daryeelka caafimaadka ee Madaxweyne Barack Obama uu abuuray waxa, dhab ahaan, noqon lahaa guddiyada dhimashada.",0
459,Adigoo isticmaalaya daldaloolo yar oo la yaqaan ... Minions Obama waa la oggol yahay ...,Adigoo isticmaalaya daldaloolo yar oo la yaqaan ... Minions Obama waxay u oggolaanayaan Shirkadda Nestle inay ka dhoofiso biyaha macaan ee qaaliga ah harada Michigan.,0
460,Musharaxa senate-ka Mareykanka Jack Kingston waxa uu ku qarash gareeyay doollarkayaga canshuurta...,Musharaxa senate-ka ee Maraykanka Jack Kingston waxa uu doollarkayaga cashuurta ku kharash gareeyey kumanyaal calaamado wasakh ah.,0
461,Is-dilku wuxuu ka imaanayaa calaamad ah ee waaweyn oo leh ...,Is-dilku wuxuu ka yimaadaa dawladda dhexe ee waaweyn oo leh waxba uma qalantid laakiin waxaad ku heli doontaa wax aan waxba ahayn.,0
462,Waxaa jira kharashyo maamul oo sarreeya marka aad ku deeqdo Haiti...,Waxaa jira kharashyo maamul oo sarreeya marka aad ku deeqdo gargaarka Haiti iyada oo loo marayo Mareegta Aqalka Cad.,0
463,Guddiga dib u soo celinta dhaqangelinta ee gobolka ee dhawaan la sameeyay...,"Guddiga dib u eegista dhaqangelinta socdaalka ee gobolka ee dhawaan la sameeyay ayaa dhab ahaantii dacwayn kara, oo ku ridi kara [xukun] xabsiga, haddii aanu keenno xeer ilaaliyaha guud.",0
464,"Hadda, Golaha Wakiilada, waxaan leenahay 40 kala duwan oo j...","Hadda, Golaha Wakiillada, waxaanu haynaa 40 xeer oo kala duwan oo shaqo ah oo la ansixiyay oo ku dhawaad ​​dhamaantood ahaayeen laba xisbi.",0
465,"Mashruuca Buffalos SolarCity, Andrew Cuomo wuxuu abuuri doonaa laga yaabee ...","Mashruuca Buffalos SolarCity, Andrew Cuomo wuxuu abuuri doonaa laga yaabee 500 shaqo haddii ay weligeed dhacdo, qiyaastii $1.5 milyan shaqa kasta.",0
466,Waxay qaadataa tamar aad u badan si loo sameeyo panel cadceedda sida ay u badan tahay g...,Waxay qaadataa tamar aad u badan si loo sameeyo alwaax qoraxda sida ay u badan tahay inay soo saarto nolosheeda oo dhan.,0
467,Waxay leedahay warbaahintu waxay abuurtay ereyga polar vortex iyo qabow ai...,Waxay leedahay warbaahintu waxay abuurtay ereyga polar vortex hawada qabowna waxay caddaynaysaa in barafku aanu dhalaalinayn.,0
468,Waxa uu yidhi Donald Trump waxa uu taageersan yahay ajande halkaas ka jira oo ah in si gaar loo leeyahay...,Waxa uu yidhi Donald Trump waxa uu taageerayaa ajande halkaa ka jira si gaar looga dhigo nidaamka daryeelka caafimaadka ee Arrimaha Veterans.,0
469,Ciidamada badda ayaa dacwad ku soo oogaya sarkaal ka tirsan ciidamada badda oo toogtay...,Ciidanka badda ayaa dacwad ku soo oogaya sarkaal ka tirsan ciidamada badda oo toogtay toogashadii Chattanooga ka dib markii uu si sharci darro ah hub ugu furay hanti federaal ah.,0
470,Nidaamka xogta ee la socda Common Core waxaa loo qaabeeyey t...,"Nidaamka xogta ee la socda Core Common waxaa loogu talagalay in lagu ururiyo ilaa 400 dhibcood ilmo kasta, taas oo ay ku jiri karto xogta shakhsi ahaan lagu aqoonsan karo.",0
471,Hindise sharciyeedka gobolka ayaa soo afjari doona shuruudihii muddada dheer ee ahaa in deegaanka...,Hindise-sharciyeedka gobolku waxa uu soo afjarayaa shuruudii muddada dheer u baahnayd ee ah in dawladaha hoose ay dayactiraan waddooyinka waaweyn iyo laamiyada-- oo ay ka horjoogsadaan muwaadiniinta dhaawaca ah in ay dacweeyaan dayactirka la dayacay.,0
472,Is-dilku wuxuu ka imaanayaa calaamad ah ee waaweyn oo leh ...,Is-dilku wuxuu ka yimaadaa dawladda dhexe ee waaweyn oo leh waxba uma qalantid laakiin waxaad ku heli doontaa wax aan waxba ahayn.,0
473,Magaalada Pembroke Pines ayaan wax cod ah ku lahayn qorshe lagu b...,Magaalada Pembroke Pines ayaan wax cod ah ku lahayn qorshaha lagu dhisayo xarun dadka lagu hayo ee Koonfur Galbeed Ranches.,0
474,"Qoysaska Maraykanku waxay ku dadaalaan inay helaan $4,250 bishii. Obama ayaa...","Qoysaska Maraykanku waxay ku dadaalaan inay helaan $4,250 bishii. Obama waxa uu ku kharash gareeyaa $18,972 bishii ilmo kasta oo sharci-darro ah.",0
475,"Si qarsoodi ah, iyadoo aan la ogeyn xubnaha Congress-ka, in ka badan $105 biil...","Si qarsoodi ah, iyadoo aan la ogeyn xubnaha Congress-ka, in ka badan 105 bilyan ayaa lagu qariyay sharciga Obamacare.",0
476,Boqolkiiba 95 lacagta loo isticmaalo ururka shaqaalaha wor...,Boqolkiiba shan iyo sagaashan lacagta loo isticmaalo xarumaha tababarka shaqaalaha ee ay ku shaqeeyaan ururka waxay ka yimaadaan loo shaqeeyayaasha.,0
477,Saddex meelood labo ka mid ah dadka ku nool Wisconsin ayaa si adag uga soo horjeeda...,Saddex meelood laba meel dadka Wisconsin ayaa si adag uga soo horjeeda fikradan ah in si joogto ah looga qaado xuquuqda dadka ee gorgortanka wadajirka ah.,0
478,Xildhibaanada Aqalka Sare ayaa meel mariyay mushaar kordhin dhan $10...,"Xubnaha Congress-ka waxay ku ansixiyeen mushaar kordhin dhan $10,000 muddo laba sano ah xitaa iyagoo u codeeyay inaanan kor loo qaadin macaashka Lambarka Bulshada 2010 iyo 2011.",0
479,Ayaa sheegay in Adeegga Boostada Maraykanku aanay qaadan wax gargaar cashuur bixiye ah tan iyo markii...,"Waxa uu leeyahay Adeegga Boostada Maraykanku ma qaadin wax gargaar cashuur bixiye ah ilaa 1971, waxa ay maalgelisaa hawlaha gabi ahaan iibinta stamps iyo alaabta la xidhiidha oo waxa ay samaysaa faa'iido hawl gal sanadba sanadka ka dambeeya.",0
480,"Ohio, waxaan ku maal galinay caruurteena, anagoo kordhinayna maalgelinta iskuulka...","Ohio, waxaanu maal galinay caruurteena, anagoo ku kordhinay maalgelinta dugsiga 5.5 boqolkiiba miisaaniyadii u dambaysay.",0
481,Ayaa sheegay in Adeegga Boostada Maraykanku aanay qaadan wax gargaar cashuur bixiye ah tan iyo markii...,"Waxa uu leeyahay Adeegga Boostada Maraykanku ma qaadin wax gargaar cashuur bixiye ah ilaa 1971, waxa ay maalgelisaa hawlaha gabi ahaan iibinta stamps iyo alaabta la xidhiidha oo waxa ay samaysaa faa'iido hawl gal sanadba sanadka ka dambeeya.",0
482,Maxay ahaayeen hoos u dhacii sanadlaha ahaa ee Jamhuuriga hadda...,Maxay ahaayeen khasaare sanadeedkii hore ee Jamhuuriyiinta ayaa hadda noqday hoos u dhacyada billaha ah ee hoos yimaada Dimuqraadiyiinta.,0
483,Way adag tahay in dadka Portland ku nool ay Haa ugu codeeyaan mea...,"Way adag tahay in dadka Portland ku nool ay Haa ugu codeeyaan cabbirada codbixinta, gaar ahaan marka ay jiraan mucaarad.",0
484,Waajibaadka daryeelka caafimaadku wuxuu u baahan doonaa xadhig iyo ganaax...,Waajibaadka daryeelka caafimaadku waxay u baahan doontaa xadhig iyo ganaax lacageed dadka Maraykanka ah ee aan awoodin inay iibsadaan caymis ama bixiyaan ganaaxyo culus oo dawladeed.,0
485,Waxa uu yidhi Mike Dovilla waxa uu taageersan yahay qorshe u ogolaan kara ajaanib...,Wuxuu yiri Mike Dovilla wuxuu taageersan yahay qorshe u oggolaanaya shirkad ajnabi ah inay la wareegto Ohio Turnpike,0
486,Magaalada Pembroke Pines ayaan wax cod ah ku lahayn qorshe lagu b...,Magaalada Pembroke Pines ayaan wax cod ah ku lahayn qorshaha lagu dhisayo xarun dadka lagu hayo ee Koonfur Galbeed Ranches.,0
487,Haddii Madaxweyne Obama saxiixo daawaynta isbedelka cimilada ee Copenhagen...,"Haddii madaxweyne Obama uu saxiixo heshiiska isbeddelka cimilada ee Copenhagen, wuxuu ""sixiixi doonaa xorriyaddaada, dimoqraadiyaddaada, iyo barwaaqadaada weligiin, adiga iyo dawlad kasta oo ku xigta oo aad dooran karto ma lahaan doonto wax awood ah si ay dib ugu soo celiso.""",0
488,Adigoo isticmaalaya daldaloolo yar oo la yaqaan ... Minions Obama waa la oggol yahay ...,Adigoo isticmaalaya daldaloolo yar oo la yaqaan ... Minions Obama waxay u oggolaanayaan Shirkadda Nestle inay ka dhoofiso biyaha macaan ee qaaliga ah harada Michigan.,0
489,Ku dhawaad ​​800 oo qof ayaa diiday in laga baaro daroogada sababtoo ah...,Qiyaastii 800 oo qof ayaa diiday in la sameeyo baaris daroogo sababtoo ah waxay u joogaan mukhaadaraad.,0
490,Waxaa jira kharashyo maamul oo sarreeya marka aad ku deeqdo Haiti...,Waxaa jira kharashyo maamul oo sarreeya marka aad ku deeqdo gargaarka Haiti iyada oo loo marayo Mareegta Aqalka Cad.,0
491,Qofka iga soo waxa uu ballan qaadayaa in uu soo celin doono shaqada hore isaga oo raba in uu iska tago...,Qofka iga soo horjeeda wuxuu ballan qaadayaa inuu soo celin doono shaqooyin hore isagoo u rajeeyay dhaqaalaha adduunka.,0
492,Bal eeg waxa uu agaasimaha FBI-da ka yidhi iyada (Hillary C...,Bal u fiirso waxa uu agaasimaha FBI-da ka yidhi (Hillary Clinton) dhaqan-xumada ay samaysay waa ceeb iyo ceeb dalkeena.,0
493,Nidaamka xogta ee la socda Common Core waxaa loo qaabeeyey t...,"Nidaamka xogta ee la socda Core Common waxaa loogu talagalay in lagu ururiyo ilaa 400 dhibcood ilmo kasta, taas oo ay ku jiri karto xogta shakhsi ahaan lagu aqoonsan karo.",0
494,Ciidamada badda ayaa dacwad ku soo oogaya sarkaal ka tirsan ciidamada badda oo toogtay...,Ciidanka badda ayaa dacwad ku soo oogaya sarkaal ka tirsan ciidamada badda oo toogtay toogashadii Chattanooga ka dib markii uu si sharci darro ah hub ugu furay hanti federaal ah.,0
495,Ciidamada badda ayaa dacwad ku soo oogaya sarkaal ka tirsan ciidamada badda oo toogtay...,Ciidanka badda ayaa dacwad ku soo oogaya sarkaal ka tirsan ciidamada badda oo toogtay toogashadii Chattanooga ka dib markii uu si sharci darro ah hub ugu furay hanti federaal ah.,0
496,Wuxuu sheegay in uu ku guuleystay codka shacabka haddii aad ka jarto malaayiinta p...,Waxa uu sheegay in uu ku guulaystay codka shacabka haddii aad ka jarto malaayiinta qof ee sida sharci darrada ah u codeeyay.,0
497,Waxa uu yidhi Mike Dovilla waxa uu taageersan yahay qorshe u ogolaan kara ajaanib...,Wuxuu yiri Mike Dovilla wuxuu taageersan yahay qorshe u oggolaanaya shirkad ajnabi ah inay la wareegto Ohio Turnpike,0
498,"Hadda, Golaha Wakiilada, waxaan leenahay 40 kala duwan oo j...","Hadda, Golaha Wakiillada, waxaanu haynaa 40 xeer oo kala duwan oo shaqo ah oo la ansixiyay oo ku dhawaad ​​dhamaantood ahaayeen laba xisbi.",0
499,Saddex meelood labo meel Granite States ayaa kasoo horjeeda xisbiga Shaaha iyo xisbigiisa...,Saddex meelood laba meel Granite States waxay ka soo horjeedaan Xisbiga Shaaha iyo ajandihiisa ku saabsan ururada shaqaalaha.,0
500,Xirmada dhiirigelinta waxaa ku jira sharci ka soo horjeeda Masiixi...,"Xirmada dhiirigelinta waxaa ku jira sharci lid ku ah Masiixiyiinta kaas oo joojin doona kaniisadaha inay u isticmaalaan dugsiyada dadweynaha kulannada axada, iyo sidoo kale Boy Scouts iyo kooxaha ardada barta Kitaabka Quduuska ah.",0
501,Wuxuu sheegay in uu ku guuleystay codka shacabka haddii aad ka jarto malaayiinta p...,Waxa uu sheegay in uu ku guulaystay codka shacabka haddii aad ka jarto malaayiinta qof ee sida sharci darrada ah u codeeyay.,0
502,Madaxweyne Obama ayaa sheegay in shaqo la’aanta ay ka hooseyso 8...,Waxa uu yidhi Madaxweyne Obama waxa uu ballan qaaday in shaqo la'aanta ay ka hoosayso 8 boqolkiiba haddii kicinta la dhaafo.,0
503,Frank Guinta ayaa u codeeyay in cashuur bixiyayaasha dabaqadda dhexe ay bixiyaan lacag ka badan...,"Frank Guinta ayaa u codeeyay in cashuur bixiyayaasha dabaqadda dhexe ay bixiyaan in ka badan $1,000 oo dheeraad ah sannadkii.",0
504,Waxa uu yidhi Mike Dovilla waxa uu taageersan yahay qorshe u ogolaan kara ajaanib...,Wuxuu yiri Mike Dovilla wuxuu taageersan yahay qorshe u oggolaanaya shirkad ajnabi ah inay la wareegto Ohio Turnpike,0
505,Miisaaniyadda Madaxweyne Barack Obama ayaa khatar ku ah amniga qaranka b...,Miisaaniyadda Madaxweyne Barack Obamas waxay khatar ku tahay amniga qaranka isagoo soo jeedinaya Ciidan ka kooban shaqaale ka yar kuwii aan haysanay ka hor Pearl Harbor.,0
506,Waxay qaadataa tamar aad u badan si loo sameeyo panel cadceedda sida ay u badan tahay g...,Waxay qaadataa tamar aad u badan si loo sameeyo alwaax qoraxda sida ay u badan tahay inay soo saarto nolosheeda oo dhan.,0
507,Codbixinta ayaa muujineysa in Floridians aysan dooneynin inay baabi'iyaan lacagta la awoodi karo…,Ra'yi ururintu waxay muujinayaan in Floridians aysan rabin inay tirtiraan Sharciga Daryeelka La awoodi karo.,0
508,(Madaxweyne Barack Obama) ayaa sheegay in shaqo la’aantu aysan waligeed g...,(Madaxweyne Barack Obama) wuxuu sheegay in shaqo la'aantu aysan weligeed dhaafi doonin 8 boqolkiiba haddii aan gudbino qorshaha kicinta.,0
509,Codbixinta ayaa muujineysa in Floridians aysan dooneynin inay baabi'iyaan lacagta la awoodi karo…,Ra'yi ururintu waxay muujinayaan in Floridians aysan rabin inay tirtiraan Sharciga Daryeelka La awoodi karo.,0
510,Madaxweyne Obama ayaa sheegay in shaqo la’aanta ay ka hooseyso 8...,Waxa uu yidhi Madaxweyne Obama waxa uu ballan qaaday in shaqo la'aanta ay ka hoosayso 8 boqolkiiba haddii kicinta la dhaafo.,0
511,"In ka badan 100,000 oo haween ah oo ku nool Texas ayaa isku dayay in ay iskood isu soo dhisaan.","In ka badan 100,000 oo haween ah oo ku nool Texas ayaa isku dayay inay iskood iska soo xaaqaan sannadkii la soo dhaafay oo keliya.",0
512,"Qoysaska Maraykanku waxay ku dadaalaan inay helaan $4,250 bishii. Obama ayaa...","Qoysaska Maraykanku waxay ku dadaalaan inay helaan $4,250 bishii. Obama waxa uu ku kharash gareeyaa $18,972 bishii ilmo kasta oo sharci-darro ah.",0
513,Wuxuu yiri tababaraha kubbadda cagta Rex Ryan wuxuu ku guuleystay horyaalada ...,"Waxa uu yidhi tababaraha kubada cagta ee xirfada leh Rex Ryan ayaa ku guulaystay horyaalada New York. AFC, waxaan filayaa, laba jeer.",0
514,"Xiligii Madaxweyne Barack Obama, 8.3 (milyan) oo Maraykan ah ayaa ka yar ...","Xilligii Madaxweyne Barack Obama, 8.3 (milyan) oo Maraykan ah ayaa shaqeeya maanta in ka yar sidii ay ahaayeen afar sano ka hor.",0
515,Saddex meelood labo ka mid ah dadka ku nool Wisconsin ayaa si adag uga soo horjeeda...,Saddex meelood laba meel dadka Wisconsin ayaa si adag uga soo horjeeda fikradan ah in si joogto ah looga qaado xuquuqda dadka ee gorgortanka wadajirka ah.,0
516,"Qaar ka mid ah kulliyadaha, oo ay ku jiraan AM, ayaa horey u dammaanad qaaday ...","Qaar ka mid ah kulliyadaha, oo ay ku jirto AM, ayaa horey u dammaanad qaaday inaysan kordhin doonin waxbarashadooda.",0
517,Saddex meelood labo ka mid ah dadka ku nool Wisconsin ayaa si adag uga soo horjeeda...,Saddex meelood laba meel dadka Wisconsin ayaa si adag uga soo horjeeda fikradan ah in si joogto ah looga qaado xuquuqda dadka ee gorgortanka wadajirka ah.,0
518,"Ohio, waxaan ku maal galinay caruurteena, anagoo kordhinayna maalgelinta iskuulka...","Ohio, waxaanu maal galinay caruurteena, anagoo ku kordhinay maalgelinta dugsiga 5.5 boqolkiiba miisaaniyadii u dambaysay.",0
519,Waxa uu sheegay in Romney uu maalgashaday shirkad alaab ka samaysa Shiinaha oo...,Waxa uu yidhi Romney waxa uu maalgashaday shirkad alaabo ka samaynaysa Shiinaha oo laga samayn lahaa halkan America.,0
520,Waxaan u dhimi karnaa shaqo la'aanta kala bar si fudud annaga oo dib u soo ceshanno j...,Waxaan shaqo la'aanta u dhimi karnaa kala bar si fudud innagoo dib u soo ceshanayna shaqooyinkii ay qabteen shaqaalaha sharci darrada ah.,0
521,Ayaa sheegay in Adeegga Boostada Maraykanku aanay qaadan wax gargaar cashuur bixiye ah tan iyo markii...,"Waxa uu leeyahay Adeegga Boostada Maraykanku ma qaadin wax gargaar cashuur bixiye ah ilaa 1971, waxa ay maalgelisaa hawlaha gabi ahaan iibinta stamps iyo alaabta la xidhiidha oo waxa ay samaysaa faa'iido hawl gal sanadba sanadka ka dambeeya.",0
522,Xirmada dhiirigelinta waxaa ku jira sharci ka soo horjeeda Masiixi...,"Xirmada dhiirigelinta waxaa ku jira sharci lid ku ah Masiixiyiinta kaas oo joojin doona kaniisadaha inay u isticmaalaan dugsiyada dadweynaha kulannada axada, iyo sidoo kale Boy Scouts iyo kooxaha ardada barta Kitaabka Quduuska ah.",0
523,Walaalaha Koch keligood waxay siiyeen lacag laba jibaar ka badan Scott Wa...,Walaalaha Koch keligood waxay siiyeen laba laab lacag ka badan Scott Walker wadarta guud ee lacagta uu soo ururiyay Tom Barrett.,0
524,Maxay ahaayeen hoos u dhacii sanadlaha ahaa ee Jamhuuriga hadda...,Maxay ahaayeen khasaare sanadeedkii hore ee Jamhuuriyiinta ayaa hadda noqday hoos u dhacyada billaha ah ee hoos yimaada Dimuqraadiyiinta.,0
525,Waxa uu sheegay in Romney uu maalgashaday shirkad alaab ka samaysa Shiinaha oo...,Waxa uu yidhi Romney waxa uu maalgashaday shirkad alaabo ka samaynaysa Shiinaha oo laga samayn lahaa halkan America.,0
526,Nidaamka xogta ee la socda Common Core waxaa loo qaabeeyey t...,"Nidaamka xogta ee la socda Core Common waxaa loogu talagalay in lagu ururiyo ilaa 400 dhibcood ilmo kasta, taas oo ay ku jiri karto xogta shakhsi ahaan lagu aqoonsan karo.",0
527,"Hadda, Golaha Wakiilada, waxaan leenahay 40 kala duwan oo j...","Hadda, Golaha Wakiillada, waxaanu haynaa 40 xeer oo kala duwan oo shaqo ah oo la ansixiyay oo ku dhawaad ​​dhamaantood ahaayeen laba xisbi.",0
528,Bal eeg waxa uu agaasimaha FBI-da ka yidhi iyada (Hillary C...,Bal u fiirso waxa uu agaasimaha FBI-da ka yidhi (Hillary Clinton) dhaqan-xumada ay samaysay waa ceeb iyo ceeb dalkeena.,0
529,Waxa uu sheegay in Romney uu maalgashaday shirkad alaab ka samaysa Shiinaha oo...,Waxa uu yidhi Romney waxa uu maalgashaday shirkad alaabo ka samaynaysa Shiinaha oo laga samayn lahaa halkan America.,0
530,Qofka iga soo waxa uu ballan qaadayaa in uu soo celin doono shaqada hore isaga oo raba in uu iska tago...,Qofka iga soo horjeeda wuxuu ballan qaadayaa inuu soo celin doono shaqooyin hore isagoo u rajeeyay dhaqaalaha adduunka.,0
531,Guddiga dib u soo celinta dhaqangelinta ee gobolka ee dhawaan la sameeyay...,"Guddiga dib u eegista dhaqangelinta socdaalka ee gobolka ee dhawaan la sameeyay ayaa dhab ahaantii dacwayn kara, oo ku ridi kara [xukun] xabsiga, haddii aanu keenno xeer ilaaliyaha guud.",0
532,Saddex meelood labo meel Granite States ayaa kasoo horjeeda xisbiga Shaaha iyo xisbigiisa...,Saddex meelood laba meel Granite States waxay ka soo horjeedaan Xisbiga Shaaha iyo ajandihiisa ku saabsan ururada shaqaalaha.,0
533,Waxay qaadataa tamar aad u badan si loo sameeyo panel cadceedda sida ay u badan tahay g...,Waxay qaadataa tamar aad u badan si loo sameeyo alwaax qoraxda sida ay u badan tahay inay soo saarto nolosheeda oo dhan.,0
534,Wuxuu sheegay in dib u habeynta daryeelka caafimaadka qaranka ay tahay mid ay dowladdu la wareegtay...,Waxa uu leeyahay dib u habaynta daryeelka caafimaadka qaranka waa la wareegida dawladda ee daryeelka caafimaadka.,0
535,Sen. Hutchison waxa uu ka tagey Jamhuuriyiintii oo uu la saftay Dimuqraadiga...,Sen. Hutchison wuu ka tagay Jamhuuriyiintii wuxuuna la istaagay Dimuqraadiyiinta si loo hubiyo in sharciga daryeelka caafimaadku si dhakhso ah u gudbi doono.,0
536,Wuxuu sheegay in uu ku guuleystay codka shacabka haddii aad ka jarto malaayiinta p...,Waxa uu sheegay in uu ku guulaystay codka shacabka haddii aad ka jarto malaayiinta qof ee sida sharci darrada ah u codeeyay.,0
537,Waxa uu yidhi Donald Trump waxa uu taageersan yahay ajande halkaas ka jira oo ah in si gaar loo leeyahay...,Waxa uu yidhi Donald Trump waxa uu taageerayaa ajande halkaa ka jira si gaar looga dhigo nidaamka daryeelka caafimaadka ee Arrimaha Veterans.,0
538,"Keystone XL wuxuu u oggolaanayaa Kanada inay soo saarto saliiddooda, u dirto iyada oo loo marayo ...","Keystone XL wuxuu u oggolaanayaa Kanada inay soo saarto shidaalkooda, u dirto dhulkeena, ilaa Khaliijka, halkaas oo laga iibin doono meel kasta oo kale.",0
539,Magaalada Pembroke Pines ayaan wax cod ah ku lahayn qorshe lagu b...,Magaalada Pembroke Pines ayaan wax cod ah ku lahayn qorshaha lagu dhisayo xarun dadka lagu hayo ee Koonfur Galbeed Ranches.,0
540,Barasaabkii hore ee Alaska Sarah Palin ayaa ku saxnayd in madaxweynaha...,"Guddoomiyihii hore ee Alaska Sarah Palin waxay ku saxsanayd in sharciga daryeelka caafimaadka ee Madaxweyne Barack Obama uu abuuray waxa, dhab ahaan, noqon lahaa guddiyada dhimashada.",0
541,Waxay tiri Cathy Jordan waa la xiray oo laga soo saaray gurigeeda b...,Waxay tiri Cathy Jordan ayaa la xiray oo ay ka soo saareen gurigeeda koox SWAT ah oo hooligan ah si ay u isticmaasho marijuana caafimaad.,0
542,"Barack Obama ""wuxuu doonayaa in dowladda ay la wareegto daryeelka caafimaadka,...","Barack Obama ""wuxuu rabaa in dowladdu ay la wareegto daryeelka caafimaadka, ku bixiso boqolaal bilyan oo doolar oo lacag cusub ah caymiska caafimaadka qof walba.""",0
543,Saraakiisha Medicare waxay ula dhaqmeen Humana iyo AARP si aan is waafaqsanayn,Saraakiisha Medicare waxay ula dhaqmeen Humana iyo AARP si aan joogto ahayn sida ay ula xiriiri karaan waayeelka.,0
544,Xirmada dhiirigelinta waxaa ku jira sharci ka soo horjeeda Masiixi...,"Xirmada dhiirigelinta waxaa ku jira sharci lid ku ah Masiixiyiinta kaas oo joojin doona kaniisadaha inay u isticmaalaan dugsiyada dadweynaha kulannada axada, iyo sidoo kale Boy Scouts iyo kooxaha ardada barta Kitaabka Quduuska ah.",0
545,Shirkadda ay dawladdu kiraysanayso ee qiimaynaysa ardayda ay dawladdu u xilsaartay...,Shirkadda ay dawladdu kiraysanayso ee qiimeeya imtixaannada ardayda ee gobolku waajibiyay waxay ku baxaysaa Craigslist si ay u hesho imtaxaanayaal si ay u akhriyaan qoraallada ardaydeenna.,0
546,"McCain ""wuxuu u codeeyay inuu dhimo maalgelinta waxbarashada, isagoo ka soo horjeeda la xisaabtanka","McCain ""wuxuu u codeeyay inuu dhimo maalgelinta waxbarashada, isagoo ka soo horjeeda heerarka isla xisaabtanka. Wuxuu xitaa soo jeediyay in la baabi'iyo Waaxda Waxbarashada.""",0
547,Bal eeg waxa uu agaasimaha FBI-da ka yidhi iyada (Hillary C...,Bal u fiirso waxa uu agaasimaha FBI-da ka yidhi (Hillary Clinton) dhaqan-xumada ay samaysay waa ceeb iyo ceeb dalkeena.,0
548,"Keystone XL wuxuu u oggolaanayaa Kanada inay soo saarto saliiddooda, u dirto iyada oo loo marayo ...","Keystone XL wuxuu u oggolaanayaa Kanada inay soo saarto shidaalkooda, u dirto dhulkeena, ilaa Khaliijka, halkaas oo laga iibin doono meel kasta oo kale.",0
549,Ku dhawaad ​​800 oo qof ayaa diiday in laga baaro daroogada sababtoo ah...,Qiyaastii 800 oo qof ayaa diiday in la sameeyo baaris daroogo sababtoo ah waxay u joogaan mukhaadaraad.,0
550,Waxa uu yidhi Donald Trump waxa uu taageersan yahay ajande halkaas ka jira oo ah in si gaar loo leeyahay...,Waxa uu yidhi Donald Trump waxa uu taageerayaa ajande halkaa ka jira si gaar looga dhigo nidaamka daryeelka caafimaadka ee Arrimaha Veterans.,0
551,Frank Guinta ayaa u codeeyay in cashuur bixiyayaasha dabaqadda dhexe ay bixiyaan lacag ka badan...,"Frank Guinta ayaa u codeeyay in cashuur bixiyayaasha dabaqadda dhexe ay bixiyaan in ka badan $1,000 oo dheeraad ah sannadkii.",0
552,Wuxuu sheegay in ay jiraan doollar federaal ah oo badan oo ku jira Gov. John Kasichs bud...,Wuxuu sheegay in ay jiraan doollar federaali ah oo ka badan qorshaha miisaaniyadda Gov. John Kasichs marka loo eego miisaaniyaddii hore ee gobolka.,0
553,Waajibaadka daryeelka caafimaadku wuxuu u baahan doonaa xadhig iyo ganaax...,Waajibaadka daryeelka caafimaadku waxay u baahan doontaa xadhig iyo ganaax lacageed dadka Maraykanka ah ee aan awoodin inay iibsadaan caymis ama bixiyaan ganaaxyo culus oo dawladeed.,0
554,"McCain ""wuxuu u codeeyay inuu dhimo maalgelinta waxbarashada, isagoo ka soo horjeeda la xisaabtanka","McCain ""wuxuu u codeeyay inuu dhimo maalgelinta waxbarashada, isagoo ka soo horjeeda heerarka isla xisaabtanka. Wuxuu xitaa soo jeediyay in la baabi'iyo Waaxda Waxbarashada.""",0
555,"Xiligii Madaxweyne Barack Obama, 8.3 (milyan) oo Maraykan ah ayaa ka yar ...","Xilligii Madaxweyne Barack Obama, 8.3 (milyan) oo Maraykan ah ayaa shaqeeya maanta in ka yar sidii ay ahaayeen afar sano ka hor.",0
556,Ayaa sheegtay in dowladda federaalku ay amar ku bixisay in dadka aan galmoodka ahayn (sic) iyo h...,Ayaa sheegtay in dawladda federaalku ay amar ku bixinayso dadka aan isu galmoodin (sic) iyo khaniisiinta inay carruurta ku qabsanayaan aagagga khatarta ah ee shisheeyaha iyagoo adeegsanaya magaca ammaanka garoonka diyaaradaha.,0
557,"Xiligii Madaxweyne Barack Obama, 8.3 (milyan) oo Maraykan ah ayaa ka yar ...","Xilligii Madaxweyne Barack Obama, 8.3 (milyan) oo Maraykan ah ayaa shaqeeya maanta in ka yar sidii ay ahaayeen afar sano ka hor.",0
558,Nidaamka xogta ee la socda Common Core waxaa loo qaabeeyey t...,"Nidaamka xogta ee la socda Core Common waxaa loogu talagalay in lagu ururiyo ilaa 400 dhibcood ilmo kasta, taas oo ay ku jiri karto xogta shakhsi ahaan lagu aqoonsan karo.",0
559,Waxa uu yidhi Donald Trump waxa uu taageersan yahay ajande halkaas ka jira oo ah in si gaar loo leeyahay...,Waxa uu yidhi Donald Trump waxa uu taageerayaa ajande halkaa ka jira si gaar looga dhigo nidaamka daryeelka caafimaadka ee Arrimaha Veterans.,0
560,Shirkadda ay dawladdu kiraysanayso ee qiimaynaysa ardayda ay dawladdu u xilsaartay...,Shirkadda ay dawladdu kiraysanayso ee qiimeeya imtixaannada ardayda ee gobolku waajibiyay waxay ku baxaysaa Craigslist si ay u hesho imtaxaanayaal si ay u akhriyaan qoraallada ardaydeenna.,0
561,Walaalaha Koch keligood waxay siiyeen lacag laba jibaar ka badan Scott Wa...,Walaalaha Koch keligood waxay siiyeen laba laab lacag ka badan Scott Walker wadarta guud ee lacagta uu soo ururiyay Tom Barrett.,0
562,"Si qarsoodi ah, iyadoo aan la ogeyn xubnaha Congress-ka, in ka badan $105 biil...","Si qarsoodi ah, iyadoo aan la ogeyn xubnaha Congress-ka, in ka badan 105 bilyan ayaa lagu qariyay sharciga Obamacare.",0
563,Wuxuu sheegay in qaraarka Senate-ka uu soo celin doono $140 bishiiba...,Wuxuu sheegay in qaraarka Senate-ka uu soo celin doono $140 lacagihii kaalmada guud ee bishii iyo ka hortagga dadka inay dambi galaan.,0
564,Ku dhawaad ​​800 oo qof ayaa diiday in laga baaro daroogada sababtoo ah...,Qiyaastii 800 oo qof ayaa diiday in la sameeyo baaris daroogo sababtoo ah waxay u joogaan mukhaadaraad.,0
565,Miisaaniyadda Madaxweyne Barack Obama ayaa khatar ku ah amniga qaranka b...,Miisaaniyadda Madaxweyne Barack Obamas waxay khatar ku tahay amniga qaranka isagoo soo jeedinaya Ciidan ka kooban shaqaale ka yar kuwii aan haysanay ka hor Pearl Harbor.,0
566,"McCain ""wuxuu u codeeyay inuu dhimo maalgelinta waxbarashada, isagoo ka soo horjeeda la xisaabtanka","McCain ""wuxuu u codeeyay inuu dhimo maalgelinta waxbarashada, isagoo ka soo horjeeda heerarka isla xisaabtanka. Wuxuu xitaa soo jeediyay in la baabi'iyo Waaxda Waxbarashada.""",0
567,Canshuuraha guryuhu hadda 18% way ka sarreeyaan markii (Mark Sharpe) kow...,Canshuuraha guryuhu hadda 18% way ka sarreeyaan markii (Mark Sharpe) markii ugu horreysay ee uu xafiiska la wareegay.,0
568,Wuxuu sheegay in dib u habeynta daryeelka caafimaadka qaranka ay tahay mid ay dowladdu la wareegtay...,Waxa uu leeyahay dib u habaynta daryeelka caafimaadka qaranka waa la wareegida dawladda ee daryeelka caafimaadka.,0
569,Wuxuu sheegay in ay jiraan doollar federaal ah oo badan oo ku jira Gov. John Kasichs bud...,Wuxuu sheegay in ay jiraan doollar federaali ah oo ka badan qorshaha miisaaniyadda Gov. John Kasichs marka loo eego miisaaniyaddii hore ee gobolka.,0
570,Guddiga dib u soo celinta dhaqangelinta ee gobolka ee dhawaan la sameeyay...,"Guddiga dib u eegista dhaqangelinta socdaalka ee gobolka ee dhawaan la sameeyay ayaa dhab ahaantii dacwayn kara, oo ku ridi kara [xukun] xabsiga, haddii aanu keenno xeer ilaaliyaha guud.",0
571,Hindise sharciyeedka gobolka ayaa soo afjari doona shuruudihii muddada dheer ee ahaa in deegaanka...,Hindise-sharciyeedka gobolku waxa uu soo afjarayaa shuruudii muddada dheer u baahnayd ee ah in dawladaha hoose ay dayactiraan waddooyinka waaweyn iyo laamiyada-- oo ay ka horjoogsadaan muwaadiniinta dhaawaca ah in ay dacweeyaan dayactirka la dayacay.,0
572,Canshuuraha guryuhu hadda 18% way ka sarreeyaan markii (Mark Sharpe) kow...,Canshuuraha guryuhu hadda 18% way ka sarreeyaan markii (Mark Sharpe) markii ugu horreysay ee uu xafiiska la wareegay.,0
573,"Qaar ka mid ah kulliyadaha, oo ay ku jiraan AM, ayaa horey u dammaanad qaaday ...","Qaar ka mid ah kulliyadaha, oo ay ku jirto AM, ayaa horey u dammaanad qaaday inaysan kordhin doonin waxbarashadooda.",0
574,Waxaa jira kharashyo maamul oo sarreeya marka aad ku deeqdo Haiti...,Waxaa jira kharashyo maamul oo sarreeya marka aad ku deeqdo gargaarka Haiti iyada oo loo marayo Mareegta Aqalka Cad.,0
575,Sen. Hutchison waxa uu ka tagey Jamhuuriyiintii oo uu la saftay Dimuqraadiga...,Sen. Hutchison wuu ka tagay Jamhuuriyiintii wuxuuna la istaagay Dimuqraadiyiinta si loo hubiyo in sharciga daryeelka caafimaadku si dhakhso ah u gudbi doono.,0
576,Haddii Madaxweyne Obama saxiixo daawaynta isbedelka cimilada ee Copenhagen...,"Haddii madaxweyne Obama uu saxiixo heshiiska isbeddelka cimilada ee Copenhagen, wuxuu ""sixiixi doonaa xorriyaddaada, dimoqraadiyaddaada, iyo barwaaqadaada weligiin, adiga iyo dawlad kasta oo ku xigta oo aad dooran karto ma lahaan doonto wax awood ah si ay dib ugu soo celiso.""",0
577,Waxay qaadataa tamar aad u badan si loo sameeyo panel cadceedda sida ay u badan tahay g...,Waxay qaadataa tamar aad u badan si loo sameeyo alwaax qoraxda sida ay u badan tahay inay soo saarto nolosheeda oo dhan.,0
578,Miisaaniyadda Madaxweyne Barack Obama ayaa khatar ku ah amniga qaranka b...,Miisaaniyadda Madaxweyne Barack Obamas waxay khatar ku tahay amniga qaranka isagoo soo jeedinaya Ciidan ka kooban shaqaale ka yar kuwii aan haysanay ka hor Pearl Harbor.,0
579,Waxa uu yidhi Mike Dovilla waxa uu taageersan yahay qorshe u ogolaan kara ajaanib...,Wuxuu yiri Mike Dovilla wuxuu taageersan yahay qorshe u oggolaanaya shirkad ajnabi ah inay la wareegto Ohio Turnpike,0
580,"27-kii bilood ee la soo dhaafay, Madaxweyne Barack Obama waxa uu abuuray...","27-kii bilood ee la soo dhaafay, Madaxweyne Barack Obama waxa uu abuuray shaqooyin ka badan kuwa gaarka loo leeyahay marka loo eego soo kabashada Reagan.",0
581,Xirmada dhiirigelinta waxaa ku jira sharci ka soo horjeeda Masiixi...,"Xirmada dhiirigelinta waxaa ku jira sharci lid ku ah Masiixiyiinta kaas oo joojin doona kaniisadaha inay u isticmaalaan dugsiyada dadweynaha kulannada axada, iyo sidoo kale Boy Scouts iyo kooxaha ardada barta Kitaabka Quduuska ah.",0
582,"McCain ""wuxuu u codeeyay inuu dhimo maalgelinta waxbarashada, isagoo ka soo horjeeda la xisaabtanka","McCain ""wuxuu u codeeyay inuu dhimo maalgelinta waxbarashada, isagoo ka soo horjeeda heerarka isla xisaabtanka. Wuxuu xitaa soo jeediyay in la baabi'iyo Waaxda Waxbarashada.""",0
583,Saraakiisha Medicare waxay ula dhaqmeen Humana iyo AARP si aan is waafaqsanayn,Saraakiisha Medicare waxay ula dhaqmeen Humana iyo AARP si aan joogto ahayn sida ay ula xiriiri karaan waayeelka.,0
584,Waxa uu yidhi Madaxweyne Obama waxa uu afduubay biilka beeraha (oo) waxa uu u rogay i...,Waxa uu yidhi Madaxweyne Obama waxa uu afduubay biilka beeraha (oo) waxa uu ka dhigay biilka cuntada.,0
585,Nidaamka xogta ee la socda Common Core waxaa loo qaabeeyey t...,"Nidaamka xogta ee la socda Core Common waxaa loogu talagalay in lagu ururiyo ilaa 400 dhibcood ilmo kasta, taas oo ay ku jiri karto xogta shakhsi ahaan lagu aqoonsan karo.",0
586,Walaalaha Koch keligood waxay siiyeen lacag laba jibaar ka badan Scott Wa...,Walaalaha Koch keligood waxay siiyeen laba laab lacag ka badan Scott Walker wadarta guud ee lacagta uu soo ururiyay Tom Barrett.,0
587,"Waxaan leenahay magaalooyin ku yaal Galbeedka Texas oo aan biyuhu lahayn, kuwaas oo ah ...","Waxaan leenahay magaalooyin ku yaal Galbeedka Texas oo ay ka maqan yihiin biyaha, kuwaas oo ay tahay in ay biyo ku dhaamiyaan.",0
588,Haddii Madaxweyne Obama saxiixo daawaynta isbedelka cimilada ee Copenhagen...,"Haddii madaxweyne Obama uu saxiixo heshiiska isbeddelka cimilada ee Copenhagen, wuxuu ""sixiixi doonaa xorriyaddaada, dimoqraadiyaddaada, iyo barwaaqadaada weligiin, adiga iyo dawlad kasta oo ku xigta oo aad dooran karto ma lahaan doonto wax awood ah si ay dib ugu soo celiso.""",0
589,Waxaan ka mid ahaa kuwii ugu horreeyay ee dhaleeceeya ku degdegista dagaalka (Ir...,"Waxaan ka mid ahaa kuwii ugu horreeyay ee dhaleeceeya degdegga ah ee dagaalka (Ciraaq), iyo haa, xitaa ka hor inta uusan dagaalku bilaaban.",0
590,Qofka iga soo waxa uu ballan qaadayaa in uu soo celin doono shaqada hore isaga oo raba in uu iska tago...,Qofka iga soo horjeeda wuxuu ballan qaadayaa inuu soo celin doono shaqooyin hore isagoo u rajeeyay dhaqaalaha adduunka.,0
591,"Waxaan leenahay magaalooyin ku yaal Galbeedka Texas oo aan biyuhu lahayn, kuwaas oo ah ...","Waxaan leenahay magaalooyin ku yaal Galbeedka Texas oo ay ka maqan yihiin biyaha, kuwaas oo ay tahay in ay biyo ku dhaamiyaan.",0
592,Sen. Hutchison waxa uu ka tagey Jamhuuriyiintii oo uu la saftay Dimuqraadiga...,Sen. Hutchison wuu ka tagay Jamhuuriyiintii wuxuuna la istaagay Dimuqraadiyiinta si loo hubiyo in sharciga daryeelka caafimaadku si dhakhso ah u gudbi doono.,0
593,Hindise sharciyeedka gobolka ayaa soo afjari doona shuruudihii muddada dheer ee ahaa in deegaanka...,Hindise-sharciyeedka gobolku waxa uu soo afjarayaa shuruudii muddada dheer u baahnayd ee ah in dawladaha hoose ay dayactiraan waddooyinka waaweyn iyo laamiyada-- oo ay ka horjoogsadaan muwaadiniinta dhaawaca ah in ay dacweeyaan dayactirka la dayacay.,0
594,Waxa uu yidhi Madaxweyne Obama waxa uu afduubay biilka beeraha (oo) waxa uu u rogay i...,Waxa uu yidhi Madaxweyne Obama waxa uu afduubay biilka beeraha (oo) waxa uu ka dhigay biilka cuntada.,0
595,Musharaxa senate-ka Mareykanka Jack Kingston waxa uu ku qarash gareeyay doollarkayaga canshuurta...,Musharaxa senate-ka ee Maraykanka Jack Kingston waxa uu doollarkayaga cashuurta ku kharash gareeyey kumanyaal calaamado wasakh ah.,0
596,Codbixinta ayaa muujineysa in Floridians aysan dooneynin inay baabi'iyaan lacagta la awoodi karo…,Ra'yi ururintu waxay muujinayaan in Floridians aysan rabin inay tirtiraan Sharciga Daryeelka La awoodi karo.,0
597,Canshuuraha guryuhu hadda 18% way ka sarreeyaan markii (Mark Sharpe) kow...,Canshuuraha guryuhu hadda 18% way ka sarreeyaan markii (Mark Sharpe) markii ugu horreysay ee uu xafiiska la wareegay.,0
598,Waxay qaadataa tamar aad u badan si loo sameeyo panel cadceedda sida ay u badan tahay g...,Waxay qaadataa tamar aad u badan si loo sameeyo alwaax qoraxda sida ay u badan tahay inay soo saarto nolosheeda oo dhan.,0
599,Musharaxa senate-ka Mareykanka Jack Kingston waxa uu ku qarash gareeyay doollarkayaga canshuurta...,Musharaxa senate-ka ee Maraykanka Jack Kingston waxa uu doollarkayaga cashuurta ku kharash gareeyey kumanyaal calaamado wasakh ah.,0
600,Sen. Hutchison waxa uu ka tagey Jamhuuriyiintii oo uu la saftay Dimuqraadiga...,Sen. Hutchison wuu ka tagay Jamhuuriyiintii wuxuuna la istaagay Dimuqraadiyiinta si loo hubiyo in sharciga daryeelka caafimaadku si dhakhso ah u gudbi doono.,0
601,Miisaaniyadda Madaxweyne Barack Obama ayaa khatar ku ah amniga qaranka b...,Miisaaniyadda Madaxweyne Barack Obamas waxay khatar ku tahay amniga qaranka isagoo soo jeedinaya Ciidan ka kooban shaqaale ka yar kuwii aan haysanay ka hor Pearl Harbor.,0
602,Nidaamka xogta ee la socda Common Core waxaa loo qaabeeyey t...,"Nidaamka xogta ee la socda Core Common waxaa loogu talagalay in lagu ururiyo ilaa 400 dhibcood ilmo kasta, taas oo ay ku jiri karto xogta shakhsi ahaan lagu aqoonsan karo.",0
603,Waxaan u dhimi karnaa shaqo la'aanta kala bar si fudud annaga oo dib u soo ceshanno j...,Waxaan shaqo la'aanta u dhimi karnaa kala bar si fudud innagoo dib u soo ceshanayna shaqooyinkii ay qabteen shaqaalaha sharci darrada ah.,0
604,"McCain ""wuxuu u codeeyay inuu dhimo maalgelinta waxbarashada, isagoo ka soo horjeeda la xisaabtanka","McCain ""wuxuu u codeeyay inuu dhimo maalgelinta waxbarashada, isagoo ka soo horjeeda heerarka isla xisaabtanka. Wuxuu xitaa soo jeediyay in la baabi'iyo Waaxda Waxbarashada.""",0
605,Waxaan bixinaa PhD-da sanad walba in ka badan jaamacad kale ee A...,Waxaan bixinaa PhDs ka badan sanad walba marka loo eego jaamacadaha kale ee Ameerika marka laga reebo Berkeley.,0
606,Haddii Madaxweyne Obama saxiixo daawaynta isbedelka cimilada ee Copenhagen...,"Haddii madaxweyne Obama uu saxiixo heshiiska isbeddelka cimilada ee Copenhagen, wuxuu ""sixiixi doonaa xorriyaddaada, dimoqraadiyaddaada, iyo barwaaqadaada weligiin, adiga iyo dawlad kasta oo ku xigta oo aad dooran karto ma lahaan doonto wax awood ah si ay dib ugu soo celiso.""",0
607,"In ka badan 100,000 oo haween ah oo ku nool Texas ayaa isku dayay in ay iskood isu soo dhisaan.","In ka badan 100,000 oo haween ah oo ku nool Texas ayaa isku dayay inay iskood iska soo xaaqaan sannadkii la soo dhaafay oo keliya.",0
608,"Hadda, Golaha Wakiilada, waxaan leenahay 40 kala duwan oo j...","Hadda, Golaha Wakiillada, waxaanu haynaa 40 xeer oo kala duwan oo shaqo ah oo la ansixiyay oo ku dhawaad ​​dhamaantood ahaayeen laba xisbi.",0
609,Wendy Davis waxay kaliya ku samaynaysay lacag ururin Chicago,Wendy Davis waxa ay Chicago ka samaynaysay dhaqaale ururin iyada oo la kaashanaysa ururka hantiwadaaga caalamiga ah.,0
610,Waxay tiri Cathy Jordan waa la xiray oo laga soo saaray gurigeeda b...,Waxay tiri Cathy Jordan ayaa la xiray oo ay ka soo saareen gurigeeda koox SWAT ah oo hooligan ah si ay u isticmaasho marijuana caafimaad.,0
611,Ayaa sheegay in Adeegga Boostada Maraykanku aanay qaadan wax gargaar cashuur bixiye ah tan iyo markii...,"Waxa uu leeyahay Adeegga Boostada Maraykanku ma qaadin wax gargaar cashuur bixiye ah ilaa 1971, waxa ay maalgelisaa hawlaha gabi ahaan iibinta stamps iyo alaabta la xidhiidha oo waxa ay samaysaa faa'iido hawl gal sanadba sanadka ka dambeeya.",0
612,Waxay tiri Cathy Jordan waa la xiray oo laga soo saaray gurigeeda b...,Waxay tiri Cathy Jordan ayaa la xiray oo ay ka soo saareen gurigeeda koox SWAT ah oo hooligan ah si ay u isticmaasho marijuana caafimaad.,0
613,Nidaamka xogta ee la socda Common Core waxaa loo qaabeeyey t...,"Nidaamka xogta ee la socda Core Common waxaa loogu talagalay in lagu ururiyo ilaa 400 dhibcood ilmo kasta, taas oo ay ku jiri karto xogta shakhsi ahaan lagu aqoonsan karo.",0
614,Wuxuu sheegay in uu ku guuleystay codka shacabka haddii aad ka jarto malaayiinta p...,Waxa uu sheegay in uu ku guulaystay codka shacabka haddii aad ka jarto malaayiinta qof ee sida sharci darrada ah u codeeyay.,0
615,Canshuuraha guryuhu hadda 18% way ka sarreeyaan markii (Mark Sharpe) kow...,Canshuuraha guryuhu hadda 18% way ka sarreeyaan markii (Mark Sharpe) markii ugu horreysay ee uu xafiiska la wareegay.,0
616,Waxaan bixinaa PhD-da sanad walba in ka badan jaamacad kale ee A...,Waxaan bixinaa PhDs ka badan sanad walba marka loo eego jaamacadaha kale ee Ameerika marka laga reebo Berkeley.,0
617,"Si qarsoodi ah, iyadoo aan la ogeyn xubnaha Congress-ka, in ka badan $105 biil...","Si qarsoodi ah, iyadoo aan la ogeyn xubnaha Congress-ka, in ka badan 105 bilyan ayaa lagu qariyay sharciga Obamacare.",0
618,Codbixinta ayaa muujineysa in Floridians aysan dooneynin inay baabi'iyaan lacagta la awoodi karo…,Ra'yi ururintu waxay muujinayaan in Floridians aysan rabin inay tirtiraan Sharciga Daryeelka La awoodi karo.,0
619,"Xiligii Madaxweyne Barack Obama, 8.3 (milyan) oo Maraykan ah ayaa ka yar ...","Xilligii Madaxweyne Barack Obama, 8.3 (milyan) oo Maraykan ah ayaa shaqeeya maanta in ka yar sidii ay ahaayeen afar sano ka hor.",0
620,"Keystone XL wuxuu u oggolaanayaa Kanada inay soo saarto saliiddooda, u dirto iyada oo loo marayo ...","Keystone XL wuxuu u oggolaanayaa Kanada inay soo saarto shidaalkooda, u dirto dhulkeena, ilaa Khaliijka, halkaas oo laga iibin doono meel kasta oo kale.",0
621,Nidaamka xogta ee la socda Common Core waxaa loo qaabeeyey t...,"Nidaamka xogta ee la socda Core Common waxaa loogu talagalay in lagu ururiyo ilaa 400 dhibcood ilmo kasta, taas oo ay ku jiri karto xogta shakhsi ahaan lagu aqoonsan karo.",0
622,Waxa uu sheegay in Romney uu maalgashaday shirkad alaab ka samaysa Shiinaha oo...,Waxa uu yidhi Romney waxa uu maalgashaday shirkad alaabo ka samaynaysa Shiinaha oo laga samayn lahaa halkan America.,0
623,Donald Trump ayaa sheegay in dowladda ay bixineyso qarashka ku baxaya...,Wuxuu yidhi Donald Trump wuxuu sheegay in dawladdu ay bixinayso kharashka qof walba si uu u helo daryeel caafimaad.,0
624,"Keystone XL wuxuu u oggolaanayaa Kanada inay soo saarto saliiddooda, u dirto iyada oo loo marayo ...","Keystone XL wuxuu u oggolaanayaa Kanada inay soo saarto shidaalkooda, u dirto dhulkeena, ilaa Khaliijka, halkaas oo laga iibin doono meel kasta oo kale.",0
625,Guddiga dib u soo celinta dhaqangelinta ee gobolka ee dhawaan la sameeyay...,"Guddiga dib u eegista dhaqangelinta socdaalka ee gobolka ee dhawaan la sameeyay ayaa dhab ahaantii dacwayn kara, oo ku ridi kara [xukun] xabsiga, haddii aanu keenno xeer ilaaliyaha guud.",0
626,Haddii aad iibiso gurigaaga wixii ka dambeeya 2012 waxaad bixin doontaa boqolkiiba 3.8...,Haddii aad iibiso gurigaaga wixii ka dambeeya 2012 waxaad ka bixin doontaa boqolkiiba 3.8 canshuurta iibka.,0
627,"Ohio, waxaan ku maal galinay caruurteena, anagoo kordhinayna maalgelinta iskuulka...","Ohio, waxaanu maal galinay caruurteena, anagoo ku kordhinay maalgelinta dugsiga 5.5 boqolkiiba miisaaniyadii u dambaysay.",0
628,"Qaar ka mid ah kulliyadaha, oo ay ku jiraan AM, ayaa horey u dammaanad qaaday ...","Qaar ka mid ah kulliyadaha, oo ay ku jirto AM, ayaa horey u dammaanad qaaday inaysan kordhin doonin waxbarashadooda.",0
629,Waajibaadka daryeelka caafimaadku wuxuu u baahan doonaa xadhig iyo ganaax...,Waajibaadka daryeelka caafimaadku waxay u baahan doontaa xadhig iyo ganaax lacageed dadka Maraykanka ah ee aan awoodin inay iibsadaan caymis ama bixiyaan ganaaxyo culus oo dawladeed.,0
630,"Si qarsoodi ah, iyadoo aan la ogeyn xubnaha Congress-ka, in ka badan $105 biil...","Si qarsoodi ah, iyadoo aan la ogeyn xubnaha Congress-ka, in ka badan 105 bilyan ayaa lagu qariyay sharciga Obamacare.",0
631,Waxa uu yidhi Donald Trump waxa uu taageersan yahay ajande halkaas ka jira oo ah in si gaar loo leeyahay...,Waxa uu yidhi Donald Trump waxa uu taageerayaa ajande halkaa ka jira si gaar looga dhigo nidaamka daryeelka caafimaadka ee Arrimaha Veterans.,0
632,Wuxuu yiri tababaraha kubbadda cagta Rex Ryan wuxuu ku guuleystay horyaalada ...,"Waxa uu yidhi tababaraha kubada cagta ee xirfada leh Rex Ryan ayaa ku guulaystay horyaalada New York. AFC, waxaan filayaa, laba jeer.",0
633,Haddii aad iibiso gurigaaga wixii ka dambeeya 2012 waxaad bixin doontaa boqolkiiba 3.8...,Haddii aad iibiso gurigaaga wixii ka dambeeya 2012 waxaad ka bixin doontaa boqolkiiba 3.8 canshuurta iibka.,0
634,Haddii Madaxweyne Obama saxiixo daawaynta isbedelka cimilada ee Copenhagen...,"Haddii madaxweyne Obama uu saxiixo heshiiska isbeddelka cimilada ee Copenhagen, wuxuu ""sixiixi doonaa xorriyaddaada, dimoqraadiyaddaada, iyo barwaaqadaada weligiin, adiga iyo dawlad kasta oo ku xigta oo aad dooran karto ma lahaan doonto wax awood ah si ay dib ugu soo celiso.""",0
635,Magaalada Pembroke Pines ayaan wax cod ah ku lahayn qorshe lagu b...,Magaalada Pembroke Pines ayaan wax cod ah ku lahayn qorshaha lagu dhisayo xarun dadka lagu hayo ee Koonfur Galbeed Ranches.,0
636,Ayaa sheegtay in dowladda federaalku ay amar ku bixisay in dadka aan galmoodka ahayn (sic) iyo h...,Ayaa sheegtay in dawladda federaalku ay amar ku bixinayso dadka aan isu galmoodin (sic) iyo khaniisiinta inay carruurta ku qabsanayaan aagagga khatarta ah ee shisheeyaha iyagoo adeegsanaya magaca ammaanka garoonka diyaaradaha.,0
637,"McCain ""wuxuu u codeeyay inuu dhimo maalgelinta waxbarashada, isagoo ka soo horjeeda la xisaabtanka","McCain ""wuxuu u codeeyay inuu dhimo maalgelinta waxbarashada, isagoo ka soo horjeeda heerarka isla xisaabtanka. Wuxuu xitaa soo jeediyay in la baabi'iyo Waaxda Waxbarashada.""",0
638,Way adag tahay in dadka Portland ku nool ay Haa ugu codeeyaan mea...,"Way adag tahay in dadka Portland ku nool ay Haa ugu codeeyaan cabbirada codbixinta, gaar ahaan marka ay jiraan mucaarad.",0
639,Adigoo isticmaalaya daldaloolo yar oo la yaqaan ... Minions Obama waa la oggol yahay ...,Adigoo isticmaalaya daldaloolo yar oo la yaqaan ... Minions Obama waxay u oggolaanayaan Shirkadda Nestle inay ka dhoofiso biyaha macaan ee qaaliga ah harada Michigan.,0
640,Marka kaliya ee shaqada dawladdu hoos u dhacday intii lagu jiray...,Marka kaliya ee shaqaalaynta dawladdu hoos u dhacday inta lagu jiro dhaqaale-xumada ayaa aniga hoos ii dhacday.,0
641,Ayaa sheegay in Adeegga Boostada Maraykanku aanay qaadan wax gargaar cashuur bixiye ah tan iyo markii...,"Waxa uu leeyahay Adeegga Boostada Maraykanku ma qaadin wax gargaar cashuur bixiye ah ilaa 1971, waxa ay maalgelisaa hawlaha gabi ahaan iibinta stamps iyo alaabta la xidhiidha oo waxa ay samaysaa faa'iido hawl gal sanadba sanadka ka dambeeya.",0
642,Boqolkiiba 95 lacagta loo isticmaalo ururka shaqaalaha wor...,Boqolkiiba shan iyo sagaashan lacagta loo isticmaalo xarumaha tababarka shaqaalaha ee ay ku shaqeeyaan ururka waxay ka yimaadaan loo shaqeeyayaasha.,0
643,Barasaabkii hore ee Alaska Sarah Palin ayaa ku saxnayd in madaxweynaha...,"Guddoomiyihii hore ee Alaska Sarah Palin waxay ku saxsanayd in sharciga daryeelka caafimaadka ee Madaxweyne Barack Obama uu abuuray waxa, dhab ahaan, noqon lahaa guddiyada dhimashada.",0
644,"Barack Obama ""wuxuu doonayaa in dowladda ay la wareegto daryeelka caafimaadka,...","Barack Obama ""wuxuu rabaa in dowladdu ay la wareegto daryeelka caafimaadka, ku bixiso boqolaal bilyan oo doolar oo lacag cusub ah caymiska caafimaadka qof walba.""",0
645,Waxay tiri Cathy Jordan waa la xiray oo laga soo saaray gurigeeda b...,Waxay tiri Cathy Jordan ayaa la xiray oo ay ka soo saareen gurigeeda koox SWAT ah oo hooligan ah si ay u isticmaasho marijuana caafimaad.,0
646,"Si qarsoodi ah, iyadoo aan la ogeyn xubnaha Congress-ka, in ka badan $105 biil...","Si qarsoodi ah, iyadoo aan la ogeyn xubnaha Congress-ka, in ka badan 105 bilyan ayaa lagu qariyay sharciga Obamacare.",0
647,Shirkadda ay dawladdu kiraysanayso ee qiimaynaysa ardayda ay dawladdu u xilsaartay...,Shirkadda ay dawladdu kiraysanayso ee qiimeeya imtixaannada ardayda ee gobolku waajibiyay waxay ku baxaysaa Craigslist si ay u hesho imtaxaanayaal si ay u akhriyaan qoraallada ardaydeenna.,0
648,Guddiga dib u soo celinta dhaqangelinta ee gobolka ee dhawaan la sameeyay...,"Guddiga dib u eegista dhaqangelinta socdaalka ee gobolka ee dhawaan la sameeyay ayaa dhab ahaantii dacwayn kara, oo ku ridi kara [xukun] xabsiga, haddii aanu keenno xeer ilaaliyaha guud.",0
649,Ayaa sheegtay in dowladda federaalku ay amar ku bixisay in dadka aan galmoodka ahayn (sic) iyo h...,Ayaa sheegtay in dawladda federaalku ay amar ku bixinayso dadka aan isu galmoodin (sic) iyo khaniisiinta inay carruurta ku qabsanayaan aagagga khatarta ah ee shisheeyaha iyagoo adeegsanaya magaca ammaanka garoonka diyaaradaha.,0
650,Ayaa sheegay in Adeegga Boostada Maraykanku aanay qaadan wax gargaar cashuur bixiye ah tan iyo markii...,"Waxa uu leeyahay Adeegga Boostada Maraykanku ma qaadin wax gargaar cashuur bixiye ah ilaa 1971, waxa ay maalgelisaa hawlaha gabi ahaan iibinta stamps iyo alaabta la xidhiidha oo waxa ay samaysaa faa'iido hawl gal sanadba sanadka ka dambeeya.",0
651,Ayaa sheegtay in dowladda federaalku ay amar ku bixisay in dadka aan galmoodka ahayn (sic) iyo h...,Ayaa sheegtay in dawladda federaalku ay amar ku bixinayso dadka aan isu galmoodin (sic) iyo khaniisiinta inay carruurta ku qabsanayaan aagagga khatarta ah ee shisheeyaha iyagoo adeegsanaya magaca ammaanka garoonka diyaaradaha.,0
652,Magaalada Pembroke Pines ayaan wax cod ah ku lahayn qorshe lagu b...,Magaalada Pembroke Pines ayaan wax cod ah ku lahayn qorshaha lagu dhisayo xarun dadka lagu hayo ee Koonfur Galbeed Ranches.,0
653,"In ka badan 100,000 oo haween ah oo ku nool Texas ayaa isku dayay in ay iskood isu soo dhisaan.","In ka badan 100,000 oo haween ah oo ku nool Texas ayaa isku dayay inay iskood iska soo xaaqaan sannadkii la soo dhaafay oo keliya.",0
654,Saraakiisha Medicare waxay ula dhaqmeen Humana iyo AARP si aan is waafaqsanayn,Saraakiisha Medicare waxay ula dhaqmeen Humana iyo AARP si aan joogto ahayn sida ay ula xiriiri karaan waayeelka.,0
655,Waxa uu yidhi Madaxweyne Obama waxa uu afduubay biilka beeraha (oo) waxa uu u rogay i...,Waxa uu yidhi Madaxweyne Obama waxa uu afduubay biilka beeraha (oo) waxa uu ka dhigay biilka cuntada.,0
656,Codbixinta ayaa muujineysa in Floridians aysan dooneynin inay baabi'iyaan lacagta la awoodi karo…,Ra'yi ururintu waxay muujinayaan in Floridians aysan rabin inay tirtiraan Sharciga Daryeelka La awoodi karo.,0
657,"Inkasta oo ay ka soo horjeesteen naadiga qaranka ee kobaca, naadiga G...","In kasta oo ay ka soo horjeedaan Naadiga kobaca qaranka, Naadiga Kobaca Wisconsin ayaa u ansixiyay Senetka Mareykanka.",0
658,"Qoysaska Maraykanku waxay ku dadaalaan inay helaan $4,250 bishii. Obama ayaa...","Qoysaska Maraykanku waxay ku dadaalaan inay helaan $4,250 bishii. Obama waxa uu ku kharash gareeyaa $18,972 bishii ilmo kasta oo sharci-darro ah.",0
659,Waxa uu sheegay in Romney uu maalgashaday shirkad alaab ka samaysa Shiinaha oo...,Waxa uu yidhi Romney waxa uu maalgashaday shirkad alaabo ka samaynaysa Shiinaha oo laga samayn lahaa halkan America.,0
660,Wuxuu sheegay in dib u habeynta daryeelka caafimaadka qaranka ay tahay mid ay dowladdu la wareegtay...,Waxa uu leeyahay dib u habaynta daryeelka caafimaadka qaranka waa la wareegida dawladda ee daryeelka caafimaadka.,0
661,Saraakiisha Medicare waxay ula dhaqmeen Humana iyo AARP si aan is waafaqsanayn,Saraakiisha Medicare waxay ula dhaqmeen Humana iyo AARP si aan joogto ahayn sida ay ula xiriiri karaan waayeelka.,0
662,Waxaan ka mid ahaa kuwii ugu horreeyay ee dhaleeceeya ku degdegista dagaalka (Ir...,"Waxaan ka mid ahaa kuwii ugu horreeyay ee dhaleeceeya degdegga ah ee dagaalka (Ciraaq), iyo haa, xitaa ka hor inta uusan dagaalku bilaaban.",0
663,Xildhibaanada Aqalka Sare ayaa meel mariyay mushaar kordhin dhan $10...,"Xubnaha Congress-ka waxay ku ansixiyeen mushaar kordhin dhan $10,000 muddo laba sano ah xitaa iyagoo u codeeyay inaanan kor loo qaadin macaashka Lambarka Bulshada 2010 iyo 2011.",0
664,Frank Guinta ayaa u codeeyay in cashuur bixiyayaasha dabaqadda dhexe ay bixiyaan lacag ka badan...,"Frank Guinta ayaa u codeeyay in cashuur bixiyayaasha dabaqadda dhexe ay bixiyaan in ka badan $1,000 oo dheeraad ah sannadkii.",0
665,"Inkasta oo ay ka soo horjeesteen naadiga qaranka ee kobaca, naadiga G...","In kasta oo ay ka soo horjeedaan Naadiga kobaca qaranka, Naadiga Kobaca Wisconsin ayaa u ansixiyay Senetka Mareykanka.",0
666,Waxa uu sheegay in Madaxweyne Barack Obama uu ballan qaaday inuu la shaqeyn doono...,"Waxa uu sheegay in iyada oo Madaxweyne Barack Obama uu ballan qaaday in uu la shaqayn doono loo-shaqeeyahaaga si uu hoos ugu dhigo khidmadahaaga $2,500 qoyskiiba sannadkii, sharcigiisa daryeelka caafimaadku waxa uu kor u qaadayaa khidmadaha suuqa gaarka ah $2,100 qoyskiiba.",0
667,Xirmada dhiirigelinta waxaa ku jira sharci ka soo horjeeda Masiixi...,"Xirmada dhiirigelinta waxaa ku jira sharci lid ku ah Masiixiyiinta kaas oo joojin doona kaniisadaha inay u isticmaalaan dugsiyada dadweynaha kulannada axada, iyo sidoo kale Boy Scouts iyo kooxaha ardada barta Kitaabka Quduuska ah.",0
668,Waxaan ka mid ahaa kuwii ugu horreeyay ee dhaleeceeya ku degdegista dagaalka (Ir...,"Waxaan ka mid ahaa kuwii ugu horreeyay ee dhaleeceeya degdegga ah ee dagaalka (Ciraaq), iyo haa, xitaa ka hor inta uusan dagaalku bilaaban.",0
669,Ayaa sheegtay in dowladda federaalku ay amar ku bixisay in dadka aan galmoodka ahayn (sic) iyo h...,Ayaa sheegtay in dawladda federaalku ay amar ku bixinayso dadka aan isu galmoodin (sic) iyo khaniisiinta inay carruurta ku qabsanayaan aagagga khatarta ah ee shisheeyaha iyagoo adeegsanaya magaca ammaanka garoonka diyaaradaha.,0
670,Codbixinta ayaa muujineysa in Floridians aysan dooneynin inay baabi'iyaan lacagta la awoodi karo…,Ra'yi ururintu waxay muujinayaan in Floridians aysan rabin inay tirtiraan Sharciga Daryeelka La awoodi karo.,0
671,"Hadda, Golaha Wakiilada, waxaan leenahay 40 kala duwan oo j...","Hadda, Golaha Wakiillada, waxaanu haynaa 40 xeer oo kala duwan oo shaqo ah oo la ansixiyay oo ku dhawaad ​​dhamaantood ahaayeen laba xisbi.",0
672,Maxay ahaayeen hoos u dhacii sanadlaha ahaa ee Jamhuuriga hadda...,Maxay ahaayeen khasaare sanadeedkii hore ee Jamhuuriyiinta ayaa hadda noqday hoos u dhacyada billaha ah ee hoos yimaada Dimuqraadiyiinta.,0
673,Waxaan ka mid ahaa kuwii ugu horreeyay ee dhaleeceeya ku degdegista dagaalka (Ir...,"Waxaan ka mid ahaa kuwii ugu horreeyay ee dhaleeceeya degdegga ah ee dagaalka (Ciraaq), iyo haa, xitaa ka hor inta uusan dagaalku bilaaban.",0
674,"Inkasta oo ay ka soo horjeesteen naadiga qaranka ee kobaca, naadiga G...","In kasta oo ay ka soo horjeedaan Naadiga kobaca qaranka, Naadiga Kobaca Wisconsin ayaa u ansixiyay Senetka Mareykanka.",0
675,"Qoysaska Maraykanku waxay ku dadaalaan inay helaan $4,250 bishii. Obama ayaa...","Qoysaska Maraykanku waxay ku dadaalaan inay helaan $4,250 bishii. Obama waxa uu ku kharash gareeyaa $18,972 bishii ilmo kasta oo sharci-darro ah.",0
676,Adigoo isticmaalaya daldaloolo yar oo la yaqaan ... Minions Obama waa la oggol yahay ...,Adigoo isticmaalaya daldaloolo yar oo la yaqaan ... Minions Obama waxay u oggolaanayaan Shirkadda Nestle inay ka dhoofiso biyaha macaan ee qaaliga ah harada Michigan.,0
677,Adigoo isticmaalaya daldaloolo yar oo la yaqaan ... Minions Obama waa la oggol yahay ...,Adigoo isticmaalaya daldaloolo yar oo la yaqaan ... Minions Obama waxay u oggolaanayaan Shirkadda Nestle inay ka dhoofiso biyaha macaan ee qaaliga ah harada Michigan.,0
678,"Mashruuca Buffalos SolarCity, Andrew Cuomo wuxuu abuuri doonaa laga yaabee ...","Mashruuca Buffalos SolarCity, Andrew Cuomo wuxuu abuuri doonaa laga yaabee 500 shaqo haddii ay weligeed dhacdo, qiyaastii $1.5 milyan shaqa kasta.",0
679,Sagaal boqol oo qof ayaa shaqada laga eryay tan iyo markii aan xoghayaha noqday...,Sagaal boqol oo qof ayaa shaqada laga eryay tan iyo markii aan xoghaye ka noqday (Arimaha Veterans). Waxa aanu helnay 60 qof oo aanu shaqada ka ceyrinay kuwaas oo wakhtiyada sugitaan wax-ka-qabtay.,0
680,"Waxaan leenahay magaalooyin ku yaal Galbeedka Texas oo aan biyuhu lahayn, kuwaas oo ah ...","Waxaan leenahay magaalooyin ku yaal Galbeedka Texas oo ay ka maqan yihiin biyaha, kuwaas oo ay tahay in ay biyo ku dhaamiyaan.",0
681,Waxaan u dhimi karnaa shaqo la'aanta kala bar si fudud annaga oo dib u soo ceshanno j...,Waxaan shaqo la'aanta u dhimi karnaa kala bar si fudud innagoo dib u soo ceshanayna shaqooyinkii ay qabteen shaqaalaha sharci darrada ah.,0
682,Is-dilku wuxuu ka imaanayaa calaamad ah ee waaweyn oo leh ...,Is-dilku wuxuu ka yimaadaa dawladda dhexe ee waaweyn oo leh waxba uma qalantid laakiin waxaad ku heli doontaa wax aan waxba ahayn.,0
683,Is-dilku wuxuu ka imaanayaa calaamad ah ee waaweyn oo leh ...,Is-dilku wuxuu ka yimaadaa dawladda dhexe ee waaweyn oo leh waxba uma qalantid laakiin waxaad ku heli doontaa wax aan waxba ahayn.,0
684,"Waxa uu sheegay in uu ahaa saldhigga gobolka Utah, uu markii la shaqeeyay s ...","Wuxuu sheegay in markii uu ahaa guddoomiyaha Utah, uu la shaqeeyay Sharci-dejinta gobolka si loo abuuro canshuur siman oo dhimaysa canshuurta dakhliga boqolkiiba 30.",0
685,"Hadda, Golaha Wakiilada, waxaan leenahay 40 kala duwan oo j...","Hadda, Golaha Wakiillada, waxaanu haynaa 40 xeer oo kala duwan oo shaqo ah oo la ansixiyay oo ku dhawaad ​​dhamaantood ahaayeen laba xisbi.",0
686,Wuxuu sheegay in ay jiraan doollar federaal ah oo badan oo ku jira Gov. John Kasichs bud...,Wuxuu sheegay in ay jiraan doollar federaali ah oo ka badan qorshaha miisaaniyadda Gov. John Kasichs marka loo eego miisaaniyaddii hore ee gobolka.,0
687,Is-dilku wuxuu ka imaanayaa calaamad ah ee waaweyn oo leh ...,Is-dilku wuxuu ka yimaadaa dawladda dhexe ee waaweyn oo leh waxba uma qalantid laakiin waxaad ku heli doontaa wax aan waxba ahayn.,0
688,Shirkadda ay dawladdu kiraysanayso ee qiimaynaysa ardayda ay dawladdu u xilsaartay...,Shirkadda ay dawladdu kiraysanayso ee qiimeeya imtixaannada ardayda ee gobolku waajibiyay waxay ku baxaysaa Craigslist si ay u hesho imtaxaanayaal si ay u akhriyaan qoraallada ardaydeenna.,0
689,"Mashruuca Buffalos SolarCity, Andrew Cuomo wuxuu abuuri doonaa laga yaabee ...","Mashruuca Buffalos SolarCity, Andrew Cuomo wuxuu abuuri doonaa laga yaabee 500 shaqo haddii ay weligeed dhacdo, qiyaastii $1.5 milyan shaqa kasta.",0
690,Waxaan u dhimi karnaa shaqo la'aanta kala bar si fudud annaga oo dib u soo ceshanno j...,Waxaan shaqo la'aanta u dhimi karnaa kala bar si fudud innagoo dib u soo ceshanayna shaqooyinkii ay qabteen shaqaalaha sharci darrada ah.,0
691,Waxaan bixinaa PhD-da sanad walba in ka badan jaamacad kale ee A...,Waxaan bixinaa PhDs ka badan sanad walba marka loo eego jaamacadaha kale ee Ameerika marka laga reebo Berkeley.,0
692,"Barack Obama ""wuxuu doonayaa in dowladda ay la wareegto daryeelka caafimaadka,...","Barack Obama ""wuxuu rabaa in dowladdu ay la wareegto daryeelka caafimaadka, ku bixiso boqolaal bilyan oo doolar oo lacag cusub ah caymiska caafimaadka qof walba.""",0
693,Waxaan ka mid ahaa kuwii ugu horreeyay ee dhaleeceeya ku degdegista dagaalka (Ir...,"Waxaan ka mid ahaa kuwii ugu horreeyay ee dhaleeceeya degdegga ah ee dagaalka (Ciraaq), iyo haa, xitaa ka hor inta uusan dagaalku bilaaban.",0
694,"Qaar ka mid ah kulliyadaha, oo ay ku jiraan AM, ayaa horey u dammaanad qaaday ...","Qaar ka mid ah kulliyadaha, oo ay ku jirto AM, ayaa horey u dammaanad qaaday inaysan kordhin doonin waxbarashadooda.",0
695,Wuxuu sheegay in eedeymaha ah inuu sameeyay galmo aan loo baahnayn oo ku saabsan ...,Waxa uu sheegay in eedeymaha ah in uu sameeyay galmo aan la rabin oo uu ku sameeyay haweeney ku xigeen shariif ah ay laba garsoore oo kala duwan ay ku heleen in aysan mudneyn.,0
696,Saddex meelood labo meel Granite States ayaa kasoo horjeeda xisbiga Shaaha iyo xisbigiisa...,Saddex meelood laba meel Granite States waxay ka soo horjeedaan Xisbiga Shaaha iyo ajandihiisa ku saabsan ururada shaqaalaha.,0
697,"Barack Obama ""wuxuu doonayaa in dowladda ay la wareegto daryeelka caafimaadka,...","Barack Obama ""wuxuu rabaa in dowladdu ay la wareegto daryeelka caafimaadka, ku bixiso boqolaal bilyan oo doolar oo lacag cusub ah caymiska caafimaadka qof walba.""",0
698,Wuxuu yiri tababaraha kubbadda cagta Rex Ryan wuxuu ku guuleystay horyaalada ...,"Waxa uu yidhi tababaraha kubada cagta ee xirfada leh Rex Ryan ayaa ku guulaystay horyaalada New York. AFC, waxaan filayaa, laba jeer.",0
699,Walaalaha Koch keligood waxay siiyeen lacag laba jibaar ka badan Scott Wa...,Walaalaha Koch keligood waxay siiyeen laba laab lacag ka badan Scott Walker wadarta guud ee lacagta uu soo ururiyay Tom Barrett.,0
700,Waxaa jira kharashyo maamul oo sarreeya marka aad ku deeqdo Haiti...,Waxaa jira kharashyo maamul oo sarreeya marka aad ku deeqdo gargaarka Haiti iyada oo loo marayo Mareegta Aqalka Cad.,0
701,Hindise sharciyeedka gobolka ayaa soo afjari doona shuruudihii muddada dheer ee ahaa in deegaanka...,Hindise-sharciyeedka gobolku waxa uu soo afjarayaa shuruudii muddada dheer u baahnayd ee ah in dawladaha hoose ay dayactiraan waddooyinka waaweyn iyo laamiyada-- oo ay ka horjoogsadaan muwaadiniinta dhaawaca ah in ay dacweeyaan dayactirka la dayacay.,0
702,Waxa uu sheegay in Madaxweyne Barack Obama uu ballan qaaday inuu la shaqeyn doono...,"Waxa uu sheegay in iyada oo Madaxweyne Barack Obama uu ballan qaaday in uu la shaqayn doono loo-shaqeeyahaaga si uu hoos ugu dhigo khidmadahaaga $2,500 qoyskiiba sannadkii, sharcigiisa daryeelka caafimaadku waxa uu kor u qaadayaa khidmadaha suuqa gaarka ah $2,100 qoyskiiba.",0
703,Wuxuu yiri xildhibaanka Miami Carlos Curbelo wuxuu taageersan yahay qodista qodista...,Waxa uu yidhi xildhibaanka Miami Carlos Curbelo waxa uu taageersan yahay qodista xeebaha waxana uu si isdaba joog ah uga codeeyay awoodda madaxweyne Obama ee la dagaalanka wasakhowga iyo la dagaalanka isbedelka cimilada.,0
704,"McCain ""wuxuu u codeeyay inuu dhimo maalgelinta waxbarashada, isagoo ka soo horjeeda la xisaabtanka","McCain ""wuxuu u codeeyay inuu dhimo maalgelinta waxbarashada, isagoo ka soo horjeeda heerarka isla xisaabtanka. Wuxuu xitaa soo jeediyay in la baabi'iyo Waaxda Waxbarashada.""",0
705,Waxaa jira kharashyo maamul oo sarreeya marka aad ku deeqdo Haiti...,Waxaa jira kharashyo maamul oo sarreeya marka aad ku deeqdo gargaarka Haiti iyada oo loo marayo Mareegta Aqalka Cad.,0
706,Maxay ahaayeen hoos u dhacii sanadlaha ahaa ee Jamhuuriga hadda...,Maxay ahaayeen khasaare sanadeedkii hore ee Jamhuuriyiinta ayaa hadda noqday hoos u dhacyada billaha ah ee hoos yimaada Dimuqraadiyiinta.,0
707,Pentagon-ka ayaa ka dhigtay geesinimada tan iyo markii la shaaciyay ee POW Jessi ...,Pentagon-ka ayaa ka dhigtay geesinimada tan iyo markii la shaaciyay ee POW Jessica Lynch iyada oo isku dayday in ay ka fogaato qabashada Ciraaq.,0
708,Codbixinta ayaa muujineysa in Floridians aysan dooneynin inay baabi'iyaan lacagta la awoodi karo…,Ra'yi ururintu waxay muujinayaan in Floridians aysan rabin inay tirtiraan Sharciga Daryeelka La awoodi karo.,0
709,Qofka iga soo waxa uu ballan qaadayaa in uu soo celin doono shaqada hore isaga oo raba in uu iska tago...,Qofka iga soo horjeeda wuxuu ballan qaadayaa inuu soo celin doono shaqooyin hore isagoo u rajeeyay dhaqaalaha adduunka.,0
710,Hindise sharciyeedka gobolka ayaa soo afjari doona shuruudihii muddada dheer ee ahaa in deegaanka...,Hindise-sharciyeedka gobolku waxa uu soo afjarayaa shuruudii muddada dheer u baahnayd ee ah in dawladaha hoose ay dayactiraan waddooyinka waaweyn iyo laamiyada-- oo ay ka horjoogsadaan muwaadiniinta dhaawaca ah in ay dacweeyaan dayactirka la dayacay.,0
711,Guddiga dib u soo celinta dhaqangelinta ee gobolka ee dhawaan la sameeyay...,"Guddiga dib u eegista dhaqangelinta socdaalka ee gobolka ee dhawaan la sameeyay ayaa dhab ahaantii dacwayn kara, oo ku ridi kara [xukun] xabsiga, haddii aanu keenno xeer ilaaliyaha guud.",0
712,Musharaxa senate-ka Mareykanka Jack Kingston waxa uu ku qarash gareeyay doollarkayaga canshuurta...,Musharaxa senate-ka ee Maraykanka Jack Kingston waxa uu doollarkayaga cashuurta ku kharash gareeyey kumanyaal calaamado wasakh ah.,0
713,Wendy Davis waxay kaliya ku samaynaysay lacag ururin Chicago,Wendy Davis waxa ay Chicago ka samaynaysay dhaqaale ururin iyada oo la kaashanaysa ururka hantiwadaaga caalamiga ah.,0
714,Is-dilku wuxuu ka imaanayaa calaamad ah ee waaweyn oo leh ...,Is-dilku wuxuu ka yimaadaa dawladda dhexe ee waaweyn oo leh waxba uma qalantid laakiin waxaad ku heli doontaa wax aan waxba ahayn.,0
715,Saddex meelood labo ka mid ah dadka ku nool Wisconsin ayaa si adag uga soo horjeeda...,Saddex meelood laba meel dadka Wisconsin ayaa si adag uga soo horjeeda fikradan ah in si joogto ah looga qaado xuquuqda dadka ee gorgortanka wadajirka ah.,0
716,Codbixinta ayaa muujineysa in Floridians aysan dooneynin inay baabi'iyaan lacagta la awoodi karo…,Ra'yi ururintu waxay muujinayaan in Floridians aysan rabin inay tirtiraan Sharciga Daryeelka La awoodi karo.,0
717,(Madaxweyne Barack Obama) ayaa sheegay in shaqo la’aantu aysan waligeed g...,(Madaxweyne Barack Obama) wuxuu sheegay in shaqo la'aantu aysan weligeed dhaafi doonin 8 boqolkiiba haddii aan gudbino qorshaha kicinta.,0
718,Canshuuraha guryuhu hadda 18% way ka sarreeyaan markii (Mark Sharpe) kow...,Canshuuraha guryuhu hadda 18% way ka sarreeyaan markii (Mark Sharpe) markii ugu horreysay ee uu xafiiska la wareegay.,0
719,"Qoysaska Maraykanku waxay ku dadaalaan inay helaan $4,250 bishii. Obama ayaa...","Qoysaska Maraykanku waxay ku dadaalaan inay helaan $4,250 bishii. Obama waxa uu ku kharash gareeyaa $18,972 bishii ilmo kasta oo sharci-darro ah.",0
720,Nidaamka xogta ee la socda Common Core waxaa loo qaabeeyey t...,"Nidaamka xogta ee la socda Core Common waxaa loogu talagalay in lagu ururiyo ilaa 400 dhibcood ilmo kasta, taas oo ay ku jiri karto xogta shakhsi ahaan lagu aqoonsan karo.",0
721,Musharaxa senate-ka Mareykanka Jack Kingston waxa uu ku qarash gareeyay doollarkayaga canshuurta...,Musharaxa senate-ka ee Maraykanka Jack Kingston waxa uu doollarkayaga cashuurta ku kharash gareeyey kumanyaal calaamado wasakh ah.,0
722,Waxa uu yidhi Madaxweyne Obama waxa uu afduubay biilka beeraha (oo) waxa uu u rogay i...,Waxa uu yidhi Madaxweyne Obama waxa uu afduubay biilka beeraha (oo) waxa uu ka dhigay biilka cuntada.,0
723,"Xiligii Madaxweyne Barack Obama, 8.3 (milyan) oo Maraykan ah ayaa ka yar ...","Xilligii Madaxweyne Barack Obama, 8.3 (milyan) oo Maraykan ah ayaa shaqeeya maanta in ka yar sidii ay ahaayeen afar sano ka hor.",0
724,Guddiga dib u soo celinta dhaqangelinta ee gobolka ee dhawaan la sameeyay...,"Guddiga dib u eegista dhaqangelinta socdaalka ee gobolka ee dhawaan la sameeyay ayaa dhab ahaantii dacwayn kara, oo ku ridi kara [xukun] xabsiga, haddii aanu keenno xeer ilaaliyaha guud.",0
725,"27-kii bilood ee la soo dhaafay, Madaxweyne Barack Obama waxa uu abuuray...","27-kii bilood ee la soo dhaafay, Madaxweyne Barack Obama waxa uu abuuray shaqooyin ka badan kuwa gaarka loo leeyahay marka loo eego soo kabashada Reagan.",0
726,"Barack Obama ""wuxuu doonayaa in dowladda ay la wareegto daryeelka caafimaadka,...","Barack Obama ""wuxuu rabaa in dowladdu ay la wareegto daryeelka caafimaadka, ku bixiso boqolaal bilyan oo doolar oo lacag cusub ah caymiska caafimaadka qof walba.""",0
727,"Inkasta oo ay ka soo horjeesteen naadiga qaranka ee kobaca, naadiga G...","In kasta oo ay ka soo horjeedaan Naadiga kobaca qaranka, Naadiga Kobaca Wisconsin ayaa u ansixiyay Senetka Mareykanka.",0
728,Nidaamka xogta ee la socda Common Core waxaa loo qaabeeyey t...,"Nidaamka xogta ee la socda Core Common waxaa loogu talagalay in lagu ururiyo ilaa 400 dhibcood ilmo kasta, taas oo ay ku jiri karto xogta shakhsi ahaan lagu aqoonsan karo.",0
729,Barasaabkii hore ee Alaska Sarah Palin ayaa ku saxnayd in madaxweynaha...,"Guddoomiyihii hore ee Alaska Sarah Palin waxay ku saxsanayd in sharciga daryeelka caafimaadka ee Madaxweyne Barack Obama uu abuuray waxa, dhab ahaan, noqon lahaa guddiyada dhimashada.",0
730,Sen. Hutchison waxa uu ka tagey Jamhuuriyiintii oo uu la saftay Dimuqraadiga...,Sen. Hutchison wuu ka tagay Jamhuuriyiintii wuxuuna la istaagay Dimuqraadiyiinta si loo hubiyo in sharciga daryeelka caafimaadku si dhakhso ah u gudbi doono.,0
731,Xirmada dhiirigelinta waxaa ku jira sharci ka soo horjeeda Masiixi...,"Xirmada dhiirigelinta waxaa ku jira sharci lid ku ah Masiixiyiinta kaas oo joojin doona kaniisadaha inay u isticmaalaan dugsiyada dadweynaha kulannada axada, iyo sidoo kale Boy Scouts iyo kooxaha ardada barta Kitaabka Quduuska ah.",0
732,Musharaxa senate-ka Mareykanka Jack Kingston waxa uu ku qarash gareeyay doollarkayaga canshuurta...,Musharaxa senate-ka ee Maraykanka Jack Kingston waxa uu doollarkayaga cashuurta ku kharash gareeyey kumanyaal calaamado wasakh ah.,0
733,"27-kii bilood ee la soo dhaafay, Madaxweyne Barack Obama waxa uu abuuray...","27-kii bilood ee la soo dhaafay, Madaxweyne Barack Obama waxa uu abuuray shaqooyin ka badan kuwa gaarka loo leeyahay marka loo eego soo kabashada Reagan.",0
734,Boqolkiiba 95 lacagta loo isticmaalo ururka shaqaalaha wor...,Boqolkiiba shan iyo sagaashan lacagta loo isticmaalo xarumaha tababarka shaqaalaha ee ay ku shaqeeyaan ururka waxay ka yimaadaan loo shaqeeyayaasha.,0
735,Boqolkiiba 95 lacagta loo isticmaalo ururka shaqaalaha wor...,Boqolkiiba shan iyo sagaashan lacagta loo isticmaalo xarumaha tababarka shaqaalaha ee ay ku shaqeeyaan ururka waxay ka yimaadaan loo shaqeeyayaasha.,0
736,Ayaa sheegtay in dowladda federaalku ay amar ku bixisay in dadka aan galmoodka ahayn (sic) iyo h...,Ayaa sheegtay in dawladda federaalku ay amar ku bixinayso dadka aan isu galmoodin (sic) iyo khaniisiinta inay carruurta ku qabsanayaan aagagga khatarta ah ee shisheeyaha iyagoo adeegsanaya magaca ammaanka garoonka diyaaradaha.,0
737,Shirkadda ay dawladdu kiraysanayso ee qiimaynaysa ardayda ay dawladdu u xilsaartay...,Shirkadda ay dawladdu kiraysanayso ee qiimeeya imtixaannada ardayda ee gobolku waajibiyay waxay ku baxaysaa Craigslist si ay u hesho imtaxaanayaal si ay u akhriyaan qoraallada ardaydeenna.,0
738,Waxaan ka mid ahaa kuwii ugu horreeyay ee dhaleeceeya ku degdegista dagaalka (Ir...,"Waxaan ka mid ahaa kuwii ugu horreeyay ee dhaleeceeya degdegga ah ee dagaalka (Ciraaq), iyo haa, xitaa ka hor inta uusan dagaalku bilaaban.",0
739,Barasaabkii hore ee Alaska Sarah Palin ayaa ku saxnayd in madaxweynaha...,"Guddoomiyihii hore ee Alaska Sarah Palin waxay ku saxsanayd in sharciga daryeelka caafimaadka ee Madaxweyne Barack Obama uu abuuray waxa, dhab ahaan, noqon lahaa guddiyada dhimashada.",0
740,Wuxuu sheegay in dib u habeynta daryeelka caafimaadka qaranka ay tahay mid ay dowladdu la wareegtay...,Waxa uu leeyahay dib u habaynta daryeelka caafimaadka qaranka waa la wareegida dawladda ee daryeelka caafimaadka.,0
741,Ciidamada badda ayaa dacwad ku soo oogaya sarkaal ka tirsan ciidamada badda oo toogtay...,Ciidanka badda ayaa dacwad ku soo oogaya sarkaal ka tirsan ciidamada badda oo toogtay toogashadii Chattanooga ka dib markii uu si sharci darro ah hub ugu furay hanti federaal ah.,0
742,Is-dilku wuxuu ka imaanayaa calaamad ah ee waaweyn oo leh ...,Is-dilku wuxuu ka yimaadaa dawladda dhexe ee waaweyn oo leh waxba uma qalantid laakiin waxaad ku heli doontaa wax aan waxba ahayn.,0
743,"Qoysaska Maraykanku waxay ku dadaalaan inay helaan $4,250 bishii. Obama ayaa...","Qoysaska Maraykanku waxay ku dadaalaan inay helaan $4,250 bishii. Obama waxa uu ku kharash gareeyaa $18,972 bishii ilmo kasta oo sharci-darro ah.",0
744,Waxay qaadataa tamar aad u badan si loo sameeyo panel cadceedda sida ay u badan tahay g...,Waxay qaadataa tamar aad u badan si loo sameeyo alwaax qoraxda sida ay u badan tahay inay soo saarto nolosheeda oo dhan.,0
745,Wendy Davis waxay kaliya ku samaynaysay lacag ururin Chicago,Wendy Davis waxa ay Chicago ka samaynaysay dhaqaale ururin iyada oo la kaashanaysa ururka hantiwadaaga caalamiga ah.,0
746,Donald Trump ayaa sheegay in dowladda ay bixineyso qarashka ku baxaya...,Wuxuu yidhi Donald Trump wuxuu sheegay in dawladdu ay bixinayso kharashka qof walba si uu u helo daryeel caafimaad.,0
747,Musharaxa senate-ka Mareykanka Jack Kingston waxa uu ku qarash gareeyay doollarkayaga canshuurta...,Musharaxa senate-ka ee Maraykanka Jack Kingston waxa uu doollarkayaga cashuurta ku kharash gareeyey kumanyaal calaamado wasakh ah.,0
748,"Keystone XL wuxuu u oggolaanayaa Kanada inay soo saarto saliiddooda, u dirto iyada oo loo marayo ...","Keystone XL wuxuu u oggolaanayaa Kanada inay soo saarto shidaalkooda, u dirto dhulkeena, ilaa Khaliijka, halkaas oo laga iibin doono meel kasta oo kale.",0
749,Maraykanku kama mid ahayn 16 waddan oo David Pe...,Mareykanka ayaan ka mid ahayn 16 wadan oo David Perdue uu ku sheegay in Pillowtex uu shaqo ka abuuray.,0
750,Muwaadiniin Jarmal ah ayaa dawladoodii hub ka dhigis ku samaysay dhamaadkii...,"Muwaadiniinta Jarmalku waxa hub ka dhigis ku sameeyay dawladoodii dabayaaqadii 1930-meeyadii, taas oo u ogolaatay Naasiyiintii in ay fuliyaan ujeedooyinkooda xun iyaga oo iska caabin yar leh.",0
751,Wuxuu yiri tababaraha kubbadda cagta Rex Ryan wuxuu ku guuleystay horyaalada ...,"Waxa uu yidhi tababaraha kubada cagta ee xirfada leh Rex Ryan ayaa ku guulaystay horyaalada New York. AFC, waxaan filayaa, laba jeer.",0
752,Saddex meelood labo ka mid ah dadka ku nool Wisconsin ayaa si adag uga soo horjeeda...,Saddex meelood laba meel dadka Wisconsin ayaa si adag uga soo horjeeda fikradan ah in si joogto ah looga qaado xuquuqda dadka ee gorgortanka wadajirka ah.,0
753,Wendy Davis waxay kaliya ku samaynaysay lacag ururin Chicago,Wendy Davis waxa ay Chicago ka samaynaysay dhaqaale ururin iyada oo la kaashanaysa ururka hantiwadaaga caalamiga ah.,0
754,Ciidamada badda ayaa dacwad ku soo oogaya sarkaal ka tirsan ciidamada badda oo toogtay...,Ciidanka badda ayaa dacwad ku soo oogaya sarkaal ka tirsan ciidamada badda oo toogtay toogashadii Chattanooga ka dib markii uu si sharci darro ah hub ugu furay hanti federaal ah.,0
755,Waxay qaadataa tamar aad u badan si loo sameeyo panel cadceedda sida ay u badan tahay g...,Waxay qaadataa tamar aad u badan si loo sameeyo alwaax qoraxda sida ay u badan tahay inay soo saarto nolosheeda oo dhan.,0
756,Codbixinta ayaa muujineysa in Floridians aysan dooneynin inay baabi'iyaan lacagta la awoodi karo…,Ra'yi ururintu waxay muujinayaan in Floridians aysan rabin inay tirtiraan Sharciga Daryeelka La awoodi karo.,0
757,Boqolkiiba 95 lacagta loo isticmaalo ururka shaqaalaha wor...,Boqolkiiba shan iyo sagaashan lacagta loo isticmaalo xarumaha tababarka shaqaalaha ee ay ku shaqeeyaan ururka waxay ka yimaadaan loo shaqeeyayaasha.,0
758,Maraykanku kama mid ahayn 16 waddan oo David Pe...,Mareykanka ayaan ka mid ahayn 16 wadan oo David Perdue uu ku sheegay in Pillowtex uu shaqo ka abuuray.,0
759,Wuxuu sheegay in dib u habeynta daryeelka caafimaadka qaranka ay tahay mid ay dowladdu la wareegtay...,Waxa uu leeyahay dib u habaynta daryeelka caafimaadka qaranka waa la wareegida dawladda ee daryeelka caafimaadka.,0
760,Wuxuu sheegay in dib u habeynta daryeelka caafimaadka qaranka ay tahay mid ay dowladdu la wareegtay...,Waxa uu leeyahay dib u habaynta daryeelka caafimaadka qaranka waa la wareegida dawladda ee daryeelka caafimaadka.,0
761,Qofka iga soo waxa uu ballan qaadayaa in uu soo celin doono shaqada hore isaga oo raba in uu iska tago...,Qofka iga soo horjeeda wuxuu ballan qaadayaa inuu soo celin doono shaqooyin hore isagoo u rajeeyay dhaqaalaha adduunka.,0
762,"Ohio, waxaan ku maal galinay caruurteena, anagoo kordhinayna maalgelinta iskuulka...","Ohio, waxaanu maal galinay caruurteena, anagoo ku kordhinay maalgelinta dugsiga 5.5 boqolkiiba miisaaniyadii u dambaysay.",0
763,Marka kaliya ee shaqada dawladdu hoos u dhacday intii lagu jiray...,Marka kaliya ee shaqaalaynta dawladdu hoos u dhacday inta lagu jiro dhaqaale-xumada ayaa aniga hoos ii dhacday.,0
764,Maraykanku kama mid ahayn 16 waddan oo David Pe...,Mareykanka ayaan ka mid ahayn 16 wadan oo David Perdue uu ku sheegay in Pillowtex uu shaqo ka abuuray.,0
765,Nidaamka xogta ee la socda Common Core waxaa loo qaabeeyey t...,"Nidaamka xogta ee la socda Core Common waxaa loogu talagalay in lagu ururiyo ilaa 400 dhibcood ilmo kasta, taas oo ay ku jiri karto xogta shakhsi ahaan lagu aqoonsan karo.",0
766,"Xiligii Madaxweyne Barack Obama, 8.3 (milyan) oo Maraykan ah ayaa ka yar ...","Xilligii Madaxweyne Barack Obama, 8.3 (milyan) oo Maraykan ah ayaa shaqeeya maanta in ka yar sidii ay ahaayeen afar sano ka hor.",0
767,Waxaan bixinaa PhD-da sanad walba in ka badan jaamacad kale ee A...,Waxaan bixinaa PhDs ka badan sanad walba marka loo eego jaamacadaha kale ee Ameerika marka laga reebo Berkeley.,0
768,Qofka iga soo waxa uu ballan qaadayaa in uu soo celin doono shaqada hore isaga oo raba in uu iska tago...,Qofka iga soo horjeeda wuxuu ballan qaadayaa inuu soo celin doono shaqooyin hore isagoo u rajeeyay dhaqaalaha adduunka.,0
769,Donald Trump ayaa sheegay in dowladda ay bixineyso qarashka ku baxaya...,Wuxuu yidhi Donald Trump wuxuu sheegay in dawladdu ay bixinayso kharashka qof walba si uu u helo daryeel caafimaad.,0
770,Waxa uu yidhi Donald Trump waxa uu taageersan yahay ajande halkaas ka jira oo ah in si gaar loo leeyahay...,Waxa uu yidhi Donald Trump waxa uu taageerayaa ajande halkaa ka jira si gaar looga dhigo nidaamka daryeelka caafimaadka ee Arrimaha Veterans.,0
771,"Qaar ka mid ah kulliyadaha, oo ay ku jiraan AM, ayaa horey u dammaanad qaaday ...","Qaar ka mid ah kulliyadaha, oo ay ku jirto AM, ayaa horey u dammaanad qaaday inaysan kordhin doonin waxbarashadooda.",0
772,Guddiga dib u soo celinta dhaqangelinta ee gobolka ee dhawaan la sameeyay...,"Guddiga dib u eegista dhaqangelinta socdaalka ee gobolka ee dhawaan la sameeyay ayaa dhab ahaantii dacwayn kara, oo ku ridi kara [xukun] xabsiga, haddii aanu keenno xeer ilaaliyaha guud.",0
773,Waxaan u dhimi karnaa shaqo la'aanta kala bar si fudud annaga oo dib u soo ceshanno j...,Waxaan shaqo la'aanta u dhimi karnaa kala bar si fudud innagoo dib u soo ceshanayna shaqooyinkii ay qabteen shaqaalaha sharci darrada ah.,0
774,Waxaan ka mid ahaa kuwii ugu horreeyay ee dhaleeceeya ku degdegista dagaalka (Ir...,"Waxaan ka mid ahaa kuwii ugu horreeyay ee dhaleeceeya degdegga ah ee dagaalka (Ciraaq), iyo haa, xitaa ka hor inta uusan dagaalku bilaaban.",0
775,Wuxuu yiri tababaraha kubbadda cagta Rex Ryan wuxuu ku guuleystay horyaalada ...,"Waxa uu yidhi tababaraha kubada cagta ee xirfada leh Rex Ryan ayaa ku guulaystay horyaalada New York. AFC, waxaan filayaa, laba jeer.",0
776,Ku dhawaad ​​800 oo qof ayaa diiday in laga baaro daroogada sababtoo ah...,Qiyaastii 800 oo qof ayaa diiday in la sameeyo baaris daroogo sababtoo ah waxay u joogaan mukhaadaraad.,0
777,Adigoo isticmaalaya daldaloolo yar oo la yaqaan ... Minions Obama waa la oggol yahay ...,Adigoo isticmaalaya daldaloolo yar oo la yaqaan ... Minions Obama waxay u oggolaanayaan Shirkadda Nestle inay ka dhoofiso biyaha macaan ee qaaliga ah harada Michigan.,0
778,"McCain ""wuxuu u codeeyay inuu dhimo maalgelinta waxbarashada, isagoo ka soo horjeeda la xisaabtanka","McCain ""wuxuu u codeeyay inuu dhimo maalgelinta waxbarashada, isagoo ka soo horjeeda heerarka isla xisaabtanka. Wuxuu xitaa soo jeediyay in la baabi'iyo Waaxda Waxbarashada.""",0
779,"Inkasta oo ay ka soo horjeesteen naadiga qaranka ee kobaca, naadiga G...","In kasta oo ay ka soo horjeedaan Naadiga kobaca qaranka, Naadiga Kobaca Wisconsin ayaa u ansixiyay Senetka Mareykanka.",0
780,Waxaan bixinaa PhD-da sanad walba in ka badan jaamacad kale ee A...,Waxaan bixinaa PhDs ka badan sanad walba marka loo eego jaamacadaha kale ee Ameerika marka laga reebo Berkeley.,0
781,Wuxuu sheegay in eedeymaha ah inuu sameeyay galmo aan loo baahnayn oo ku saabsan ...,Waxa uu sheegay in eedeymaha ah in uu sameeyay galmo aan la rabin oo uu ku sameeyay haweeney ku xigeen shariif ah ay laba garsoore oo kala duwan ay ku heleen in aysan mudneyn.,0
782,Waxaan u dhimi karnaa shaqo la'aanta kala bar si fudud annaga oo dib u soo ceshanno j...,Waxaan shaqo la'aanta u dhimi karnaa kala bar si fudud innagoo dib u soo ceshanayna shaqooyinkii ay qabteen shaqaalaha sharci darrada ah.,0
783,Miisaaniyadda Madaxweyne Barack Obama ayaa khatar ku ah amniga qaranka b...,Miisaaniyadda Madaxweyne Barack Obamas waxay khatar ku tahay amniga qaranka isagoo soo jeedinaya Ciidan ka kooban shaqaale ka yar kuwii aan haysanay ka hor Pearl Harbor.,0
784,Is-dilku wuxuu ka imaanayaa calaamad ah ee waaweyn oo leh ...,Is-dilku wuxuu ka yimaadaa dawladda dhexe ee waaweyn oo leh waxba uma qalantid laakiin waxaad ku heli doontaa wax aan waxba ahayn.,0
785,Xirmada dhiirigelinta waxaa ku jira sharci ka soo horjeeda Masiixi...,"Xirmada dhiirigelinta waxaa ku jira sharci lid ku ah Masiixiyiinta kaas oo joojin doona kaniisadaha inay u isticmaalaan dugsiyada dadweynaha kulannada axada, iyo sidoo kale Boy Scouts iyo kooxaha ardada barta Kitaabka Quduuska ah.",0
786,Guddiga dib u soo celinta dhaqangelinta ee gobolka ee dhawaan la sameeyay...,"Guddiga dib u eegista dhaqangelinta socdaalka ee gobolka ee dhawaan la sameeyay ayaa dhab ahaantii dacwayn kara, oo ku ridi kara [xukun] xabsiga, haddii aanu keenno xeer ilaaliyaha guud.",0
787,Way adag tahay in dadka Portland ku nool ay Haa ugu codeeyaan mea...,"Way adag tahay in dadka Portland ku nool ay Haa ugu codeeyaan cabbirada codbixinta, gaar ahaan marka ay jiraan mucaarad.",0
788,"Ohio, waxaan ku maal galinay caruurteena, anagoo kordhinayna maalgelinta iskuulka...","Ohio, waxaanu maal galinay caruurteena, anagoo ku kordhinay maalgelinta dugsiga 5.5 boqolkiiba miisaaniyadii u dambaysay.",0
789,Nidaamka xogta ee la socda Common Core waxaa loo qaabeeyey t...,"Nidaamka xogta ee la socda Core Common waxaa loogu talagalay in lagu ururiyo ilaa 400 dhibcood ilmo kasta, taas oo ay ku jiri karto xogta shakhsi ahaan lagu aqoonsan karo.",0
790,Waxay tiri Cathy Jordan waa la xiray oo laga soo saaray gurigeeda b...,Waxay tiri Cathy Jordan ayaa la xiray oo ay ka soo saareen gurigeeda koox SWAT ah oo hooligan ah si ay u isticmaasho marijuana caafimaad.,0
791,Musharaxa senate-ka Mareykanka Jack Kingston waxa uu ku qarash gareeyay doollarkayaga canshuurta...,Musharaxa senate-ka ee Maraykanka Jack Kingston waxa uu doollarkayaga cashuurta ku kharash gareeyey kumanyaal calaamado wasakh ah.,0
792,Waxa uu sheegay in Romney uu maalgashaday shirkad alaab ka samaysa Shiinaha oo...,Waxa uu yidhi Romney waxa uu maalgashaday shirkad alaabo ka samaynaysa Shiinaha oo laga samayn lahaa halkan America.,0
793,Qofka iga soo waxa uu ballan qaadayaa in uu soo celin doono shaqada hore isaga oo raba in uu iska tago...,Qofka iga soo horjeeda wuxuu ballan qaadayaa inuu soo celin doono shaqooyin hore isagoo u rajeeyay dhaqaalaha adduunka.,0
794,"Qoysaska Maraykanku waxay ku dadaalaan inay helaan $4,250 bishii. Obama ayaa...","Qoysaska Maraykanku waxay ku dadaalaan inay helaan $4,250 bishii. Obama waxa uu ku kharash gareeyaa $18,972 bishii ilmo kasta oo sharci-darro ah.",0
795,Ayaa sheegay in Adeegga Boostada Maraykanku aanay qaadan wax gargaar cashuur bixiye ah tan iyo markii...,"Waxa uu leeyahay Adeegga Boostada Maraykanku ma qaadin wax gargaar cashuur bixiye ah ilaa 1971, waxa ay maalgelisaa hawlaha gabi ahaan iibinta stamps iyo alaabta la xidhiidha oo waxa ay samaysaa faa'iido hawl gal sanadba sanadka ka dambeeya.",0
796,(Madaxweyne Barack Obama) ayaa sheegay in shaqo la’aantu aysan waligeed g...,(Madaxweyne Barack Obama) wuxuu sheegay in shaqo la'aantu aysan weligeed dhaafi doonin 8 boqolkiiba haddii aan gudbino qorshaha kicinta.,0
797,Haddii aad iibiso gurigaaga wixii ka dambeeya 2012 waxaad bixin doontaa boqolkiiba 3.8...,Haddii aad iibiso gurigaaga wixii ka dambeeya 2012 waxaad ka bixin doontaa boqolkiiba 3.8 canshuurta iibka.,0
798,Wuxuu sheegay in eedeymaha ah inuu sameeyay galmo aan loo baahnayn oo ku saabsan ...,Waxa uu sheegay in eedeymaha ah in uu sameeyay galmo aan la rabin oo uu ku sameeyay haweeney ku xigeen shariif ah ay laba garsoore oo kala duwan ay ku heleen in aysan mudneyn.,0
799,Qofka iga soo waxa uu ballan qaadayaa in uu soo celin doono shaqada hore isaga oo raba in uu iska tago...,Qofka iga soo horjeeda wuxuu ballan qaadayaa inuu soo celin doono shaqooyin hore isagoo u rajeeyay dhaqaalaha adduunka.,0
800,"Ohio, waxaan ku maal galinay caruurteena, anagoo kordhinayna maalgelinta iskuulka...","Ohio, waxaanu maal galinay caruurteena, anagoo ku kordhinay maalgelinta dugsiga 5.5 boqolkiiba miisaaniyadii u dambaysay.",0
801,Codbixinta ayaa muujineysa in Floridians aysan dooneynin inay baabi'iyaan lacagta la awoodi karo…,Ra'yi ururintu waxay muujinayaan in Floridians aysan rabin inay tirtiraan Sharciga Daryeelka La awoodi karo.,0
802,Saddex meelood labo meel Granite States ayaa kasoo horjeeda xisbiga Shaaha iyo xisbigiisa...,Saddex meelood laba meel Granite States waxay ka soo horjeedaan Xisbiga Shaaha iyo ajandihiisa ku saabsan ururada shaqaalaha.,0
803,Wuxuu sheegay in dib u habeynta daryeelka caafimaadka qaranka ay tahay mid ay dowladdu la wareegtay...,Waxa uu leeyahay dib u habaynta daryeelka caafimaadka qaranka waa la wareegida dawladda ee daryeelka caafimaadka.,0
804,"Si qarsoodi ah, iyadoo aan la ogeyn xubnaha Congress-ka, in ka badan $105 biil...","Si qarsoodi ah, iyadoo aan la ogeyn xubnaha Congress-ka, in ka badan 105 bilyan ayaa lagu qariyay sharciga Obamacare.",0
805,"Hadda, Golaha Wakiilada, waxaan leenahay 40 kala duwan oo j...","Hadda, Golaha Wakiillada, waxaanu haynaa 40 xeer oo kala duwan oo shaqo ah oo la ansixiyay oo ku dhawaad ​​dhamaantood ahaayeen laba xisbi.",0
806,"Inkasta oo ay ka soo horjeesteen naadiga qaranka ee kobaca, naadiga G...","In kasta oo ay ka soo horjeedaan Naadiga kobaca qaranka, Naadiga Kobaca Wisconsin ayaa u ansixiyay Senetka Mareykanka.",0
807,(Madaxweyne Barack Obama) ayaa sheegay in shaqo la’aantu aysan waligeed g...,(Madaxweyne Barack Obama) wuxuu sheegay in shaqo la'aantu aysan weligeed dhaafi doonin 8 boqolkiiba haddii aan gudbino qorshaha kicinta.,0
808,Saddex meelood labo ka mid ah dadka ku nool Wisconsin ayaa si adag uga soo horjeeda...,Saddex meelood laba meel dadka Wisconsin ayaa si adag uga soo horjeeda fikradan ah in si joogto ah looga qaado xuquuqda dadka ee gorgortanka wadajirka ah.,0
809,Muwaadiniin Jarmal ah ayaa dawladoodii hub ka dhigis ku samaysay dhamaadkii...,"Muwaadiniinta Jarmalku waxa hub ka dhigis ku sameeyay dawladoodii dabayaaqadii 1930-meeyadii, taas oo u ogolaatay Naasiyiintii in ay fuliyaan ujeedooyinkooda xun iyaga oo iska caabin yar leh.",0
810,Guddiga dib u soo celinta dhaqangelinta ee gobolka ee dhawaan la sameeyay...,"Guddiga dib u eegista dhaqangelinta socdaalka ee gobolka ee dhawaan la sameeyay ayaa dhab ahaantii dacwayn kara, oo ku ridi kara [xukun] xabsiga, haddii aanu keenno xeer ilaaliyaha guud.",0
811,Wuxuu yiri Ron Johnson run ahaantii waxba ma uusan qaban si uu ula dagaallamo geesiga ...,Wuxuu yidhi Ron Johnson run ahaantii waxba ma uu samayn si uu ula dagaallamo balwadda heroin-ka iyo xad-gudubka opioid.,0
812,Canshuuraha guryuhu hadda 18% way ka sarreeyaan markii (Mark Sharpe) kow...,Canshuuraha guryuhu hadda 18% way ka sarreeyaan markii (Mark Sharpe) markii ugu horreysay ee uu xafiiska la wareegay.,0
813,Barasaabkii hore ee Alaska Sarah Palin ayaa ku saxnayd in madaxweynaha...,"Guddoomiyihii hore ee Alaska Sarah Palin waxay ku saxsanayd in sharciga daryeelka caafimaadka ee Madaxweyne Barack Obama uu abuuray waxa, dhab ahaan, noqon lahaa guddiyada dhimashada.",0
814,"Waxa uu sheegay in uu ahaa saldhigga gobolka Utah, uu markii la shaqeeyay s ...","Wuxuu sheegay in markii uu ahaa guddoomiyaha Utah, uu la shaqeeyay Sharci-dejinta gobolka si loo abuuro canshuur siman oo dhimaysa canshuurta dakhliga boqolkiiba 30.",0
815,Haddii Madaxweyne Obama saxiixo daawaynta isbedelka cimilada ee Copenhagen...,"Haddii madaxweyne Obama uu saxiixo heshiiska isbeddelka cimilada ee Copenhagen, wuxuu ""sixiixi doonaa xorriyaddaada, dimoqraadiyaddaada, iyo barwaaqadaada weligiin, adiga iyo dawlad kasta oo ku xigta oo aad dooran karto ma lahaan doonto wax awood ah si ay dib ugu soo celiso.""",0
816,Ku dhawaad ​​800 oo qof ayaa diiday in laga baaro daroogada sababtoo ah...,Qiyaastii 800 oo qof ayaa diiday in la sameeyo baaris daroogo sababtoo ah waxay u joogaan mukhaadaraad.,0
817,Waxay leedahay warbaahintu waxay abuurtay ereyga polar vortex iyo qabow ai...,Waxay leedahay warbaahintu waxay abuurtay ereyga polar vortex hawada qabowna waxay caddaynaysaa in barafku aanu dhalaalinayn.,0
818,Walaalaha Koch keligood waxay siiyeen lacag laba jibaar ka badan Scott Wa...,Walaalaha Koch keligood waxay siiyeen laba laab lacag ka badan Scott Walker wadarta guud ee lacagta uu soo ururiyay Tom Barrett.,0
819,Miisaaniyadda Madaxweyne Barack Obama ayaa khatar ku ah amniga qaranka b...,Miisaaniyadda Madaxweyne Barack Obamas waxay khatar ku tahay amniga qaranka isagoo soo jeedinaya Ciidan ka kooban shaqaale ka yar kuwii aan haysanay ka hor Pearl Harbor.,0
820,Musharaxa senate-ka Mareykanka Jack Kingston waxa uu ku qarash gareeyay doollarkayaga canshuurta...,Musharaxa senate-ka ee Maraykanka Jack Kingston waxa uu doollarkayaga cashuurta ku kharash gareeyey kumanyaal calaamado wasakh ah.,0
821,Muwaadiniin Jarmal ah ayaa dawladoodii hub ka dhigis ku samaysay dhamaadkii...,"Muwaadiniinta Jarmalku waxa hub ka dhigis ku sameeyay dawladoodii dabayaaqadii 1930-meeyadii, taas oo u ogolaatay Naasiyiintii in ay fuliyaan ujeedooyinkooda xun iyaga oo iska caabin yar leh.",0
822,Waxaan ka mid ahaa kuwii ugu horreeyay ee dhaleeceeya ku degdegista dagaalka (Ir...,"Waxaan ka mid ahaa kuwii ugu horreeyay ee dhaleeceeya degdegga ah ee dagaalka (Ciraaq), iyo haa, xitaa ka hor inta uusan dagaalku bilaaban.",0
823,Waxa uu yidhi Donald Trump waxa uu taageersan yahay ajande halkaas ka jira oo ah in si gaar loo leeyahay...,Waxa uu yidhi Donald Trump waxa uu taageerayaa ajande halkaa ka jira si gaar looga dhigo nidaamka daryeelka caafimaadka ee Arrimaha Veterans.,0
824,"Qaar ka mid ah kulliyadaha, oo ay ku jiraan AM, ayaa horey u dammaanad qaaday ...","Qaar ka mid ah kulliyadaha, oo ay ku jirto AM, ayaa horey u dammaanad qaaday inaysan kordhin doonin waxbarashadooda.",0
825,Miisaaniyadda Madaxweyne Barack Obama ayaa khatar ku ah amniga qaranka b...,Miisaaniyadda Madaxweyne Barack Obamas waxay khatar ku tahay amniga qaranka isagoo soo jeedinaya Ciidan ka kooban shaqaale ka yar kuwii aan haysanay ka hor Pearl Harbor.,0
826,"Si qarsoodi ah, iyadoo aan la ogeyn xubnaha Congress-ka, in ka badan $105 biil...","Si qarsoodi ah, iyadoo aan la ogeyn xubnaha Congress-ka, in ka badan 105 bilyan ayaa lagu qariyay sharciga Obamacare.",0
827,"Waxaan leenahay magaalooyin ku yaal Galbeedka Texas oo aan biyuhu lahayn, kuwaas oo ah ...","Waxaan leenahay magaalooyin ku yaal Galbeedka Texas oo ay ka maqan yihiin biyaha, kuwaas oo ay tahay in ay biyo ku dhaamiyaan.",0
828,Waxaan ka mid ahaa kuwii ugu horreeyay ee dhaleeceeya ku degdegista dagaalka (Ir...,"Waxaan ka mid ahaa kuwii ugu horreeyay ee dhaleeceeya degdegga ah ee dagaalka (Ciraaq), iyo haa, xitaa ka hor inta uusan dagaalku bilaaban.",0
829,Saraakiisha Medicare waxay ula dhaqmeen Humana iyo AARP si aan is waafaqsanayn,Saraakiisha Medicare waxay ula dhaqmeen Humana iyo AARP si aan joogto ahayn sida ay ula xiriiri karaan waayeelka.,0
830,Waxa uu sheegay in Madaxweyne Barack Obama uu ballan qaaday inuu la shaqeyn doono...,"Waxa uu sheegay in iyada oo Madaxweyne Barack Obama uu ballan qaaday in uu la shaqayn doono loo-shaqeeyahaaga si uu hoos ugu dhigo khidmadahaaga $2,500 qoyskiiba sannadkii, sharcigiisa daryeelka caafimaadku waxa uu kor u qaadayaa khidmadaha suuqa gaarka ah $2,100 qoyskiiba.",0
831,Wendy Davis waxay kaliya ku samaynaysay lacag ururin Chicago,Wendy Davis waxa ay Chicago ka samaynaysay dhaqaale ururin iyada oo la kaashanaysa ururka hantiwadaaga caalamiga ah.,0
832,Waxa uu yidhi Mike Dovilla waxa uu taageersan yahay qorshe u ogolaan kara ajaanib...,Wuxuu yiri Mike Dovilla wuxuu taageersan yahay qorshe u oggolaanaya shirkad ajnabi ah inay la wareegto Ohio Turnpike,0
833,Wendy Davis waxay kaliya ku samaynaysay lacag ururin Chicago,Wendy Davis waxa ay Chicago ka samaynaysay dhaqaale ururin iyada oo la kaashanaysa ururka hantiwadaaga caalamiga ah.,0
834,"Barack Obama ""wuxuu doonayaa in dowladda ay la wareegto daryeelka caafimaadka,...","Barack Obama ""wuxuu rabaa in dowladdu ay la wareegto daryeelka caafimaadka, ku bixiso boqolaal bilyan oo doolar oo lacag cusub ah caymiska caafimaadka qof walba.""",0
835,"Waxaan leenahay magaalooyin ku yaal Galbeedka Texas oo aan biyuhu lahayn, kuwaas oo ah ...","Waxaan leenahay magaalooyin ku yaal Galbeedka Texas oo ay ka maqan yihiin biyaha, kuwaas oo ay tahay in ay biyo ku dhaamiyaan.",0
836,Wendy Davis waxay kaliya ku samaynaysay lacag ururin Chicago,Wendy Davis waxa ay Chicago ka samaynaysay dhaqaale ururin iyada oo la kaashanaysa ururka hantiwadaaga caalamiga ah.,0
837,Nidaamka xogta ee la socda Common Core waxaa loo qaabeeyey t...,"Nidaamka xogta ee la socda Core Common waxaa loogu talagalay in lagu ururiyo ilaa 400 dhibcood ilmo kasta, taas oo ay ku jiri karto xogta shakhsi ahaan lagu aqoonsan karo.",0
838,Ayaa sheegay in Adeegga Boostada Maraykanku aanay qaadan wax gargaar cashuur bixiye ah tan iyo markii...,"Waxa uu leeyahay Adeegga Boostada Maraykanku ma qaadin wax gargaar cashuur bixiye ah ilaa 1971, waxa ay maalgelisaa hawlaha gabi ahaan iibinta stamps iyo alaabta la xidhiidha oo waxa ay samaysaa faa'iido hawl gal sanadba sanadka ka dambeeya.",0
839,Waxa uu yidhi Madaxweyne Obama waxa uu afduubay biilka beeraha (oo) waxa uu u rogay i...,Waxa uu yidhi Madaxweyne Obama waxa uu afduubay biilka beeraha (oo) waxa uu ka dhigay biilka cuntada.,0
840,Xirmada dhiirigelinta waxaa ku jira sharci ka soo horjeeda Masiixi...,"Xirmada dhiirigelinta waxaa ku jira sharci lid ku ah Masiixiyiinta kaas oo joojin doona kaniisadaha inay u isticmaalaan dugsiyada dadweynaha kulannada axada, iyo sidoo kale Boy Scouts iyo kooxaha ardada barta Kitaabka Quduuska ah.",0
841,Ayaa sheegtay in dowladda federaalku ay amar ku bixisay in dadka aan galmoodka ahayn (sic) iyo h...,Ayaa sheegtay in dawladda federaalku ay amar ku bixinayso dadka aan isu galmoodin (sic) iyo khaniisiinta inay carruurta ku qabsanayaan aagagga khatarta ah ee shisheeyaha iyagoo adeegsanaya magaca ammaanka garoonka diyaaradaha.,0
842,Barasaabkii hore ee Alaska Sarah Palin ayaa ku saxnayd in madaxweynaha...,"Guddoomiyihii hore ee Alaska Sarah Palin waxay ku saxsanayd in sharciga daryeelka caafimaadka ee Madaxweyne Barack Obama uu abuuray waxa, dhab ahaan, noqon lahaa guddiyada dhimashada.",0
843,Canshuuraha guryuhu hadda 18% way ka sarreeyaan markii (Mark Sharpe) kow...,Canshuuraha guryuhu hadda 18% way ka sarreeyaan markii (Mark Sharpe) markii ugu horreysay ee uu xafiiska la wareegay.,0
844,Waxa uu yidhi Mike Dovilla waxa uu taageersan yahay qorshe u ogolaan kara ajaanib...,Wuxuu yiri Mike Dovilla wuxuu taageersan yahay qorshe u oggolaanaya shirkad ajnabi ah inay la wareegto Ohio Turnpike,0
845,Wuxuu sheegay in qaraarka Senate-ka uu soo celin doono $140 bishiiba...,Wuxuu sheegay in qaraarka Senate-ka uu soo celin doono $140 lacagihii kaalmada guud ee bishii iyo ka hortagga dadka inay dambi galaan.,0
846,"In ka badan 100,000 oo haween ah oo ku nool Texas ayaa isku dayay in ay iskood isu soo dhisaan.","In ka badan 100,000 oo haween ah oo ku nool Texas ayaa isku dayay inay iskood iska soo xaaqaan sannadkii la soo dhaafay oo keliya.",0
847,"McCain ""wuxuu u codeeyay inuu dhimo maalgelinta waxbarashada, isagoo ka soo horjeeda la xisaabtanka","McCain ""wuxuu u codeeyay inuu dhimo maalgelinta waxbarashada, isagoo ka soo horjeeda heerarka isla xisaabtanka. Wuxuu xitaa soo jeediyay in la baabi'iyo Waaxda Waxbarashada.""",0
848,Maraykanku kama mid ahayn 16 waddan oo David Pe...,Mareykanka ayaan ka mid ahayn 16 wadan oo David Perdue uu ku sheegay in Pillowtex uu shaqo ka abuuray.,0
849,Maxay ahaayeen hoos u dhacii sanadlaha ahaa ee Jamhuuriga hadda...,Maxay ahaayeen khasaare sanadeedkii hore ee Jamhuuriyiinta ayaa hadda noqday hoos u dhacyada billaha ah ee hoos yimaada Dimuqraadiyiinta.,0
850,Ayaa sheegay in Adeegga Boostada Maraykanku aanay qaadan wax gargaar cashuur bixiye ah tan iyo markii...,"Waxa uu leeyahay Adeegga Boostada Maraykanku ma qaadin wax gargaar cashuur bixiye ah ilaa 1971, waxa ay maalgelisaa hawlaha gabi ahaan iibinta stamps iyo alaabta la xidhiidha oo waxa ay samaysaa faa'iido hawl gal sanadba sanadka ka dambeeya.",0
851,Wuxuu sheegay in uu ku guuleystay codka shacabka haddii aad ka jarto malaayiinta p...,Waxa uu sheegay in uu ku guulaystay codka shacabka haddii aad ka jarto malaayiinta qof ee sida sharci darrada ah u codeeyay.,0
852,Ayaa sheegtay in dowladda federaalku ay amar ku bixisay in dadka aan galmoodka ahayn (sic) iyo h...,Ayaa sheegtay in dawladda federaalku ay amar ku bixinayso dadka aan isu galmoodin (sic) iyo khaniisiinta inay carruurta ku qabsanayaan aagagga khatarta ah ee shisheeyaha iyagoo adeegsanaya magaca ammaanka garoonka diyaaradaha.,0
853,"27-kii bilood ee la soo dhaafay, Madaxweyne Barack Obama waxa uu abuuray...","27-kii bilood ee la soo dhaafay, Madaxweyne Barack Obama waxa uu abuuray shaqooyin ka badan kuwa gaarka loo leeyahay marka loo eego soo kabashada Reagan.",0
854,Adigoo isticmaalaya daldaloolo yar oo la yaqaan ... Minions Obama waa la oggol yahay ...,Adigoo isticmaalaya daldaloolo yar oo la yaqaan ... Minions Obama waxay u oggolaanayaan Shirkadda Nestle inay ka dhoofiso biyaha macaan ee qaaliga ah harada Michigan.,0
855,"Keystone XL wuxuu u oggolaanayaa Kanada inay soo saarto saliiddooda, u dirto iyada oo loo marayo ...","Keystone XL wuxuu u oggolaanayaa Kanada inay soo saarto shidaalkooda, u dirto dhulkeena, ilaa Khaliijka, halkaas oo laga iibin doono meel kasta oo kale.",0
856,Wuxuu sheegay in qaraarka Senate-ka uu soo celin doono $140 bishiiba...,Wuxuu sheegay in qaraarka Senate-ka uu soo celin doono $140 lacagihii kaalmada guud ee bishii iyo ka hortagga dadka inay dambi galaan.,0
857,Haddii aad iibiso gurigaaga wixii ka dambeeya 2012 waxaad bixin doontaa boqolkiiba 3.8...,Haddii aad iibiso gurigaaga wixii ka dambeeya 2012 waxaad ka bixin doontaa boqolkiiba 3.8 canshuurta iibka.,0
858,Way adag tahay in dadka Portland ku nool ay Haa ugu codeeyaan mea...,"Way adag tahay in dadka Portland ku nool ay Haa ugu codeeyaan cabbirada codbixinta, gaar ahaan marka ay jiraan mucaarad.",0
859,"Ohio, waxaan ku maal galinay caruurteena, anagoo kordhinayna maalgelinta iskuulka...","Ohio, waxaanu maal galinay caruurteena, anagoo ku kordhinay maalgelinta dugsiga 5.5 boqolkiiba miisaaniyadii u dambaysay.",0
860,"27-kii bilood ee la soo dhaafay, Madaxweyne Barack Obama waxa uu abuuray...","27-kii bilood ee la soo dhaafay, Madaxweyne Barack Obama waxa uu abuuray shaqooyin ka badan kuwa gaarka loo leeyahay marka loo eego soo kabashada Reagan.",0
861,Waxa uu yidhi Donald Trump waxa uu taageersan yahay ajande halkaas ka jira oo ah in si gaar loo leeyahay...,Waxa uu yidhi Donald Trump waxa uu taageerayaa ajande halkaa ka jira si gaar looga dhigo nidaamka daryeelka caafimaadka ee Arrimaha Veterans.,0
862,Wuxuu sheegay in dib u habeynta daryeelka caafimaadka qaranka ay tahay mid ay dowladdu la wareegtay...,Waxa uu leeyahay dib u habaynta daryeelka caafimaadka qaranka waa la wareegida dawladda ee daryeelka caafimaadka.,0
863,Wuxuu yiri tababaraha kubbadda cagta Rex Ryan wuxuu ku guuleystay horyaalada ...,"Waxa uu yidhi tababaraha kubada cagta ee xirfada leh Rex Ryan ayaa ku guulaystay horyaalada New York. AFC, waxaan filayaa, laba jeer.",0
864,Shirkadda ay dawladdu kiraysanayso ee qiimaynaysa ardayda ay dawladdu u xilsaartay...,Shirkadda ay dawladdu kiraysanayso ee qiimeeya imtixaannada ardayda ee gobolku waajibiyay waxay ku baxaysaa Craigslist si ay u hesho imtaxaanayaal si ay u akhriyaan qoraallada ardaydeenna.,0
865,"McCain ""wuxuu u codeeyay inuu dhimo maalgelinta waxbarashada, isagoo ka soo horjeeda la xisaabtanka","McCain ""wuxuu u codeeyay inuu dhimo maalgelinta waxbarashada, isagoo ka soo horjeeda heerarka isla xisaabtanka. Wuxuu xitaa soo jeediyay in la baabi'iyo Waaxda Waxbarashada.""",0
866,"Waxaan leenahay magaalooyin ku yaal Galbeedka Texas oo aan biyuhu lahayn, kuwaas oo ah ...","Waxaan leenahay magaalooyin ku yaal Galbeedka Texas oo ay ka maqan yihiin biyaha, kuwaas oo ay tahay in ay biyo ku dhaamiyaan.",0
867,"Ohio, waxaan ku maal galinay caruurteena, anagoo kordhinayna maalgelinta iskuulka...","Ohio, waxaanu maal galinay caruurteena, anagoo ku kordhinay maalgelinta dugsiga 5.5 boqolkiiba miisaaniyadii u dambaysay.",0
868,Marka kaliya ee shaqada dawladdu hoos u dhacday intii lagu jiray...,Marka kaliya ee shaqaalaynta dawladdu hoos u dhacday inta lagu jiro dhaqaale-xumada ayaa aniga hoos ii dhacday.,0
869,Waxa uu sheegay in Romney uu maalgashaday shirkad alaab ka samaysa Shiinaha oo...,Waxa uu yidhi Romney waxa uu maalgashaday shirkad alaabo ka samaynaysa Shiinaha oo laga samayn lahaa halkan America.,0
870,Madaxweyne Obama ayaa sheegay in shaqo la’aanta ay ka hooseyso 8...,Waxa uu yidhi Madaxweyne Obama waxa uu ballan qaaday in shaqo la'aanta ay ka hoosayso 8 boqolkiiba haddii kicinta la dhaafo.,0
871,(Madaxweyne Barack Obama) ayaa sheegay in shaqo la’aantu aysan waligeed g...,(Madaxweyne Barack Obama) wuxuu sheegay in shaqo la'aantu aysan weligeed dhaafi doonin 8 boqolkiiba haddii aan gudbino qorshaha kicinta.,0
872,"Wuxuu yidhi Mitt Romney wuxuu taageeray sharcia dhammaan ilmo iska soo rididda, e...","Wuxuu yidhi Mitt Romney wuxuu taageeray sharci mamnuucaya dhammaan ilmo iska soo rididda, xitaa kiisaska kufsiga iyo jinsiga.",0
873,Waajibaadka daryeelka caafimaadku wuxuu u baahan doonaa xadhig iyo ganaax...,Waajibaadka daryeelka caafimaadku waxay u baahan doontaa xadhig iyo ganaax lacageed dadka Maraykanka ah ee aan awoodin inay iibsadaan caymis ama bixiyaan ganaaxyo culus oo dawladeed.,0
874,Barasaabkii hore ee Alaska Sarah Palin ayaa ku saxnayd in madaxweynaha...,"Guddoomiyihii hore ee Alaska Sarah Palin waxay ku saxsanayd in sharciga daryeelka caafimaadka ee Madaxweyne Barack Obama uu abuuray waxa, dhab ahaan, noqon lahaa guddiyada dhimashada.",0
875,"In ka badan 100,000 oo haween ah oo ku nool Texas ayaa isku dayay in ay iskood isu soo dhisaan.","In ka badan 100,000 oo haween ah oo ku nool Texas ayaa isku dayay inay iskood iska soo xaaqaan sannadkii la soo dhaafay oo keliya.",0
876,Shirkadda ay dawladdu kiraysanayso ee qiimaynaysa ardayda ay dawladdu u xilsaartay...,Shirkadda ay dawladdu kiraysanayso ee qiimeeya imtixaannada ardayda ee gobolku waajibiyay waxay ku baxaysaa Craigslist si ay u hesho imtaxaanayaal si ay u akhriyaan qoraallada ardaydeenna.,0
877,Waxa uu yidhi Mike Dovilla waxa uu taageersan yahay qorshe u ogolaan kara ajaanib...,Wuxuu yiri Mike Dovilla wuxuu taageersan yahay qorshe u oggolaanaya shirkad ajnabi ah inay la wareegto Ohio Turnpike,0
878,Musharaxa senate-ka Mareykanka Jack Kingston waxa uu ku qarash gareeyay doollarkayaga canshuurta...,Musharaxa senate-ka ee Maraykanka Jack Kingston waxa uu doollarkayaga cashuurta ku kharash gareeyey kumanyaal calaamado wasakh ah.,0
879,Waxaan u dhimi karnaa shaqo la'aanta kala bar si fudud annaga oo dib u soo ceshanno j...,Waxaan shaqo la'aanta u dhimi karnaa kala bar si fudud innagoo dib u soo ceshanayna shaqooyinkii ay qabteen shaqaalaha sharci darrada ah.,0
880,Waxay leedahay warbaahintu waxay abuurtay ereyga polar vortex iyo qabow ai...,Waxay leedahay warbaahintu waxay abuurtay ereyga polar vortex hawada qabowna waxay caddaynaysaa in barafku aanu dhalaalinayn.,0
881,Guddiga dib u soo celinta dhaqangelinta ee gobolka ee dhawaan la sameeyay...,"Guddiga dib u eegista dhaqangelinta socdaalka ee gobolka ee dhawaan la sameeyay ayaa dhab ahaantii dacwayn kara, oo ku ridi kara [xukun] xabsiga, haddii aanu keenno xeer ilaaliyaha guud.",0
882,Canshuuraha guryuhu hadda 18% way ka sarreeyaan markii (Mark Sharpe) kow...,Canshuuraha guryuhu hadda 18% way ka sarreeyaan markii (Mark Sharpe) markii ugu horreysay ee uu xafiiska la wareegay.,0
883,Waxaan u dhimi karnaa shaqo la'aanta kala bar si fudud annaga oo dib u soo ceshanno j...,Waxaan shaqo la'aanta u dhimi karnaa kala bar si fudud innagoo dib u soo ceshanayna shaqooyinkii ay qabteen shaqaalaha sharci darrada ah.,0
884,Waxaan u dhimi karnaa shaqo la'aanta kala bar si fudud annaga oo dib u soo ceshanno j...,Waxaan shaqo la'aanta u dhimi karnaa kala bar si fudud innagoo dib u soo ceshanayna shaqooyinkii ay qabteen shaqaalaha sharci darrada ah.,0
885,Wuxuu yiri tababaraha kubbadda cagta Rex Ryan wuxuu ku guuleystay horyaalada ...,"Waxa uu yidhi tababaraha kubada cagta ee xirfada leh Rex Ryan ayaa ku guulaystay horyaalada New York. AFC, waxaan filayaa, laba jeer.",0
886,Walaalaha Koch keligood waxay siiyeen lacag laba jibaar ka badan Scott Wa...,Walaalaha Koch keligood waxay siiyeen laba laab lacag ka badan Scott Walker wadarta guud ee lacagta uu soo ururiyay Tom Barrett.,0
887,"Si qarsoodi ah, iyadoo aan la ogeyn xubnaha Congress-ka, in ka badan $105 biil...","Si qarsoodi ah, iyadoo aan la ogeyn xubnaha Congress-ka, in ka badan 105 bilyan ayaa lagu qariyay sharciga Obamacare.",0
888,Wuxuu yiri tababaraha kubbadda cagta Rex Ryan wuxuu ku guuleystay horyaalada ...,"Waxa uu yidhi tababaraha kubada cagta ee xirfada leh Rex Ryan ayaa ku guulaystay horyaalada New York. AFC, waxaan filayaa, laba jeer.",0
889,Wuxuu sheegay in eedeymaha ah inuu sameeyay galmo aan loo baahnayn oo ku saabsan ...,Waxa uu sheegay in eedeymaha ah in uu sameeyay galmo aan la rabin oo uu ku sameeyay haweeney ku xigeen shariif ah ay laba garsoore oo kala duwan ay ku heleen in aysan mudneyn.,0
890,"Ohio, waxaan ku maal galinay caruurteena, anagoo kordhinayna maalgelinta iskuulka...","Ohio, waxaanu maal galinay caruurteena, anagoo ku kordhinay maalgelinta dugsiga 5.5 boqolkiiba miisaaniyadii u dambaysay.",0
891,Nidaamka xogta ee la socda Common Core waxaa loo qaabeeyey t...,"Nidaamka xogta ee la socda Core Common waxaa loogu talagalay in lagu ururiyo ilaa 400 dhibcood ilmo kasta, taas oo ay ku jiri karto xogta shakhsi ahaan lagu aqoonsan karo.",0
892,(Madaxweyne Barack Obama) ayaa sheegay in shaqo la’aantu aysan waligeed g...,(Madaxweyne Barack Obama) wuxuu sheegay in shaqo la'aantu aysan weligeed dhaafi doonin 8 boqolkiiba haddii aan gudbino qorshaha kicinta.,0
893,Saddex meelood labo ka mid ah dadka ku nool Wisconsin ayaa si adag uga soo horjeeda...,Saddex meelood laba meel dadka Wisconsin ayaa si adag uga soo horjeeda fikradan ah in si joogto ah looga qaado xuquuqda dadka ee gorgortanka wadajirka ah.,0
894,Waxaan u dhimi karnaa shaqo la'aanta kala bar si fudud annaga oo dib u soo ceshanno j...,Waxaan shaqo la'aanta u dhimi karnaa kala bar si fudud innagoo dib u soo ceshanayna shaqooyinkii ay qabteen shaqaalaha sharci darrada ah.,0
895,"Hadda, Golaha Wakiilada, waxaan leenahay 40 kala duwan oo j...","Hadda, Golaha Wakiillada, waxaanu haynaa 40 xeer oo kala duwan oo shaqo ah oo la ansixiyay oo ku dhawaad ​​dhamaantood ahaayeen laba xisbi.",0
896,Canshuuraha guryuhu hadda 18% way ka sarreeyaan markii (Mark Sharpe) kow...,Canshuuraha guryuhu hadda 18% way ka sarreeyaan markii (Mark Sharpe) markii ugu horreysay ee uu xafiiska la wareegay.,0
897,Barasaabkii hore ee Alaska Sarah Palin ayaa ku saxnayd in madaxweynaha...,"Guddoomiyihii hore ee Alaska Sarah Palin waxay ku saxsanayd in sharciga daryeelka caafimaadka ee Madaxweyne Barack Obama uu abuuray waxa, dhab ahaan, noqon lahaa guddiyada dhimashada.",0
898,Maraykanku kama mid ahayn 16 waddan oo David Pe...,Mareykanka ayaan ka mid ahayn 16 wadan oo David Perdue uu ku sheegay in Pillowtex uu shaqo ka abuuray.,0
899,Waxay tiri Cathy Jordan waa la xiray oo laga soo saaray gurigeeda b...,Waxay tiri Cathy Jordan ayaa la xiray oo ay ka soo saareen gurigeeda koox SWAT ah oo hooligan ah si ay u isticmaasho marijuana caafimaad.,0
900,Waxay tiri Cathy Jordan waa la xiray oo laga soo saaray gurigeeda b...,Waxay tiri Cathy Jordan ayaa la xiray oo ay ka soo saareen gurigeeda koox SWAT ah oo hooligan ah si ay u isticmaasho marijuana caafimaad.,0
901,Magaalada Pembroke Pines ayaan wax cod ah ku lahayn qorshe lagu b...,Magaalada Pembroke Pines ayaan wax cod ah ku lahayn qorshaha lagu dhisayo xarun dadka lagu hayo ee Koonfur Galbeed Ranches.,0
902,Shirkadda ay dawladdu kiraysanayso ee qiimaynaysa ardayda ay dawladdu u xilsaartay...,Shirkadda ay dawladdu kiraysanayso ee qiimeeya imtixaannada ardayda ee gobolku waajibiyay waxay ku baxaysaa Craigslist si ay u hesho imtaxaanayaal si ay u akhriyaan qoraallada ardaydeenna.,0
903,Donald Trump ayaa sheegay in dowladda ay bixineyso qarashka ku baxaya...,Wuxuu yidhi Donald Trump wuxuu sheegay in dawladdu ay bixinayso kharashka qof walba si uu u helo daryeel caafimaad.,0
904,Marka kaliya ee shaqada dawladdu hoos u dhacday intii lagu jiray...,Marka kaliya ee shaqaalaynta dawladdu hoos u dhacday inta lagu jiro dhaqaale-xumada ayaa aniga hoos ii dhacday.,0
905,Xirmada dhiirigelinta waxaa ku jira sharci ka soo horjeeda Masiixi...,"Xirmada dhiirigelinta waxaa ku jira sharci lid ku ah Masiixiyiinta kaas oo joojin doona kaniisadaha inay u isticmaalaan dugsiyada dadweynaha kulannada axada, iyo sidoo kale Boy Scouts iyo kooxaha ardada barta Kitaabka Quduuska ah.",0
906,Wuxuu sheegay in uu ku guuleystay codka shacabka haddii aad ka jarto malaayiinta p...,Waxa uu sheegay in uu ku guulaystay codka shacabka haddii aad ka jarto malaayiinta qof ee sida sharci darrada ah u codeeyay.,0
907,Is-dilku wuxuu ka imaanayaa calaamad ah ee waaweyn oo leh ...,Is-dilku wuxuu ka yimaadaa dawladda dhexe ee waaweyn oo leh waxba uma qalantid laakiin waxaad ku heli doontaa wax aan waxba ahayn.,0
908,Waxa uu sheegay in Madaxweyne Barack Obama uu ballan qaaday inuu la shaqeyn doono...,"Waxa uu sheegay in iyada oo Madaxweyne Barack Obama uu ballan qaaday in uu la shaqayn doono loo-shaqeeyahaaga si uu hoos ugu dhigo khidmadahaaga $2,500 qoyskiiba sannadkii, sharcigiisa daryeelka caafimaadku waxa uu kor u qaadayaa khidmadaha suuqa gaarka ah $2,100 qoyskiiba.",0
909,Bal eeg waxa uu agaasimaha FBI-da ka yidhi iyada (Hillary C...,Bal u fiirso waxa uu agaasimaha FBI-da ka yidhi (Hillary Clinton) dhaqan-xumada ay samaysay waa ceeb iyo ceeb dalkeena.,0
910,Waxay leedahay warbaahintu waxay abuurtay ereyga polar vortex iyo qabow ai...,Waxay leedahay warbaahintu waxay abuurtay ereyga polar vortex hawada qabowna waxay caddaynaysaa in barafku aanu dhalaalinayn.,0
911,Waxay tiri Cathy Jordan waa la xiray oo laga soo saaray gurigeeda b...,Waxay tiri Cathy Jordan ayaa la xiray oo ay ka soo saareen gurigeeda koox SWAT ah oo hooligan ah si ay u isticmaasho marijuana caafimaad.,0
912,Sen. Hutchison waxa uu ka tagey Jamhuuriyiintii oo uu la saftay Dimuqraadiga...,Sen. Hutchison wuu ka tagay Jamhuuriyiintii wuxuuna la istaagay Dimuqraadiyiinta si loo hubiyo in sharciga daryeelka caafimaadku si dhakhso ah u gudbi doono.,0
913,Saddex meelood labo meel Granite States ayaa kasoo horjeeda xisbiga Shaaha iyo xisbigiisa...,Saddex meelood laba meel Granite States waxay ka soo horjeedaan Xisbiga Shaaha iyo ajandihiisa ku saabsan ururada shaqaalaha.,0
914,Waxa uu sheegay in Madaxweyne Barack Obama uu ballan qaaday inuu la shaqeyn doono...,"Waxa uu sheegay in iyada oo Madaxweyne Barack Obama uu ballan qaaday in uu la shaqayn doono loo-shaqeeyahaaga si uu hoos ugu dhigo khidmadahaaga $2,500 qoyskiiba sannadkii, sharcigiisa daryeelka caafimaadku waxa uu kor u qaadayaa khidmadaha suuqa gaarka ah $2,100 qoyskiiba.",0
915,Donald Trump ayaa sheegay in dowladda ay bixineyso qarashka ku baxaya...,Wuxuu yidhi Donald Trump wuxuu sheegay in dawladdu ay bixinayso kharashka qof walba si uu u helo daryeel caafimaad.,0
916,Madaxweyne Obama ayaa sheegay in shaqo la’aanta ay ka hooseyso 8...,Waxa uu yidhi Madaxweyne Obama waxa uu ballan qaaday in shaqo la'aanta ay ka hoosayso 8 boqolkiiba haddii kicinta la dhaafo.,0
917,Shirkadda ay dawladdu kiraysanayso ee qiimaynaysa ardayda ay dawladdu u xilsaartay...,Shirkadda ay dawladdu kiraysanayso ee qiimeeya imtixaannada ardayda ee gobolku waajibiyay waxay ku baxaysaa Craigslist si ay u hesho imtaxaanayaal si ay u akhriyaan qoraallada ardaydeenna.,0
918,"Qoysaska Maraykanku waxay ku dadaalaan inay helaan $4,250 bishii. Obama ayaa...","Qoysaska Maraykanku waxay ku dadaalaan inay helaan $4,250 bishii. Obama waxa uu ku kharash gareeyaa $18,972 bishii ilmo kasta oo sharci-darro ah.",0
919,"Qaar ka mid ah kulliyadaha, oo ay ku jiraan AM, ayaa horey u dammaanad qaaday ...","Qaar ka mid ah kulliyadaha, oo ay ku jirto AM, ayaa horey u dammaanad qaaday inaysan kordhin doonin waxbarashadooda.",0
920,Saraakiisha Medicare waxay ula dhaqmeen Humana iyo AARP si aan is waafaqsanayn,Saraakiisha Medicare waxay ula dhaqmeen Humana iyo AARP si aan joogto ahayn sida ay ula xiriiri karaan waayeelka.,0
921,Waxay qaadataa tamar aad u badan si loo sameeyo panel cadceedda sida ay u badan tahay g...,Waxay qaadataa tamar aad u badan si loo sameeyo alwaax qoraxda sida ay u badan tahay inay soo saarto nolosheeda oo dhan.,0
922,"Mashruuca Buffalos SolarCity, Andrew Cuomo wuxuu abuuri doonaa laga yaabee ...","Mashruuca Buffalos SolarCity, Andrew Cuomo wuxuu abuuri doonaa laga yaabee 500 shaqo haddii ay weligeed dhacdo, qiyaastii $1.5 milyan shaqa kasta.",0
923,Haddii Madaxweyne Obama saxiixo daawaynta isbedelka cimilada ee Copenhagen...,"Haddii madaxweyne Obama uu saxiixo heshiiska isbeddelka cimilada ee Copenhagen, wuxuu ""sixiixi doonaa xorriyaddaada, dimoqraadiyaddaada, iyo barwaaqadaada weligiin, adiga iyo dawlad kasta oo ku xigta oo aad dooran karto ma lahaan doonto wax awood ah si ay dib ugu soo celiso.""",0
924,Ayaa sheegtay in dowladda federaalku ay amar ku bixisay in dadka aan galmoodka ahayn (sic) iyo h...,Ayaa sheegtay in dawladda federaalku ay amar ku bixinayso dadka aan isu galmoodin (sic) iyo khaniisiinta inay carruurta ku qabsanayaan aagagga khatarta ah ee shisheeyaha iyagoo adeegsanaya magaca ammaanka garoonka diyaaradaha.,0
925,Saraakiisha Medicare waxay ula dhaqmeen Humana iyo AARP si aan is waafaqsanayn,Saraakiisha Medicare waxay ula dhaqmeen Humana iyo AARP si aan joogto ahayn sida ay ula xiriiri karaan waayeelka.,0
926,(Madaxweyne Barack Obama) ayaa sheegay in shaqo la’aantu aysan waligeed g...,(Madaxweyne Barack Obama) wuxuu sheegay in shaqo la'aantu aysan weligeed dhaafi doonin 8 boqolkiiba haddii aan gudbino qorshaha kicinta.,0
927,Musharaxa senate-ka Mareykanka Jack Kingston waxa uu ku qarash gareeyay doollarkayaga canshuurta...,Musharaxa senate-ka ee Maraykanka Jack Kingston waxa uu doollarkayaga cashuurta ku kharash gareeyey kumanyaal calaamado wasakh ah.,0
928,Maraykanku kama mid ahayn 16 waddan oo David Pe...,Mareykanka ayaan ka mid ahayn 16 wadan oo David Perdue uu ku sheegay in Pillowtex uu shaqo ka abuuray.,0
929,Haddii aad iibiso gurigaaga wixii ka dambeeya 2012 waxaad bixin doontaa boqolkiiba 3.8...,Haddii aad iibiso gurigaaga wixii ka dambeeya 2012 waxaad ka bixin doontaa boqolkiiba 3.8 canshuurta iibka.,0
930,"Ohio, waxaan ku maal galinay caruurteena, anagoo kordhinayna maalgelinta iskuulka...","Ohio, waxaanu maal galinay caruurteena, anagoo ku kordhinay maalgelinta dugsiga 5.5 boqolkiiba miisaaniyadii u dambaysay.",0
931,Nidaamka xogta ee la socda Common Core waxaa loo qaabeeyey t...,"Nidaamka xogta ee la socda Core Common waxaa loogu talagalay in lagu ururiyo ilaa 400 dhibcood ilmo kasta, taas oo ay ku jiri karto xogta shakhsi ahaan lagu aqoonsan karo.",0
932,Saddex meelood labo ka mid ah dadka ku nool Wisconsin ayaa si adag uga soo horjeeda...,Saddex meelood laba meel dadka Wisconsin ayaa si adag uga soo horjeeda fikradan ah in si joogto ah looga qaado xuquuqda dadka ee gorgortanka wadajirka ah.,0
933,"Qoysaska Maraykanku waxay ku dadaalaan inay helaan $4,250 bishii. Obama ayaa...","Qoysaska Maraykanku waxay ku dadaalaan inay helaan $4,250 bishii. Obama waxa uu ku kharash gareeyaa $18,972 bishii ilmo kasta oo sharci-darro ah.",0
934,Boqolkiiba 95 lacagta loo isticmaalo ururka shaqaalaha wor...,Boqolkiiba shan iyo sagaashan lacagta loo isticmaalo xarumaha tababarka shaqaalaha ee ay ku shaqeeyaan ururka waxay ka yimaadaan loo shaqeeyayaasha.,0
935,"Mashruuca Buffalos SolarCity, Andrew Cuomo wuxuu abuuri doonaa laga yaabee ...","Mashruuca Buffalos SolarCity, Andrew Cuomo wuxuu abuuri doonaa laga yaabee 500 shaqo haddii ay weligeed dhacdo, qiyaastii $1.5 milyan shaqa kasta.",0
936,"Mashruuca Buffalos SolarCity, Andrew Cuomo wuxuu abuuri doonaa laga yaabee ...","Mashruuca Buffalos SolarCity, Andrew Cuomo wuxuu abuuri doonaa laga yaabee 500 shaqo haddii ay weligeed dhacdo, qiyaastii $1.5 milyan shaqa kasta.",0
937,"Qoysaska Maraykanku waxay ku dadaalaan inay helaan $4,250 bishii. Obama ayaa...","Qoysaska Maraykanku waxay ku dadaalaan inay helaan $4,250 bishii. Obama waxa uu ku kharash gareeyaa $18,972 bishii ilmo kasta oo sharci-darro ah.",0
938,Sagaal boqol oo qof ayaa shaqada laga eryay tan iyo markii aan xoghayaha noqday...,Sagaal boqol oo qof ayaa shaqada laga eryay tan iyo markii aan xoghaye ka noqday (Arimaha Veterans). Waxa aanu helnay 60 qof oo aanu shaqada ka ceyrinay kuwaas oo wakhtiyada sugitaan wax-ka-qabtay.,0
939,Wuxuu yiri tababaraha kubbadda cagta Rex Ryan wuxuu ku guuleystay horyaalada ...,"Waxa uu yidhi tababaraha kubada cagta ee xirfada leh Rex Ryan ayaa ku guulaystay horyaalada New York. AFC, waxaan filayaa, laba jeer.",0
940,"Keystone XL wuxuu u oggolaanayaa Kanada inay soo saarto saliiddooda, u dirto iyada oo loo marayo ...","Keystone XL wuxuu u oggolaanayaa Kanada inay soo saarto shidaalkooda, u dirto dhulkeena, ilaa Khaliijka, halkaas oo laga iibin doono meel kasta oo kale.",0
941,"Qoysaska Maraykanku waxay ku dadaalaan inay helaan $4,250 bishii. Obama ayaa...","Qoysaska Maraykanku waxay ku dadaalaan inay helaan $4,250 bishii. Obama waxa uu ku kharash gareeyaa $18,972 bishii ilmo kasta oo sharci-darro ah.",0
942,Hindise sharciyeedka gobolka ayaa soo afjari doona shuruudihii muddada dheer ee ahaa in deegaanka...,Hindise-sharciyeedka gobolku waxa uu soo afjarayaa shuruudii muddada dheer u baahnayd ee ah in dawladaha hoose ay dayactiraan waddooyinka waaweyn iyo laamiyada-- oo ay ka horjoogsadaan muwaadiniinta dhaawaca ah in ay dacweeyaan dayactirka la dayacay.,0
943,Hindise sharciyeedka gobolka ayaa soo afjari doona shuruudihii muddada dheer ee ahaa in deegaanka...,Hindise-sharciyeedka gobolku waxa uu soo afjarayaa shuruudii muddada dheer u baahnayd ee ah in dawladaha hoose ay dayactiraan waddooyinka waaweyn iyo laamiyada-- oo ay ka horjoogsadaan muwaadiniinta dhaawaca ah in ay dacweeyaan dayactirka la dayacay.,0
944,Nidaamka xogta ee la socda Common Core waxaa loo qaabeeyey t...,"Nidaamka xogta ee la socda Core Common waxaa loogu talagalay in lagu ururiyo ilaa 400 dhibcood ilmo kasta, taas oo ay ku jiri karto xogta shakhsi ahaan lagu aqoonsan karo.",0
945,"Mashruuca Buffalos SolarCity, Andrew Cuomo wuxuu abuuri doonaa laga yaabee ...","Mashruuca Buffalos SolarCity, Andrew Cuomo wuxuu abuuri doonaa laga yaabee 500 shaqo haddii ay weligeed dhacdo, qiyaastii $1.5 milyan shaqa kasta.",0
946,Waxay tiri Cathy Jordan waa la xiray oo laga soo saaray gurigeeda b...,Waxay tiri Cathy Jordan ayaa la xiray oo ay ka soo saareen gurigeeda koox SWAT ah oo hooligan ah si ay u isticmaasho marijuana caafimaad.,0
947,(Madaxweyne Barack Obama) ayaa sheegay in shaqo la’aantu aysan waligeed g...,(Madaxweyne Barack Obama) wuxuu sheegay in shaqo la'aantu aysan weligeed dhaafi doonin 8 boqolkiiba haddii aan gudbino qorshaha kicinta.,0
948,Walaalaha Koch keligood waxay siiyeen lacag laba jibaar ka badan Scott Wa...,Walaalaha Koch keligood waxay siiyeen laba laab lacag ka badan Scott Walker wadarta guud ee lacagta uu soo ururiyay Tom Barrett.,0
949,Sagaal boqol oo qof ayaa shaqada laga eryay tan iyo markii aan xoghayaha noqday...,Sagaal boqol oo qof ayaa shaqada laga eryay tan iyo markii aan xoghaye ka noqday (Arimaha Veterans). Waxa aanu helnay 60 qof oo aanu shaqada ka ceyrinay kuwaas oo wakhtiyada sugitaan wax-ka-qabtay.,0
950,Haddii Madaxweyne Obama saxiixo daawaynta isbedelka cimilada ee Copenhagen...,"Haddii madaxweyne Obama uu saxiixo heshiiska isbeddelka cimilada ee Copenhagen, wuxuu ""sixiixi doonaa xorriyaddaada, dimoqraadiyaddaada, iyo barwaaqadaada weligiin, adiga iyo dawlad kasta oo ku xigta oo aad dooran karto ma lahaan doonto wax awood ah si ay dib ugu soo celiso.""",0
951,Ku dhawaad ​​800 oo qof ayaa diiday in laga baaro daroogada sababtoo ah...,Qiyaastii 800 oo qof ayaa diiday in la sameeyo baaris daroogo sababtoo ah waxay u joogaan mukhaadaraad.,0
952,Waxaan bixinaa PhD-da sanad walba in ka badan jaamacad kale ee A...,Waxaan bixinaa PhDs ka badan sanad walba marka loo eego jaamacadaha kale ee Ameerika marka laga reebo Berkeley.,0
953,Wendy Davis waxay kaliya ku samaynaysay lacag ururin Chicago,Wendy Davis waxa ay Chicago ka samaynaysay dhaqaale ururin iyada oo la kaashanaysa ururka hantiwadaaga caalamiga ah.,0
954,(Madaxweyne Barack Obama) ayaa sheegay in shaqo la’aantu aysan waligeed g...,(Madaxweyne Barack Obama) wuxuu sheegay in shaqo la'aantu aysan weligeed dhaafi doonin 8 boqolkiiba haddii aan gudbino qorshaha kicinta.,0
955,Ciidamada badda ayaa dacwad ku soo oogaya sarkaal ka tirsan ciidamada badda oo toogtay...,Ciidanka badda ayaa dacwad ku soo oogaya sarkaal ka tirsan ciidamada badda oo toogtay toogashadii Chattanooga ka dib markii uu si sharci darro ah hub ugu furay hanti federaal ah.,0
956,"Wuxuu yidhi Mitt Romney wuxuu taageeray sharcia dhammaan ilmo iska soo rididda, e...","Wuxuu yidhi Mitt Romney wuxuu taageeray sharci mamnuucaya dhammaan ilmo iska soo rididda, xitaa kiisaska kufsiga iyo jinsiga.",0
957,(Madaxweyne Barack Obama) ayaa sheegay in shaqo la’aantu aysan waligeed g...,(Madaxweyne Barack Obama) wuxuu sheegay in shaqo la'aantu aysan weligeed dhaafi doonin 8 boqolkiiba haddii aan gudbino qorshaha kicinta.,0
958,Maxay ahaayeen hoos u dhacii sanadlaha ahaa ee Jamhuuriga hadda...,Maxay ahaayeen khasaare sanadeedkii hore ee Jamhuuriyiinta ayaa hadda noqday hoos u dhacyada billaha ah ee hoos yimaada Dimuqraadiyiinta.,0
959,Adigoo isticmaalaya daldaloolo yar oo la yaqaan ... Minions Obama waa la oggol yahay ...,Adigoo isticmaalaya daldaloolo yar oo la yaqaan ... Minions Obama waxay u oggolaanayaan Shirkadda Nestle inay ka dhoofiso biyaha macaan ee qaaliga ah harada Michigan.,0
960,Wuxuu sheegay in eedeymaha ah inuu sameeyay galmo aan loo baahnayn oo ku saabsan ...,Waxa uu sheegay in eedeymaha ah in uu sameeyay galmo aan la rabin oo uu ku sameeyay haweeney ku xigeen shariif ah ay laba garsoore oo kala duwan ay ku heleen in aysan mudneyn.,0
961,Muwaadiniin Jarmal ah ayaa dawladoodii hub ka dhigis ku samaysay dhamaadkii...,"Muwaadiniinta Jarmalku waxa hub ka dhigis ku sameeyay dawladoodii dabayaaqadii 1930-meeyadii, taas oo u ogolaatay Naasiyiintii in ay fuliyaan ujeedooyinkooda xun iyaga oo iska caabin yar leh.",0
962,"Qoysaska Maraykanku waxay ku dadaalaan inay helaan $4,250 bishii. Obama ayaa...","Qoysaska Maraykanku waxay ku dadaalaan inay helaan $4,250 bishii. Obama waxa uu ku kharash gareeyaa $18,972 bishii ilmo kasta oo sharci-darro ah.",0
963,Madaxweyne Obama ayaa sheegay in shaqo la’aanta ay ka hooseyso 8...,Waxa uu yidhi Madaxweyne Obama waxa uu ballan qaaday in shaqo la'aanta ay ka hoosayso 8 boqolkiiba haddii kicinta la dhaafo.,0
964,Wuxuu sheegay in eedeymaha ah inuu sameeyay galmo aan loo baahnayn oo ku saabsan ...,Waxa uu sheegay in eedeymaha ah in uu sameeyay galmo aan la rabin oo uu ku sameeyay haweeney ku xigeen shariif ah ay laba garsoore oo kala duwan ay ku heleen in aysan mudneyn.,0
965,Haddii Madaxweyne Obama saxiixo daawaynta isbedelka cimilada ee Copenhagen...,"Haddii madaxweyne Obama uu saxiixo heshiiska isbeddelka cimilada ee Copenhagen, wuxuu ""sixiixi doonaa xorriyaddaada, dimoqraadiyaddaada, iyo barwaaqadaada weligiin, adiga iyo dawlad kasta oo ku xigta oo aad dooran karto ma lahaan doonto wax awood ah si ay dib ugu soo celiso.""",0
966,"Ohio, waxaan ku maal galinay caruurteena, anagoo kordhinayna maalgelinta iskuulka...","Ohio, waxaanu maal galinay caruurteena, anagoo ku kordhinay maalgelinta dugsiga 5.5 boqolkiiba miisaaniyadii u dambaysay.",0
967,Wuxuu sheegay in dib u habeynta daryeelka caafimaadka qaranka ay tahay mid ay dowladdu la wareegtay...,Waxa uu leeyahay dib u habaynta daryeelka caafimaadka qaranka waa la wareegida dawladda ee daryeelka caafimaadka.,0
968,Waxa uu yidhi Mike Dovilla waxa uu taageersan yahay qorshe u ogolaan kara ajaanib...,Wuxuu yiri Mike Dovilla wuxuu taageersan yahay qorshe u oggolaanaya shirkad ajnabi ah inay la wareegto Ohio Turnpike,0
969,Marka kaliya ee shaqada dawladdu hoos u dhacday intii lagu jiray...,Marka kaliya ee shaqaalaynta dawladdu hoos u dhacday inta lagu jiro dhaqaale-xumada ayaa aniga hoos ii dhacday.,0
970,Maraykanku kama mid ahayn 16 waddan oo David Pe...,Mareykanka ayaan ka mid ahayn 16 wadan oo David Perdue uu ku sheegay in Pillowtex uu shaqo ka abuuray.,0
971,"Ohio, waxaan ku maal galinay caruurteena, anagoo kordhinayna maalgelinta iskuulka...","Ohio, waxaanu maal galinay caruurteena, anagoo ku kordhinay maalgelinta dugsiga 5.5 boqolkiiba miisaaniyadii u dambaysay.",0
972,"Waxa uu sheegay in uu ahaa saldhigga gobolka Utah, uu markii la shaqeeyay s ...","Wuxuu sheegay in markii uu ahaa guddoomiyaha Utah, uu la shaqeeyay Sharci-dejinta gobolka si loo abuuro canshuur siman oo dhimaysa canshuurta dakhliga boqolkiiba 30.",0
973,Hindise sharciyeedka gobolka ayaa soo afjari doona shuruudihii muddada dheer ee ahaa in deegaanka...,Hindise-sharciyeedka gobolku waxa uu soo afjarayaa shuruudii muddada dheer u baahnayd ee ah in dawladaha hoose ay dayactiraan waddooyinka waaweyn iyo laamiyada-- oo ay ka horjoogsadaan muwaadiniinta dhaawaca ah in ay dacweeyaan dayactirka la dayacay.,0
974,Walaalaha Koch keligood waxay siiyeen lacag laba jibaar ka badan Scott Wa...,Walaalaha Koch keligood waxay siiyeen laba laab lacag ka badan Scott Walker wadarta guud ee lacagta uu soo ururiyay Tom Barrett.,0
975,Waxa uu yidhi Donald Trump waxa uu taageersan yahay ajande halkaas ka jira oo ah in si gaar loo leeyahay...,Waxa uu yidhi Donald Trump waxa uu taageerayaa ajande halkaa ka jira si gaar looga dhigo nidaamka daryeelka caafimaadka ee Arrimaha Veterans.,0
976,Waxa uu yidhi Madaxweyne Obama waxa uu afduubay biilka beeraha (oo) waxa uu u rogay i...,Waxa uu yidhi Madaxweyne Obama waxa uu afduubay biilka beeraha (oo) waxa uu ka dhigay biilka cuntada.,0
977,Xirmada dhiirigelinta waxaa ku jira sharci ka soo horjeeda Masiixi...,"Xirmada dhiirigelinta waxaa ku jira sharci lid ku ah Masiixiyiinta kaas oo joojin doona kaniisadaha inay u isticmaalaan dugsiyada dadweynaha kulannada axada, iyo sidoo kale Boy Scouts iyo kooxaha ardada barta Kitaabka Quduuska ah.",0
978,"Si qarsoodi ah, iyadoo aan la ogeyn xubnaha Congress-ka, in ka badan $105 biil...","Si qarsoodi ah, iyadoo aan la ogeyn xubnaha Congress-ka, in ka badan 105 bilyan ayaa lagu qariyay sharciga Obamacare.",0
979,Waxay leedahay warbaahintu waxay abuurtay ereyga polar vortex iyo qabow ai...,Waxay leedahay warbaahintu waxay abuurtay ereyga polar vortex hawada qabowna waxay caddaynaysaa in barafku aanu dhalaalinayn.,0
980,"Ohio, waxaan ku maal galinay caruurteena, anagoo kordhinayna maalgelinta iskuulka...","Ohio, waxaanu maal galinay caruurteena, anagoo ku kordhinay maalgelinta dugsiga 5.5 boqolkiiba miisaaniyadii u dambaysay.",0
981,Frank Guinta ayaa u codeeyay in cashuur bixiyayaasha dabaqadda dhexe ay bixiyaan lacag ka badan...,"Frank Guinta ayaa u codeeyay in cashuur bixiyayaasha dabaqadda dhexe ay bixiyaan in ka badan $1,000 oo dheeraad ah sannadkii.",0
982,"McCain ""wuxuu u codeeyay inuu dhimo maalgelinta waxbarashada, isagoo ka soo horjeeda la xisaabtanka","McCain ""wuxuu u codeeyay inuu dhimo maalgelinta waxbarashada, isagoo ka soo horjeeda heerarka isla xisaabtanka. Wuxuu xitaa soo jeediyay in la baabi'iyo Waaxda Waxbarashada.""",0
983,Madaxweyne Obama ayaa sheegay in shaqo la’aanta ay ka hooseyso 8...,Waxa uu yidhi Madaxweyne Obama waxa uu ballan qaaday in shaqo la'aanta ay ka hoosayso 8 boqolkiiba haddii kicinta la dhaafo.,0
984,Xirmada dhiirigelinta waxaa ku jira sharci ka soo horjeeda Masiixi...,"Xirmada dhiirigelinta waxaa ku jira sharci lid ku ah Masiixiyiinta kaas oo joojin doona kaniisadaha inay u isticmaalaan dugsiyada dadweynaha kulannada axada, iyo sidoo kale Boy Scouts iyo kooxaha ardada barta Kitaabka Quduuska ah.",0
985,Adigoo isticmaalaya daldaloolo yar oo la yaqaan ... Minions Obama waa la oggol yahay ...,Adigoo isticmaalaya daldaloolo yar oo la yaqaan ... Minions Obama waxay u oggolaanayaan Shirkadda Nestle inay ka dhoofiso biyaha macaan ee qaaliga ah harada Michigan.,0
986,"Qoysaska Maraykanku waxay ku dadaalaan inay helaan $4,250 bishii. Obama ayaa...","Qoysaska Maraykanku waxay ku dadaalaan inay helaan $4,250 bishii. Obama waxa uu ku kharash gareeyaa $18,972 bishii ilmo kasta oo sharci-darro ah.",0
987,Waxaan bixinaa PhD-da sanad walba in ka badan jaamacad kale ee A...,Waxaan bixinaa PhDs ka badan sanad walba marka loo eego jaamacadaha kale ee Ameerika marka laga reebo Berkeley.,0
988,Waxay leedahay warbaahintu waxay abuurtay ereyga polar vortex iyo qabow ai...,Waxay leedahay warbaahintu waxay abuurtay ereyga polar vortex hawada qabowna waxay caddaynaysaa in barafku aanu dhalaalinayn.,0
989,"Si qarsoodi ah, iyadoo aan la ogeyn xubnaha Congress-ka, in ka badan $105 biil...","Si qarsoodi ah, iyadoo aan la ogeyn xubnaha Congress-ka, in ka badan 105 bilyan ayaa lagu qariyay sharciga Obamacare.",0
990,Wuxuu yiri tababaraha kubbadda cagta Rex Ryan wuxuu ku guuleystay horyaalada ...,"Waxa uu yidhi tababaraha kubada cagta ee xirfada leh Rex Ryan ayaa ku guulaystay horyaalada New York. AFC, waxaan filayaa, laba jeer.",0
991,"Wuxuu yidhi Mitt Romney wuxuu taageeray sharcia dhammaan ilmo iska soo rididda, e...","Wuxuu yidhi Mitt Romney wuxuu taageeray sharci mamnuucaya dhammaan ilmo iska soo rididda, xitaa kiisaska kufsiga iyo jinsiga.",0
992,Waxa uu yidhi Mike Dovilla waxa uu taageersan yahay qorshe u ogolaan kara ajaanib...,Wuxuu yiri Mike Dovilla wuxuu taageersan yahay qorshe u oggolaanaya shirkad ajnabi ah inay la wareegto Ohio Turnpike,0
993,Saddex meelood labo ka mid ah dadka ku nool Wisconsin ayaa si adag uga soo horjeeda...,Saddex meelood laba meel dadka Wisconsin ayaa si adag uga soo horjeeda fikradan ah in si joogto ah looga qaado xuquuqda dadka ee gorgortanka wadajirka ah.,0
994,Wendy Davis waxay kaliya ku samaynaysay lacag ururin Chicago,Wendy Davis waxa ay Chicago ka samaynaysay dhaqaale ururin iyada oo la kaashanaysa ururka hantiwadaaga caalamiga ah.,0
995,Ciidamada badda ayaa dacwad ku soo oogaya sarkaal ka tirsan ciidamada badda oo toogtay...,Ciidanka badda ayaa dacwad ku soo oogaya sarkaal ka tirsan ciidamada badda oo toogtay toogashadii Chattanooga ka dib markii uu si sharci darro ah hub ugu furay hanti federaal ah.,0
996,Waxay tiri Cathy Jordan waa la xiray oo laga soo saaray gurigeeda b...,Waxay tiri Cathy Jordan ayaa la xiray oo ay ka soo saareen gurigeeda koox SWAT ah oo hooligan ah si ay u isticmaasho marijuana caafimaad.,0
997,Madaxweyne Obama ayaa sheegay in shaqo la’aanta ay ka hooseyso 8...,Waxa uu yidhi Madaxweyne Obama waxa uu ballan qaaday in shaqo la'aanta ay ka hoosayso 8 boqolkiiba haddii kicinta la dhaafo.,0
998,Waxaa jira kharashyo maamul oo sarreeya marka aad ku deeqdo Haiti...,Waxaa jira kharashyo maamul oo sarreeya marka aad ku deeqdo gargaarka Haiti iyada oo loo marayo Mareegta Aqalka Cad.,0
999,"Barack Obama ""wuxuu doonayaa in dowladda ay la wareegto daryeelka caafimaadka,...","Barack Obama ""wuxuu rabaa in dowladdu ay la wareegto daryeelka caafimaadka, ku bixiso boqolaal bilyan oo doolar oo lacag cusub ah caymiska caafimaadka qof walba.""",0
1000,Wuxuu sheegay in dib u habeynta daryeelka caafimaadka qaranka ay tahay mid ay dowladdu la wareegtay...,Waxa uu leeyahay dib u habaynta daryeelka caafimaadka qaranka waa la wareegida dawladda ee daryeelka caafimaadka.,0
1001,Qofka iga soo waxa uu ballan qaadayaa in uu soo celin doono shaqada hore isaga oo raba in uu iska tago...,Qofka iga soo horjeeda wuxuu ballan qaadayaa inuu soo celin doono shaqooyin hore isagoo u rajeeyay dhaqaalaha adduunka.,0
1002,Frank Guinta ayaa u codeeyay in cashuur bixiyayaasha dabaqadda dhexe ay bixiyaan lacag ka badan...,"Frank Guinta ayaa u codeeyay in cashuur bixiyayaasha dabaqadda dhexe ay bixiyaan in ka badan $1,000 oo dheeraad ah sannadkii.",0
1003,Qofka iga soo waxa uu ballan qaadayaa in uu soo celin doono shaqada hore isaga oo raba in uu iska tago...,Qofka iga soo horjeeda wuxuu ballan qaadayaa inuu soo celin doono shaqooyin hore isagoo u rajeeyay dhaqaalaha adduunka.,0
1004,Wuxuu yiri tababaraha kubbadda cagta Rex Ryan wuxuu ku guuleystay horyaalada ...,"Waxa uu yidhi tababaraha kubada cagta ee xirfada leh Rex Ryan ayaa ku guulaystay horyaalada New York. AFC, waxaan filayaa, laba jeer.",0
1005,Wuxuu sheegay in qaraarka Senate-ka uu soo celin doono $140 bishiiba...,Wuxuu sheegay in qaraarka Senate-ka uu soo celin doono $140 lacagihii kaalmada guud ee bishii iyo ka hortagga dadka inay dambi galaan.,0
1006,Waxaan bixinaa PhD-da sanad walba in ka badan jaamacad kale ee A...,Waxaan bixinaa PhDs ka badan sanad walba marka loo eego jaamacadaha kale ee Ameerika marka laga reebo Berkeley.,0
1007,"Hadda, Golaha Wakiilada, waxaan leenahay 40 kala duwan oo j...","Hadda, Golaha Wakiillada, waxaanu haynaa 40 xeer oo kala duwan oo shaqo ah oo la ansixiyay oo ku dhawaad ​​dhamaantood ahaayeen laba xisbi.",0
1008,Frank Guinta ayaa u codeeyay in cashuur bixiyayaasha dabaqadda dhexe ay bixiyaan lacag ka badan...,"Frank Guinta ayaa u codeeyay in cashuur bixiyayaasha dabaqadda dhexe ay bixiyaan in ka badan $1,000 oo dheeraad ah sannadkii.",0
1009,Miisaaniyadda Madaxweyne Barack Obama ayaa khatar ku ah amniga qaranka b...,Miisaaniyadda Madaxweyne Barack Obamas waxay khatar ku tahay amniga qaranka isagoo soo jeedinaya Ciidan ka kooban shaqaale ka yar kuwii aan haysanay ka hor Pearl Harbor.,0
1010,Magaalada Pembroke Pines ayaan wax cod ah ku lahayn qorshe lagu b...,Magaalada Pembroke Pines ayaan wax cod ah ku lahayn qorshaha lagu dhisayo xarun dadka lagu hayo ee Koonfur Galbeed Ranches.,0
1011,Qofka iga soo waxa uu ballan qaadayaa in uu soo celin doono shaqada hore isaga oo raba in uu iska tago...,Qofka iga soo horjeeda wuxuu ballan qaadayaa inuu soo celin doono shaqooyin hore isagoo u rajeeyay dhaqaalaha adduunka.,0
1012,Maxay ahaayeen hoos u dhacii sanadlaha ahaa ee Jamhuuriga hadda...,Maxay ahaayeen khasaare sanadeedkii hore ee Jamhuuriyiinta ayaa hadda noqday hoos u dhacyada billaha ah ee hoos yimaada Dimuqraadiyiinta.,0
1013,"Mashruuca Buffalos SolarCity, Andrew Cuomo wuxuu abuuri doonaa laga yaabee ...","Mashruuca Buffalos SolarCity, Andrew Cuomo wuxuu abuuri doonaa laga yaabee 500 shaqo haddii ay weligeed dhacdo, qiyaastii $1.5 milyan shaqa kasta.",0
1014,Saddex meelood labo meel Granite States ayaa kasoo horjeeda xisbiga Shaaha iyo xisbigiisa...,Saddex meelood laba meel Granite States waxay ka soo horjeedaan Xisbiga Shaaha iyo ajandihiisa ku saabsan ururada shaqaalaha.,0
1015,Maxay ahaayeen hoos u dhacii sanadlaha ahaa ee Jamhuuriga hadda...,Maxay ahaayeen khasaare sanadeedkii hore ee Jamhuuriyiinta ayaa hadda noqday hoos u dhacyada billaha ah ee hoos yimaada Dimuqraadiyiinta.,0
1016,Ku dhawaad ​​800 oo qof ayaa diiday in laga baaro daroogada sababtoo ah...,Qiyaastii 800 oo qof ayaa diiday in la sameeyo baaris daroogo sababtoo ah waxay u joogaan mukhaadaraad.,0
1017,Wuxuu sheegay in dib u habeynta daryeelka caafimaadka qaranka ay tahay mid ay dowladdu la wareegtay...,Waxa uu leeyahay dib u habaynta daryeelka caafimaadka qaranka waa la wareegida dawladda ee daryeelka caafimaadka.,0
1018,Muwaadiniin Jarmal ah ayaa dawladoodii hub ka dhigis ku samaysay dhamaadkii...,"Muwaadiniinta Jarmalku waxa hub ka dhigis ku sameeyay dawladoodii dabayaaqadii 1930-meeyadii, taas oo u ogolaatay Naasiyiintii in ay fuliyaan ujeedooyinkooda xun iyaga oo iska caabin yar leh.",0
1019,Is-dilku wuxuu ka imaanayaa calaamad ah ee waaweyn oo leh ...,Is-dilku wuxuu ka yimaadaa dawladda dhexe ee waaweyn oo leh waxba uma qalantid laakiin waxaad ku heli doontaa wax aan waxba ahayn.,0
1020,"Barack Obama ""wuxuu doonayaa in dowladda ay la wareegto daryeelka caafimaadka,...","Barack Obama ""wuxuu rabaa in dowladdu ay la wareegto daryeelka caafimaadka, ku bixiso boqolaal bilyan oo doolar oo lacag cusub ah caymiska caafimaadka qof walba.""",0
1021,Wuxuu sheegay in dib u habeynta daryeelka caafimaadka qaranka ay tahay mid ay dowladdu la wareegtay...,Waxa uu leeyahay dib u habaynta daryeelka caafimaadka qaranka waa la wareegida dawladda ee daryeelka caafimaadka.,0
1022,"27-kii bilood ee la soo dhaafay, Madaxweyne Barack Obama waxa uu abuuray...","27-kii bilood ee la soo dhaafay, Madaxweyne Barack Obama waxa uu abuuray shaqooyin ka badan kuwa gaarka loo leeyahay marka loo eego soo kabashada Reagan.",0
1023,Wuxuu yiri xildhibaanka Miami Carlos Curbelo wuxuu taageersan yahay qodista qodista...,Waxa uu yidhi xildhibaanka Miami Carlos Curbelo waxa uu taageersan yahay qodista xeebaha waxana uu si isdaba joog ah uga codeeyay awoodda madaxweyne Obama ee la dagaalanka wasakhowga iyo la dagaalanka isbedelka cimilada.,0
1024,"27-kii bilood ee la soo dhaafay, Madaxweyne Barack Obama waxa uu abuuray...","27-kii bilood ee la soo dhaafay, Madaxweyne Barack Obama waxa uu abuuray shaqooyin ka badan kuwa gaarka loo leeyahay marka loo eego soo kabashada Reagan.",0
1025,"Waxaan leenahay magaalooyin ku yaal Galbeedka Texas oo aan biyuhu lahayn, kuwaas oo ah ...","Waxaan leenahay magaalooyin ku yaal Galbeedka Texas oo ay ka maqan yihiin biyaha, kuwaas oo ay tahay in ay biyo ku dhaamiyaan.",0
1026,Wuxuu yiri tababaraha kubbadda cagta Rex Ryan wuxuu ku guuleystay horyaalada ...,"Waxa uu yidhi tababaraha kubada cagta ee xirfada leh Rex Ryan ayaa ku guulaystay horyaalada New York. AFC, waxaan filayaa, laba jeer.",0
1027,"McCain ""wuxuu u codeeyay inuu dhimo maalgelinta waxbarashada, isagoo ka soo horjeeda la xisaabtanka","McCain ""wuxuu u codeeyay inuu dhimo maalgelinta waxbarashada, isagoo ka soo horjeeda heerarka isla xisaabtanka. Wuxuu xitaa soo jeediyay in la baabi'iyo Waaxda Waxbarashada.""",0
1028,"Ohio, waxaan ku maal galinay caruurteena, anagoo kordhinayna maalgelinta iskuulka...","Ohio, waxaanu maal galinay caruurteena, anagoo ku kordhinay maalgelinta dugsiga 5.5 boqolkiiba miisaaniyadii u dambaysay.",0
1029,Waxa uu yidhi Madaxweyne Obama waxa uu afduubay biilka beeraha (oo) waxa uu u rogay i...,Waxa uu yidhi Madaxweyne Obama waxa uu afduubay biilka beeraha (oo) waxa uu ka dhigay biilka cuntada.,0
1030,Maraykanku kama mid ahayn 16 waddan oo David Pe...,Mareykanka ayaan ka mid ahayn 16 wadan oo David Perdue uu ku sheegay in Pillowtex uu shaqo ka abuuray.,0
1031,Ayaa sheegay in Adeegga Boostada Maraykanku aanay qaadan wax gargaar cashuur bixiye ah tan iyo markii...,"Waxa uu leeyahay Adeegga Boostada Maraykanku ma qaadin wax gargaar cashuur bixiye ah ilaa 1971, waxa ay maalgelisaa hawlaha gabi ahaan iibinta stamps iyo alaabta la xidhiidha oo waxa ay samaysaa faa'iido hawl gal sanadba sanadka ka dambeeya.",0
1032,Donald Trump ayaa sheegay in dowladda ay bixineyso qarashka ku baxaya...,Wuxuu yidhi Donald Trump wuxuu sheegay in dawladdu ay bixinayso kharashka qof walba si uu u helo daryeel caafimaad.,0
1033,Ciidamada badda ayaa dacwad ku soo oogaya sarkaal ka tirsan ciidamada badda oo toogtay...,Ciidanka badda ayaa dacwad ku soo oogaya sarkaal ka tirsan ciidamada badda oo toogtay toogashadii Chattanooga ka dib markii uu si sharci darro ah hub ugu furay hanti federaal ah.,0
1034,(Madaxweyne Barack Obama) ayaa sheegay in shaqo la’aantu aysan waligeed g...,(Madaxweyne Barack Obama) wuxuu sheegay in shaqo la'aantu aysan weligeed dhaafi doonin 8 boqolkiiba haddii aan gudbino qorshaha kicinta.,0
1035,Sen. Hutchison waxa uu ka tagey Jamhuuriyiintii oo uu la saftay Dimuqraadiga...,Sen. Hutchison wuu ka tagay Jamhuuriyiintii wuxuuna la istaagay Dimuqraadiyiinta si loo hubiyo in sharciga daryeelka caafimaadku si dhakhso ah u gudbi doono.,0
1036,Maraykanku kama mid ahayn 16 waddan oo David Pe...,Mareykanka ayaan ka mid ahayn 16 wadan oo David Perdue uu ku sheegay in Pillowtex uu shaqo ka abuuray.,0
1037,Ciidamada badda ayaa dacwad ku soo oogaya sarkaal ka tirsan ciidamada badda oo toogtay...,Ciidanka badda ayaa dacwad ku soo oogaya sarkaal ka tirsan ciidamada badda oo toogtay toogashadii Chattanooga ka dib markii uu si sharci darro ah hub ugu furay hanti federaal ah.,0
1038,Saraakiisha Medicare waxay ula dhaqmeen Humana iyo AARP si aan is waafaqsanayn,Saraakiisha Medicare waxay ula dhaqmeen Humana iyo AARP si aan joogto ahayn sida ay ula xiriiri karaan waayeelka.,0
1039,Musharaxa senate-ka Mareykanka Jack Kingston waxa uu ku qarash gareeyay doollarkayaga canshuurta...,Musharaxa senate-ka ee Maraykanka Jack Kingston waxa uu doollarkayaga cashuurta ku kharash gareeyey kumanyaal calaamado wasakh ah.,0
1040,Canshuuraha guryuhu hadda 18% way ka sarreeyaan markii (Mark Sharpe) kow...,Canshuuraha guryuhu hadda 18% way ka sarreeyaan markii (Mark Sharpe) markii ugu horreysay ee uu xafiiska la wareegay.,0
1041,Haddii Madaxweyne Obama saxiixo daawaynta isbedelka cimilada ee Copenhagen...,"Haddii madaxweyne Obama uu saxiixo heshiiska isbeddelka cimilada ee Copenhagen, wuxuu ""sixiixi doonaa xorriyaddaada, dimoqraadiyaddaada, iyo barwaaqadaada weligiin, adiga iyo dawlad kasta oo ku xigta oo aad dooran karto ma lahaan doonto wax awood ah si ay dib ugu soo celiso.""",0
1042,Codbixinta ayaa muujineysa in Floridians aysan dooneynin inay baabi'iyaan lacagta la awoodi karo…,Ra'yi ururintu waxay muujinayaan in Floridians aysan rabin inay tirtiraan Sharciga Daryeelka La awoodi karo.,0
1043,Adigoo isticmaalaya daldaloolo yar oo la yaqaan ... Minions Obama waa la oggol yahay ...,Adigoo isticmaalaya daldaloolo yar oo la yaqaan ... Minions Obama waxay u oggolaanayaan Shirkadda Nestle inay ka dhoofiso biyaha macaan ee qaaliga ah harada Michigan.,0
1044,Waxaan u dhimi karnaa shaqo la'aanta kala bar si fudud annaga oo dib u soo ceshanno j...,Waxaan shaqo la'aanta u dhimi karnaa kala bar si fudud innagoo dib u soo ceshanayna shaqooyinkii ay qabteen shaqaalaha sharci darrada ah.,0
1045,Saddex meelood labo ka mid ah dadka ku nool Wisconsin ayaa si adag uga soo horjeeda...,Saddex meelood laba meel dadka Wisconsin ayaa si adag uga soo horjeeda fikradan ah in si joogto ah looga qaado xuquuqda dadka ee gorgortanka wadajirka ah.,0
1046,"Waxa uu sheegay in uu ahaa saldhigga gobolka Utah, uu markii la shaqeeyay s ...","Wuxuu sheegay in markii uu ahaa guddoomiyaha Utah, uu la shaqeeyay Sharci-dejinta gobolka si loo abuuro canshuur siman oo dhimaysa canshuurta dakhliga boqolkiiba 30.",0
1047,"Inkasta oo ay ka soo horjeesteen naadiga qaranka ee kobaca, naadiga G...","In kasta oo ay ka soo horjeedaan Naadiga kobaca qaranka, Naadiga Kobaca Wisconsin ayaa u ansixiyay Senetka Mareykanka.",0
1048,(Madaxweyne Barack Obama) ayaa sheegay in shaqo la’aantu aysan waligeed g...,(Madaxweyne Barack Obama) wuxuu sheegay in shaqo la'aantu aysan weligeed dhaafi doonin 8 boqolkiiba haddii aan gudbino qorshaha kicinta.,0
1049,Haddii aad iibiso gurigaaga wixii ka dambeeya 2012 waxaad bixin doontaa boqolkiiba 3.8...,Haddii aad iibiso gurigaaga wixii ka dambeeya 2012 waxaad ka bixin doontaa boqolkiiba 3.8 canshuurta iibka.,0
1050,"Qoysaska Maraykanku waxay ku dadaalaan inay helaan $4,250 bishii. Obama ayaa...","Qoysaska Maraykanku waxay ku dadaalaan inay helaan $4,250 bishii. Obama waxa uu ku kharash gareeyaa $18,972 bishii ilmo kasta oo sharci-darro ah.",0
1051,Waxa uu yidhi Donald Trump waxa uu taageersan yahay ajande halkaas ka jira oo ah in si gaar loo leeyahay...,Waxa uu yidhi Donald Trump waxa uu taageerayaa ajande halkaa ka jira si gaar looga dhigo nidaamka daryeelka caafimaadka ee Arrimaha Veterans.,0
1052,Is-dilku wuxuu ka imaanayaa calaamad ah ee waaweyn oo leh ...,Is-dilku wuxuu ka yimaadaa dawladda dhexe ee waaweyn oo leh waxba uma qalantid laakiin waxaad ku heli doontaa wax aan waxba ahayn.,0
1053,Waxa uu sheegay in Madaxweyne Barack Obama uu ballan qaaday inuu la shaqeyn doono...,"Waxa uu sheegay in iyada oo Madaxweyne Barack Obama uu ballan qaaday in uu la shaqayn doono loo-shaqeeyahaaga si uu hoos ugu dhigo khidmadahaaga $2,500 qoyskiiba sannadkii, sharcigiisa daryeelka caafimaadku waxa uu kor u qaadayaa khidmadaha suuqa gaarka ah $2,100 qoyskiiba.",0
1054,Haddii Madaxweyne Obama saxiixo daawaynta isbedelka cimilada ee Copenhagen...,"Haddii madaxweyne Obama uu saxiixo heshiiska isbeddelka cimilada ee Copenhagen, wuxuu ""sixiixi doonaa xorriyaddaada, dimoqraadiyaddaada, iyo barwaaqadaada weligiin, adiga iyo dawlad kasta oo ku xigta oo aad dooran karto ma lahaan doonto wax awood ah si ay dib ugu soo celiso.""",0
1055,Waxay leedahay warbaahintu waxay abuurtay ereyga polar vortex iyo qabow ai...,Waxay leedahay warbaahintu waxay abuurtay ereyga polar vortex hawada qabowna waxay caddaynaysaa in barafku aanu dhalaalinayn.,0
1056,"In ka badan 100,000 oo haween ah oo ku nool Texas ayaa isku dayay in ay iskood isu soo dhisaan.","In ka badan 100,000 oo haween ah oo ku nool Texas ayaa isku dayay inay iskood iska soo xaaqaan sannadkii la soo dhaafay oo keliya.",0
1057,Saddex meelood labo ka mid ah dadka ku nool Wisconsin ayaa si adag uga soo horjeeda...,Saddex meelood laba meel dadka Wisconsin ayaa si adag uga soo horjeeda fikradan ah in si joogto ah looga qaado xuquuqda dadka ee gorgortanka wadajirka ah.,0
1058,Waxaa jira kharashyo maamul oo sarreeya marka aad ku deeqdo Haiti...,Waxaa jira kharashyo maamul oo sarreeya marka aad ku deeqdo gargaarka Haiti iyada oo loo marayo Mareegta Aqalka Cad.,0
1059,Sen. Hutchison waxa uu ka tagey Jamhuuriyiintii oo uu la saftay Dimuqraadiga...,Sen. Hutchison wuu ka tagay Jamhuuriyiintii wuxuuna la istaagay Dimuqraadiyiinta si loo hubiyo in sharciga daryeelka caafimaadku si dhakhso ah u gudbi doono.,0
1060,Muwaadiniin Jarmal ah ayaa dawladoodii hub ka dhigis ku samaysay dhamaadkii...,"Muwaadiniinta Jarmalku waxa hub ka dhigis ku sameeyay dawladoodii dabayaaqadii 1930-meeyadii, taas oo u ogolaatay Naasiyiintii in ay fuliyaan ujeedooyinkooda xun iyaga oo iska caabin yar leh.",0
1061,Waxay tiri Cathy Jordan waa la xiray oo laga soo saaray gurigeeda b...,Waxay tiri Cathy Jordan ayaa la xiray oo ay ka soo saareen gurigeeda koox SWAT ah oo hooligan ah si ay u isticmaasho marijuana caafimaad.,0
1062,Hindise sharciyeedka gobolka ayaa soo afjari doona shuruudihii muddada dheer ee ahaa in deegaanka...,Hindise-sharciyeedka gobolku waxa uu soo afjarayaa shuruudii muddada dheer u baahnayd ee ah in dawladaha hoose ay dayactiraan waddooyinka waaweyn iyo laamiyada-- oo ay ka horjoogsadaan muwaadiniinta dhaawaca ah in ay dacweeyaan dayactirka la dayacay.,0
1063,Maraykanku kama mid ahayn 16 waddan oo David Pe...,Mareykanka ayaan ka mid ahayn 16 wadan oo David Perdue uu ku sheegay in Pillowtex uu shaqo ka abuuray.,0
1064,Waxa uu sheegay in Madaxweyne Barack Obama uu ballan qaaday inuu la shaqeyn doono...,"Waxa uu sheegay in iyada oo Madaxweyne Barack Obama uu ballan qaaday in uu la shaqayn doono loo-shaqeeyahaaga si uu hoos ugu dhigo khidmadahaaga $2,500 qoyskiiba sannadkii, sharcigiisa daryeelka caafimaadku waxa uu kor u qaadayaa khidmadaha suuqa gaarka ah $2,100 qoyskiiba.",0
1065,Haddii aad iibiso gurigaaga wixii ka dambeeya 2012 waxaad bixin doontaa boqolkiiba 3.8...,Haddii aad iibiso gurigaaga wixii ka dambeeya 2012 waxaad ka bixin doontaa boqolkiiba 3.8 canshuurta iibka.,0
1066,Wuxuu sheegay in ay jiraan doollar federaal ah oo badan oo ku jira Gov. John Kasichs bud...,Wuxuu sheegay in ay jiraan doollar federaali ah oo ka badan qorshaha miisaaniyadda Gov. John Kasichs marka loo eego miisaaniyaddii hore ee gobolka.,0
1067,Hindise sharciyeedka gobolka ayaa soo afjari doona shuruudihii muddada dheer ee ahaa in deegaanka...,Hindise-sharciyeedka gobolku waxa uu soo afjarayaa shuruudii muddada dheer u baahnayd ee ah in dawladaha hoose ay dayactiraan waddooyinka waaweyn iyo laamiyada-- oo ay ka horjoogsadaan muwaadiniinta dhaawaca ah in ay dacweeyaan dayactirka la dayacay.,0
1068,Wuxuu sheegay in qaraarka Senate-ka uu soo celin doono $140 bishiiba...,Wuxuu sheegay in qaraarka Senate-ka uu soo celin doono $140 lacagihii kaalmada guud ee bishii iyo ka hortagga dadka inay dambi galaan.,0
1069,Wuxuu sheegay in dib u habeynta daryeelka caafimaadka qaranka ay tahay mid ay dowladdu la wareegtay...,Waxa uu leeyahay dib u habaynta daryeelka caafimaadka qaranka waa la wareegida dawladda ee daryeelka caafimaadka.,0
1070,Miisaaniyadda Madaxweyne Barack Obama ayaa khatar ku ah amniga qaranka b...,Miisaaniyadda Madaxweyne Barack Obamas waxay khatar ku tahay amniga qaranka isagoo soo jeedinaya Ciidan ka kooban shaqaale ka yar kuwii aan haysanay ka hor Pearl Harbor.,0
1071,Wendy Davis waxay kaliya ku samaynaysay lacag ururin Chicago,Wendy Davis waxa ay Chicago ka samaynaysay dhaqaale ururin iyada oo la kaashanaysa ururka hantiwadaaga caalamiga ah.,0
1072,"Waxaan leenahay magaalooyin ku yaal Galbeedka Texas oo aan biyuhu lahayn, kuwaas oo ah ...","Waxaan leenahay magaalooyin ku yaal Galbeedka Texas oo ay ka maqan yihiin biyaha, kuwaas oo ay tahay in ay biyo ku dhaamiyaan.",0
1073,Musharaxa senate-ka Mareykanka Jack Kingston waxa uu ku qarash gareeyay doollarkayaga canshuurta...,Musharaxa senate-ka ee Maraykanka Jack Kingston waxa uu doollarkayaga cashuurta ku kharash gareeyey kumanyaal calaamado wasakh ah.,0
1074,"Ohio, waxaan ku maal galinay caruurteena, anagoo kordhinayna maalgelinta iskuulka...","Ohio, waxaanu maal galinay caruurteena, anagoo ku kordhinay maalgelinta dugsiga 5.5 boqolkiiba miisaaniyadii u dambaysay.",0
1075,Wendy Davis waxay kaliya ku samaynaysay lacag ururin Chicago,Wendy Davis waxa ay Chicago ka samaynaysay dhaqaale ururin iyada oo la kaashanaysa ururka hantiwadaaga caalamiga ah.,0
1076,Waxa uu yidhi Madaxweyne Obama waxa uu afduubay biilka beeraha (oo) waxa uu u rogay i...,Waxa uu yidhi Madaxweyne Obama waxa uu afduubay biilka beeraha (oo) waxa uu ka dhigay biilka cuntada.,0
1077,Frank Guinta ayaa u codeeyay in cashuur bixiyayaasha dabaqadda dhexe ay bixiyaan lacag ka badan...,"Frank Guinta ayaa u codeeyay in cashuur bixiyayaasha dabaqadda dhexe ay bixiyaan in ka badan $1,000 oo dheeraad ah sannadkii.",0
1078,Waxaa jira kharashyo maamul oo sarreeya marka aad ku deeqdo Haiti...,Waxaa jira kharashyo maamul oo sarreeya marka aad ku deeqdo gargaarka Haiti iyada oo loo marayo Mareegta Aqalka Cad.,0
1079,Adigoo isticmaalaya daldaloolo yar oo la yaqaan ... Minions Obama waa la oggol yahay ...,Adigoo isticmaalaya daldaloolo yar oo la yaqaan ... Minions Obama waxay u oggolaanayaan Shirkadda Nestle inay ka dhoofiso biyaha macaan ee qaaliga ah harada Michigan.,0
1080,Musharaxa senate-ka Mareykanka Jack Kingston waxa uu ku qarash gareeyay doollarkayaga canshuurta...,Musharaxa senate-ka ee Maraykanka Jack Kingston waxa uu doollarkayaga cashuurta ku kharash gareeyey kumanyaal calaamado wasakh ah.,0
1081,Waxa uu yidhi Donald Trump waxa uu taageersan yahay ajande halkaas ka jira oo ah in si gaar loo leeyahay...,Waxa uu yidhi Donald Trump waxa uu taageerayaa ajande halkaa ka jira si gaar looga dhigo nidaamka daryeelka caafimaadka ee Arrimaha Veterans.,0
1082,Bal eeg waxa uu agaasimaha FBI-da ka yidhi iyada (Hillary C...,Bal u fiirso waxa uu agaasimaha FBI-da ka yidhi (Hillary Clinton) dhaqan-xumada ay samaysay waa ceeb iyo ceeb dalkeena.,0
1083,"Waxa uu sheegay in uu ahaa saldhigga gobolka Utah, uu markii la shaqeeyay s ...","Wuxuu sheegay in markii uu ahaa guddoomiyaha Utah, uu la shaqeeyay Sharci-dejinta gobolka si loo abuuro canshuur siman oo dhimaysa canshuurta dakhliga boqolkiiba 30.",0
1084,"Waxa uu sheegay in uu ahaa saldhigga gobolka Utah, uu markii la shaqeeyay s ...","Wuxuu sheegay in markii uu ahaa guddoomiyaha Utah, uu la shaqeeyay Sharci-dejinta gobolka si loo abuuro canshuur siman oo dhimaysa canshuurta dakhliga boqolkiiba 30.",0
1085,Ayaa sheegay in Adeegga Boostada Maraykanku aanay qaadan wax gargaar cashuur bixiye ah tan iyo markii...,"Waxa uu leeyahay Adeegga Boostada Maraykanku ma qaadin wax gargaar cashuur bixiye ah ilaa 1971, waxa ay maalgelisaa hawlaha gabi ahaan iibinta stamps iyo alaabta la xidhiidha oo waxa ay samaysaa faa'iido hawl gal sanadba sanadka ka dambeeya.",0
1086,Maxay ahaayeen hoos u dhacii sanadlaha ahaa ee Jamhuuriga hadda...,Maxay ahaayeen khasaare sanadeedkii hore ee Jamhuuriyiinta ayaa hadda noqday hoos u dhacyada billaha ah ee hoos yimaada Dimuqraadiyiinta.,0
1087,Wuxuu yiri xildhibaanka Miami Carlos Curbelo wuxuu taageersan yahay qodista qodista...,Waxa uu yidhi xildhibaanka Miami Carlos Curbelo waxa uu taageersan yahay qodista xeebaha waxana uu si isdaba joog ah uga codeeyay awoodda madaxweyne Obama ee la dagaalanka wasakhowga iyo la dagaalanka isbedelka cimilada.,0
1088,Magaalada Pembroke Pines ayaan wax cod ah ku lahayn qorshe lagu b...,Magaalada Pembroke Pines ayaan wax cod ah ku lahayn qorshaha lagu dhisayo xarun dadka lagu hayo ee Koonfur Galbeed Ranches.,0
1089,Waxaan u dhimi karnaa shaqo la'aanta kala bar si fudud annaga oo dib u soo ceshanno j...,Waxaan shaqo la'aanta u dhimi karnaa kala bar si fudud innagoo dib u soo ceshanayna shaqooyinkii ay qabteen shaqaalaha sharci darrada ah.,0
1090,Saddex meelood labo meel Granite States ayaa kasoo horjeeda xisbiga Shaaha iyo xisbigiisa...,Saddex meelood laba meel Granite States waxay ka soo horjeedaan Xisbiga Shaaha iyo ajandihiisa ku saabsan ururada shaqaalaha.,0
1091,Waxa uu yidhi Donald Trump waxa uu taageersan yahay ajande halkaas ka jira oo ah in si gaar loo leeyahay...,Waxa uu yidhi Donald Trump waxa uu taageerayaa ajande halkaa ka jira si gaar looga dhigo nidaamka daryeelka caafimaadka ee Arrimaha Veterans.,0
1092,"Inkasta oo ay ka soo horjeesteen naadiga qaranka ee kobaca, naadiga G...","In kasta oo ay ka soo horjeedaan Naadiga kobaca qaranka, Naadiga Kobaca Wisconsin ayaa u ansixiyay Senetka Mareykanka.",0
1093,Bal eeg waxa uu agaasimaha FBI-da ka yidhi iyada (Hillary C...,Bal u fiirso waxa uu agaasimaha FBI-da ka yidhi (Hillary Clinton) dhaqan-xumada ay samaysay waa ceeb iyo ceeb dalkeena.,0
1094,Ku dhawaad ​​800 oo qof ayaa diiday in laga baaro daroogada sababtoo ah...,Qiyaastii 800 oo qof ayaa diiday in la sameeyo baaris daroogo sababtoo ah waxay u joogaan mukhaadaraad.,0
1095,"Barack Obama ""wuxuu doonayaa in dowladda ay la wareegto daryeelka caafimaadka,...","Barack Obama ""wuxuu rabaa in dowladdu ay la wareegto daryeelka caafimaadka, ku bixiso boqolaal bilyan oo doolar oo lacag cusub ah caymiska caafimaadka qof walba.""",0
1096,"Qaar ka mid ah kulliyadaha, oo ay ku jiraan AM, ayaa horey u dammaanad qaaday ...","Qaar ka mid ah kulliyadaha, oo ay ku jirto AM, ayaa horey u dammaanad qaaday inaysan kordhin doonin waxbarashadooda.",0
1097,Wuxuu yiri Ron Johnson run ahaantii waxba ma uusan qaban si uu ula dagaallamo geesiga ...,Wuxuu yidhi Ron Johnson run ahaantii waxba ma uu samayn si uu ula dagaallamo balwadda heroin-ka iyo xad-gudubka opioid.,0
1098,(Madaxweyne Barack Obama) ayaa sheegay in shaqo la’aantu aysan waligeed g...,(Madaxweyne Barack Obama) wuxuu sheegay in shaqo la'aantu aysan weligeed dhaafi doonin 8 boqolkiiba haddii aan gudbino qorshaha kicinta.,0
1099,Xirmada dhiirigelinta waxaa ku jira sharci ka soo horjeeda Masiixi...,"Xirmada dhiirigelinta waxaa ku jira sharci lid ku ah Masiixiyiinta kaas oo joojin doona kaniisadaha inay u isticmaalaan dugsiyada dadweynaha kulannada axada, iyo sidoo kale Boy Scouts iyo kooxaha ardada barta Kitaabka Quduuska ah.",0
1100,Miisaaniyadda Madaxweyne Barack Obama ayaa khatar ku ah amniga qaranka b...,Miisaaniyadda Madaxweyne Barack Obamas waxay khatar ku tahay amniga qaranka isagoo soo jeedinaya Ciidan ka kooban shaqaale ka yar kuwii aan haysanay ka hor Pearl Harbor.,0
1101,Wendy Davis waxay kaliya ku samaynaysay lacag ururin Chicago,Wendy Davis waxa ay Chicago ka samaynaysay dhaqaale ururin iyada oo la kaashanaysa ururka hantiwadaaga caalamiga ah.,0
1102,Ciidamada badda ayaa dacwad ku soo oogaya sarkaal ka tirsan ciidamada badda oo toogtay...,Ciidanka badda ayaa dacwad ku soo oogaya sarkaal ka tirsan ciidamada badda oo toogtay toogashadii Chattanooga ka dib markii uu si sharci darro ah hub ugu furay hanti federaal ah.,0
1103,"McCain ""wuxuu u codeeyay inuu dhimo maalgelinta waxbarashada, isagoo ka soo horjeeda la xisaabtanka","McCain ""wuxuu u codeeyay inuu dhimo maalgelinta waxbarashada, isagoo ka soo horjeeda heerarka isla xisaabtanka. Wuxuu xitaa soo jeediyay in la baabi'iyo Waaxda Waxbarashada.""",0
1104,"Ohio, waxaan ku maal galinay caruurteena, anagoo kordhinayna maalgelinta iskuulka...","Ohio, waxaanu maal galinay caruurteena, anagoo ku kordhinay maalgelinta dugsiga 5.5 boqolkiiba miisaaniyadii u dambaysay.",0
1105,Wuxuu sheegay in ay jiraan doollar federaal ah oo badan oo ku jira Gov. John Kasichs bud...,Wuxuu sheegay in ay jiraan doollar federaali ah oo ka badan qorshaha miisaaniyadda Gov. John Kasichs marka loo eego miisaaniyaddii hore ee gobolka.,0
1106,"Mashruuca Buffalos SolarCity, Andrew Cuomo wuxuu abuuri doonaa laga yaabee ...","Mashruuca Buffalos SolarCity, Andrew Cuomo wuxuu abuuri doonaa laga yaabee 500 shaqo haddii ay weligeed dhacdo, qiyaastii $1.5 milyan shaqa kasta.",0
1107,Muwaadiniin Jarmal ah ayaa dawladoodii hub ka dhigis ku samaysay dhamaadkii...,"Muwaadiniinta Jarmalku waxa hub ka dhigis ku sameeyay dawladoodii dabayaaqadii 1930-meeyadii, taas oo u ogolaatay Naasiyiintii in ay fuliyaan ujeedooyinkooda xun iyaga oo iska caabin yar leh.",0
1108,"Si qarsoodi ah, iyadoo aan la ogeyn xubnaha Congress-ka, in ka badan $105 biil...","Si qarsoodi ah, iyadoo aan la ogeyn xubnaha Congress-ka, in ka badan 105 bilyan ayaa lagu qariyay sharciga Obamacare.",0
1109,(Madaxweyne Barack Obama) ayaa sheegay in shaqo la’aantu aysan waligeed g...,(Madaxweyne Barack Obama) wuxuu sheegay in shaqo la'aantu aysan weligeed dhaafi doonin 8 boqolkiiba haddii aan gudbino qorshaha kicinta.,0
1110,Saddex meelood labo ka mid ah dadka ku nool Wisconsin ayaa si adag uga soo horjeeda...,Saddex meelood laba meel dadka Wisconsin ayaa si adag uga soo horjeeda fikradan ah in si joogto ah looga qaado xuquuqda dadka ee gorgortanka wadajirka ah.,0
1111,Waxa uu sheegay in Madaxweyne Barack Obama uu ballan qaaday inuu la shaqeyn doono...,"Waxa uu sheegay in iyada oo Madaxweyne Barack Obama uu ballan qaaday in uu la shaqayn doono loo-shaqeeyahaaga si uu hoos ugu dhigo khidmadahaaga $2,500 qoyskiiba sannadkii, sharcigiisa daryeelka caafimaadku waxa uu kor u qaadayaa khidmadaha suuqa gaarka ah $2,100 qoyskiiba.",0
1112,Waxa uu yidhi Donald Trump waxa uu taageersan yahay ajande halkaas ka jira oo ah in si gaar loo leeyahay...,Waxa uu yidhi Donald Trump waxa uu taageerayaa ajande halkaa ka jira si gaar looga dhigo nidaamka daryeelka caafimaadka ee Arrimaha Veterans.,0
1113,Wuxuu yiri xildhibaanka Miami Carlos Curbelo wuxuu taageersan yahay qodista qodista...,Waxa uu yidhi xildhibaanka Miami Carlos Curbelo waxa uu taageersan yahay qodista xeebaha waxana uu si isdaba joog ah uga codeeyay awoodda madaxweyne Obama ee la dagaalanka wasakhowga iyo la dagaalanka isbedelka cimilada.,0
1114,Wuxuu sheegay in eedeymaha ah inuu sameeyay galmo aan loo baahnayn oo ku saabsan ...,Waxa uu sheegay in eedeymaha ah in uu sameeyay galmo aan la rabin oo uu ku sameeyay haweeney ku xigeen shariif ah ay laba garsoore oo kala duwan ay ku heleen in aysan mudneyn.,0
1115,Way adag tahay in dadka Portland ku nool ay Haa ugu codeeyaan mea...,"Way adag tahay in dadka Portland ku nool ay Haa ugu codeeyaan cabbirada codbixinta, gaar ahaan marka ay jiraan mucaarad.",0
1116,Waxay tiri Cathy Jordan waa la xiray oo laga soo saaray gurigeeda b...,Waxay tiri Cathy Jordan ayaa la xiray oo ay ka soo saareen gurigeeda koox SWAT ah oo hooligan ah si ay u isticmaasho marijuana caafimaad.,0
1117,Miisaaniyadda Madaxweyne Barack Obama ayaa khatar ku ah amniga qaranka b...,Miisaaniyadda Madaxweyne Barack Obamas waxay khatar ku tahay amniga qaranka isagoo soo jeedinaya Ciidan ka kooban shaqaale ka yar kuwii aan haysanay ka hor Pearl Harbor.,0
1118,Waxaa jira kharashyo maamul oo sarreeya marka aad ku deeqdo Haiti...,Waxaa jira kharashyo maamul oo sarreeya marka aad ku deeqdo gargaarka Haiti iyada oo loo marayo Mareegta Aqalka Cad.,0
1119,"Inkasta oo ay ka soo horjeesteen naadiga qaranka ee kobaca, naadiga G...","In kasta oo ay ka soo horjeedaan Naadiga kobaca qaranka, Naadiga Kobaca Wisconsin ayaa u ansixiyay Senetka Mareykanka.",0
1120,Muwaadiniin Jarmal ah ayaa dawladoodii hub ka dhigis ku samaysay dhamaadkii...,"Muwaadiniinta Jarmalku waxa hub ka dhigis ku sameeyay dawladoodii dabayaaqadii 1930-meeyadii, taas oo u ogolaatay Naasiyiintii in ay fuliyaan ujeedooyinkooda xun iyaga oo iska caabin yar leh.",0
1121,Wuxuu sheegay in qaraarka Senate-ka uu soo celin doono $140 bishiiba...,Wuxuu sheegay in qaraarka Senate-ka uu soo celin doono $140 lacagihii kaalmada guud ee bishii iyo ka hortagga dadka inay dambi galaan.,0
1122,Haddii aad iibiso gurigaaga wixii ka dambeeya 2012 waxaad bixin doontaa boqolkiiba 3.8...,Haddii aad iibiso gurigaaga wixii ka dambeeya 2012 waxaad ka bixin doontaa boqolkiiba 3.8 canshuurta iibka.,0
1123,Waxa uu sheegay in Madaxweyne Barack Obama uu ballan qaaday inuu la shaqeyn doono...,"Waxa uu sheegay in iyada oo Madaxweyne Barack Obama uu ballan qaaday in uu la shaqayn doono loo-shaqeeyahaaga si uu hoos ugu dhigo khidmadahaaga $2,500 qoyskiiba sannadkii, sharcigiisa daryeelka caafimaadku waxa uu kor u qaadayaa khidmadaha suuqa gaarka ah $2,100 qoyskiiba.",0
1124,Waxa uu sheegay in Romney uu maalgashaday shirkad alaab ka samaysa Shiinaha oo...,Waxa uu yidhi Romney waxa uu maalgashaday shirkad alaabo ka samaynaysa Shiinaha oo laga samayn lahaa halkan America.,0
1125,Shirkadda ay dawladdu kiraysanayso ee qiimaynaysa ardayda ay dawladdu u xilsaartay...,Shirkadda ay dawladdu kiraysanayso ee qiimeeya imtixaannada ardayda ee gobolku waajibiyay waxay ku baxaysaa Craigslist si ay u hesho imtaxaanayaal si ay u akhriyaan qoraallada ardaydeenna.,0
1126,"Keystone XL wuxuu u oggolaanayaa Kanada inay soo saarto saliiddooda, u dirto iyada oo loo marayo ...","Keystone XL wuxuu u oggolaanayaa Kanada inay soo saarto shidaalkooda, u dirto dhulkeena, ilaa Khaliijka, halkaas oo laga iibin doono meel kasta oo kale.",0
1127,Codbixinta ayaa muujineysa in Floridians aysan dooneynin inay baabi'iyaan lacagta la awoodi karo…,Ra'yi ururintu waxay muujinayaan in Floridians aysan rabin inay tirtiraan Sharciga Daryeelka La awoodi karo.,0
1128,Wuxuu yiri tababaraha kubbadda cagta Rex Ryan wuxuu ku guuleystay horyaalada ...,"Waxa uu yidhi tababaraha kubada cagta ee xirfada leh Rex Ryan ayaa ku guulaystay horyaalada New York. AFC, waxaan filayaa, laba jeer.",0
1129,(Madaxweyne Barack Obama) ayaa sheegay in shaqo la’aantu aysan waligeed g...,(Madaxweyne Barack Obama) wuxuu sheegay in shaqo la'aantu aysan weligeed dhaafi doonin 8 boqolkiiba haddii aan gudbino qorshaha kicinta.,0
1130,Ayaa sheegay in Adeegga Boostada Maraykanku aanay qaadan wax gargaar cashuur bixiye ah tan iyo markii...,"Waxa uu leeyahay Adeegga Boostada Maraykanku ma qaadin wax gargaar cashuur bixiye ah ilaa 1971, waxa ay maalgelisaa hawlaha gabi ahaan iibinta stamps iyo alaabta la xidhiidha oo waxa ay samaysaa faa'iido hawl gal sanadba sanadka ka dambeeya.",0
1131,Pentagon-ka ayaa ka dhigtay geesinimada tan iyo markii la shaaciyay ee POW Jessi ...,Pentagon-ka ayaa ka dhigtay geesinimada tan iyo markii la shaaciyay ee POW Jessica Lynch iyada oo isku dayday in ay ka fogaato qabashada Ciraaq.,0
1132,Bal eeg waxa uu agaasimaha FBI-da ka yidhi iyada (Hillary C...,Bal u fiirso waxa uu agaasimaha FBI-da ka yidhi (Hillary Clinton) dhaqan-xumada ay samaysay waa ceeb iyo ceeb dalkeena.,0
1133,Maxay ahaayeen hoos u dhacii sanadlaha ahaa ee Jamhuuriga hadda...,Maxay ahaayeen khasaare sanadeedkii hore ee Jamhuuriyiinta ayaa hadda noqday hoos u dhacyada billaha ah ee hoos yimaada Dimuqraadiyiinta.,0
1134,"Qaar ka mid ah kulliyadaha, oo ay ku jiraan AM, ayaa horey u dammaanad qaaday ...","Qaar ka mid ah kulliyadaha, oo ay ku jirto AM, ayaa horey u dammaanad qaaday inaysan kordhin doonin waxbarashadooda.",0
1135,Xirmada dhiirigelinta waxaa ku jira sharci ka soo horjeeda Masiixi...,"Xirmada dhiirigelinta waxaa ku jira sharci lid ku ah Masiixiyiinta kaas oo joojin doona kaniisadaha inay u isticmaalaan dugsiyada dadweynaha kulannada axada, iyo sidoo kale Boy Scouts iyo kooxaha ardada barta Kitaabka Quduuska ah.",0
1136,Waxaa jira kharashyo maamul oo sarreeya marka aad ku deeqdo Haiti...,Waxaa jira kharashyo maamul oo sarreeya marka aad ku deeqdo gargaarka Haiti iyada oo loo marayo Mareegta Aqalka Cad.,0
1137,Musharaxa senate-ka Mareykanka Jack Kingston waxa uu ku qarash gareeyay doollarkayaga canshuurta...,Musharaxa senate-ka ee Maraykanka Jack Kingston waxa uu doollarkayaga cashuurta ku kharash gareeyey kumanyaal calaamado wasakh ah.,0
1138,"Xiligii Madaxweyne Barack Obama, 8.3 (milyan) oo Maraykan ah ayaa ka yar ...","Xilligii Madaxweyne Barack Obama, 8.3 (milyan) oo Maraykan ah ayaa shaqeeya maanta in ka yar sidii ay ahaayeen afar sano ka hor.",0
1139,Haddii aad iibiso gurigaaga wixii ka dambeeya 2012 waxaad bixin doontaa boqolkiiba 3.8...,Haddii aad iibiso gurigaaga wixii ka dambeeya 2012 waxaad ka bixin doontaa boqolkiiba 3.8 canshuurta iibka.,0
1140,Waxaan ka mid ahaa kuwii ugu horreeyay ee dhaleeceeya ku degdegista dagaalka (Ir...,"Waxaan ka mid ahaa kuwii ugu horreeyay ee dhaleeceeya degdegga ah ee dagaalka (Ciraaq), iyo haa, xitaa ka hor inta uusan dagaalku bilaaban.",0
1141,Wuxuu sheegay in uu ku guuleystay codka shacabka haddii aad ka jarto malaayiinta p...,Waxa uu sheegay in uu ku guulaystay codka shacabka haddii aad ka jarto malaayiinta qof ee sida sharci darrada ah u codeeyay.,0
1142,Wuxuu yiri Ron Johnson run ahaantii waxba ma uusan qaban si uu ula dagaallamo geesiga ...,Wuxuu yidhi Ron Johnson run ahaantii waxba ma uu samayn si uu ula dagaallamo balwadda heroin-ka iyo xad-gudubka opioid.,0
1143,Codbixinta ayaa muujineysa in Floridians aysan dooneynin inay baabi'iyaan lacagta la awoodi karo…,Ra'yi ururintu waxay muujinayaan in Floridians aysan rabin inay tirtiraan Sharciga Daryeelka La awoodi karo.,0
1144,Waajibaadka daryeelka caafimaadku wuxuu u baahan doonaa xadhig iyo ganaax...,Waajibaadka daryeelka caafimaadku waxay u baahan doontaa xadhig iyo ganaax lacageed dadka Maraykanka ah ee aan awoodin inay iibsadaan caymis ama bixiyaan ganaaxyo culus oo dawladeed.,0
1145,Waxa uu yidhi Madaxweyne Obama waxa uu afduubay biilka beeraha (oo) waxa uu u rogay i...,Waxa uu yidhi Madaxweyne Obama waxa uu afduubay biilka beeraha (oo) waxa uu ka dhigay biilka cuntada.,0
1146,"Barack Obama ""wuxuu doonayaa in dowladda ay la wareegto daryeelka caafimaadka,...","Barack Obama ""wuxuu rabaa in dowladdu ay la wareegto daryeelka caafimaadka, ku bixiso boqolaal bilyan oo doolar oo lacag cusub ah caymiska caafimaadka qof walba.""",0
1147,Waxay leedahay warbaahintu waxay abuurtay ereyga polar vortex iyo qabow ai...,Waxay leedahay warbaahintu waxay abuurtay ereyga polar vortex hawada qabowna waxay caddaynaysaa in barafku aanu dhalaalinayn.,0
1148,"Mashruuca Buffalos SolarCity, Andrew Cuomo wuxuu abuuri doonaa laga yaabee ...","Mashruuca Buffalos SolarCity, Andrew Cuomo wuxuu abuuri doonaa laga yaabee 500 shaqo haddii ay weligeed dhacdo, qiyaastii $1.5 milyan shaqa kasta.",0
1149,Shirkadda ay dawladdu kiraysanayso ee qiimaynaysa ardayda ay dawladdu u xilsaartay...,Shirkadda ay dawladdu kiraysanayso ee qiimeeya imtixaannada ardayda ee gobolku waajibiyay waxay ku baxaysaa Craigslist si ay u hesho imtaxaanayaal si ay u akhriyaan qoraallada ardaydeenna.,0
1150,Wuxuu yiri tababaraha kubbadda cagta Rex Ryan wuxuu ku guuleystay horyaalada ...,"Waxa uu yidhi tababaraha kubada cagta ee xirfada leh Rex Ryan ayaa ku guulaystay horyaalada New York. AFC, waxaan filayaa, laba jeer.",0
1151,Wuxuu sheegay in dib u habeynta daryeelka caafimaadka qaranka ay tahay mid ay dowladdu la wareegtay...,Waxa uu leeyahay dib u habaynta daryeelka caafimaadka qaranka waa la wareegida dawladda ee daryeelka caafimaadka.,0
1152,"Hadda, Golaha Wakiilada, waxaan leenahay 40 kala duwan oo j...","Hadda, Golaha Wakiillada, waxaanu haynaa 40 xeer oo kala duwan oo shaqo ah oo la ansixiyay oo ku dhawaad ​​dhamaantood ahaayeen laba xisbi.",0
1153,"Hadda, Golaha Wakiilada, waxaan leenahay 40 kala duwan oo j...","Hadda, Golaha Wakiillada, waxaanu haynaa 40 xeer oo kala duwan oo shaqo ah oo la ansixiyay oo ku dhawaad ​​dhamaantood ahaayeen laba xisbi.",0
1154,"Hadda, Golaha Wakiilada, waxaan leenahay 40 kala duwan oo j...","Hadda, Golaha Wakiillada, waxaanu haynaa 40 xeer oo kala duwan oo shaqo ah oo la ansixiyay oo ku dhawaad ​​dhamaantood ahaayeen laba xisbi.",0
1155,Guddiga dib u soo celinta dhaqangelinta ee gobolka ee dhawaan la sameeyay...,"Guddiga dib u eegista dhaqangelinta socdaalka ee gobolka ee dhawaan la sameeyay ayaa dhab ahaantii dacwayn kara, oo ku ridi kara [xukun] xabsiga, haddii aanu keenno xeer ilaaliyaha guud.",0
1156,Codbixinta ayaa muujineysa in Floridians aysan dooneynin inay baabi'iyaan lacagta la awoodi karo…,Ra'yi ururintu waxay muujinayaan in Floridians aysan rabin inay tirtiraan Sharciga Daryeelka La awoodi karo.,0
1157,Wuxuu yiri tababaraha kubbadda cagta Rex Ryan wuxuu ku guuleystay horyaalada ...,"Waxa uu yidhi tababaraha kubada cagta ee xirfada leh Rex Ryan ayaa ku guulaystay horyaalada New York. AFC, waxaan filayaa, laba jeer.",0
1158,Xildhibaanada Aqalka Sare ayaa meel mariyay mushaar kordhin dhan $10...,"Xubnaha Congress-ka waxay ku ansixiyeen mushaar kordhin dhan $10,000 muddo laba sano ah xitaa iyagoo u codeeyay inaanan kor loo qaadin macaashka Lambarka Bulshada 2010 iyo 2011.",0
1159,"Inkasta oo ay ka soo horjeesteen naadiga qaranka ee kobaca, naadiga G...","In kasta oo ay ka soo horjeedaan Naadiga kobaca qaranka, Naadiga Kobaca Wisconsin ayaa u ansixiyay Senetka Mareykanka.",0
1160,Walaalaha Koch keligood waxay siiyeen lacag laba jibaar ka badan Scott Wa...,Walaalaha Koch keligood waxay siiyeen laba laab lacag ka badan Scott Walker wadarta guud ee lacagta uu soo ururiyay Tom Barrett.,0
1161,Waxaa jira kharashyo maamul oo sarreeya marka aad ku deeqdo Haiti...,Waxaa jira kharashyo maamul oo sarreeya marka aad ku deeqdo gargaarka Haiti iyada oo loo marayo Mareegta Aqalka Cad.,0
1162,Sagaal boqol oo qof ayaa shaqada laga eryay tan iyo markii aan xoghayaha noqday...,Sagaal boqol oo qof ayaa shaqada laga eryay tan iyo markii aan xoghaye ka noqday (Arimaha Veterans). Waxa aanu helnay 60 qof oo aanu shaqada ka ceyrinay kuwaas oo wakhtiyada sugitaan wax-ka-qabtay.,0
1163,Wuxuu yiri tababaraha kubbadda cagta Rex Ryan wuxuu ku guuleystay horyaalada ...,"Waxa uu yidhi tababaraha kubada cagta ee xirfada leh Rex Ryan ayaa ku guulaystay horyaalada New York. AFC, waxaan filayaa, laba jeer.",0
1164,Waxa uu yidhi Donald Trump waxa uu taageersan yahay ajande halkaas ka jira oo ah in si gaar loo leeyahay...,Waxa uu yidhi Donald Trump waxa uu taageerayaa ajande halkaa ka jira si gaar looga dhigo nidaamka daryeelka caafimaadka ee Arrimaha Veterans.,0
1165,"Hadda, Golaha Wakiilada, waxaan leenahay 40 kala duwan oo j...","Hadda, Golaha Wakiillada, waxaanu haynaa 40 xeer oo kala duwan oo shaqo ah oo la ansixiyay oo ku dhawaad ​​dhamaantood ahaayeen laba xisbi.",0
1166,Waxay tiri Cathy Jordan waa la xiray oo laga soo saaray gurigeeda b...,Waxay tiri Cathy Jordan ayaa la xiray oo ay ka soo saareen gurigeeda koox SWAT ah oo hooligan ah si ay u isticmaasho marijuana caafimaad.,0
1167,Wuxuu sheegay in dib u habeynta daryeelka caafimaadka qaranka ay tahay mid ay dowladdu la wareegtay...,Waxa uu leeyahay dib u habaynta daryeelka caafimaadka qaranka waa la wareegida dawladda ee daryeelka caafimaadka.,0
1168,"Waxaan leenahay magaalooyin ku yaal Galbeedka Texas oo aan biyuhu lahayn, kuwaas oo ah ...","Waxaan leenahay magaalooyin ku yaal Galbeedka Texas oo ay ka maqan yihiin biyaha, kuwaas oo ay tahay in ay biyo ku dhaamiyaan.",0
1169,"In ka badan 100,000 oo haween ah oo ku nool Texas ayaa isku dayay in ay iskood isu soo dhisaan.","In ka badan 100,000 oo haween ah oo ku nool Texas ayaa isku dayay inay iskood iska soo xaaqaan sannadkii la soo dhaafay oo keliya.",0
1170,Hindise sharciyeedka gobolka ayaa soo afjari doona shuruudihii muddada dheer ee ahaa in deegaanka...,Hindise-sharciyeedka gobolku waxa uu soo afjarayaa shuruudii muddada dheer u baahnayd ee ah in dawladaha hoose ay dayactiraan waddooyinka waaweyn iyo laamiyada-- oo ay ka horjoogsadaan muwaadiniinta dhaawaca ah in ay dacweeyaan dayactirka la dayacay.,0
1171,Canshuuraha guryuhu hadda 18% way ka sarreeyaan markii (Mark Sharpe) kow...,Canshuuraha guryuhu hadda 18% way ka sarreeyaan markii (Mark Sharpe) markii ugu horreysay ee uu xafiiska la wareegay.,0
1172,Madaxweyne Obama ayaa sheegay in shaqo la’aanta ay ka hooseyso 8...,Waxa uu yidhi Madaxweyne Obama waxa uu ballan qaaday in shaqo la'aanta ay ka hoosayso 8 boqolkiiba haddii kicinta la dhaafo.,0
1173,Wuxuu sheegay in qaraarka Senate-ka uu soo celin doono $140 bishiiba...,Wuxuu sheegay in qaraarka Senate-ka uu soo celin doono $140 lacagihii kaalmada guud ee bishii iyo ka hortagga dadka inay dambi galaan.,0
1174,Way adag tahay in dadka Portland ku nool ay Haa ugu codeeyaan mea...,"Way adag tahay in dadka Portland ku nool ay Haa ugu codeeyaan cabbirada codbixinta, gaar ahaan marka ay jiraan mucaarad.",0
1175,Wuxuu sheegay in uu ku guuleystay codka shacabka haddii aad ka jarto malaayiinta p...,Waxa uu sheegay in uu ku guulaystay codka shacabka haddii aad ka jarto malaayiinta qof ee sida sharci darrada ah u codeeyay.,0
1176,"In ka badan 100,000 oo haween ah oo ku nool Texas ayaa isku dayay in ay iskood isu soo dhisaan.","In ka badan 100,000 oo haween ah oo ku nool Texas ayaa isku dayay inay iskood iska soo xaaqaan sannadkii la soo dhaafay oo keliya.",0
1177,Nidaamka xogta ee la socda Common Core waxaa loo qaabeeyey t...,"Nidaamka xogta ee la socda Core Common waxaa loogu talagalay in lagu ururiyo ilaa 400 dhibcood ilmo kasta, taas oo ay ku jiri karto xogta shakhsi ahaan lagu aqoonsan karo.",0
1178,Xirmada dhiirigelinta waxaa ku jira sharci ka soo horjeeda Masiixi...,"Xirmada dhiirigelinta waxaa ku jira sharci lid ku ah Masiixiyiinta kaas oo joojin doona kaniisadaha inay u isticmaalaan dugsiyada dadweynaha kulannada axada, iyo sidoo kale Boy Scouts iyo kooxaha ardada barta Kitaabka Quduuska ah.",0
1179,Saddex meelood labo ka mid ah dadka ku nool Wisconsin ayaa si adag uga soo horjeeda...,Saddex meelood laba meel dadka Wisconsin ayaa si adag uga soo horjeeda fikradan ah in si joogto ah looga qaado xuquuqda dadka ee gorgortanka wadajirka ah.,0
1180,Wuxuu sheegay in qaraarka Senate-ka uu soo celin doono $140 bishiiba...,Wuxuu sheegay in qaraarka Senate-ka uu soo celin doono $140 lacagihii kaalmada guud ee bishii iyo ka hortagga dadka inay dambi galaan.,0
1181,"Barack Obama ""wuxuu doonayaa in dowladda ay la wareegto daryeelka caafimaadka,...","Barack Obama ""wuxuu rabaa in dowladdu ay la wareegto daryeelka caafimaadka, ku bixiso boqolaal bilyan oo doolar oo lacag cusub ah caymiska caafimaadka qof walba.""",0
1182,Wuxuu sheegay in qaraarka Senate-ka uu soo celin doono $140 bishiiba...,Wuxuu sheegay in qaraarka Senate-ka uu soo celin doono $140 lacagihii kaalmada guud ee bishii iyo ka hortagga dadka inay dambi galaan.,0
1183,Magaalada Pembroke Pines ayaan wax cod ah ku lahayn qorshe lagu b...,Magaalada Pembroke Pines ayaan wax cod ah ku lahayn qorshaha lagu dhisayo xarun dadka lagu hayo ee Koonfur Galbeed Ranches.,0
1184,Wuxuu sheegay in qaraarka Senate-ka uu soo celin doono $140 bishiiba...,Wuxuu sheegay in qaraarka Senate-ka uu soo celin doono $140 lacagihii kaalmada guud ee bishii iyo ka hortagga dadka inay dambi galaan.,0
1185,"Keystone XL wuxuu u oggolaanayaa Kanada inay soo saarto saliiddooda, u dirto iyada oo loo marayo ...","Keystone XL wuxuu u oggolaanayaa Kanada inay soo saarto shidaalkooda, u dirto dhulkeena, ilaa Khaliijka, halkaas oo laga iibin doono meel kasta oo kale.",0
1186,Qofka iga soo waxa uu ballan qaadayaa in uu soo celin doono shaqada hore isaga oo raba in uu iska tago...,Qofka iga soo horjeeda wuxuu ballan qaadayaa inuu soo celin doono shaqooyin hore isagoo u rajeeyay dhaqaalaha adduunka.,0
1187,Waxay tiri Cathy Jordan waa la xiray oo laga soo saaray gurigeeda b...,Waxay tiri Cathy Jordan ayaa la xiray oo ay ka soo saareen gurigeeda koox SWAT ah oo hooligan ah si ay u isticmaasho marijuana caafimaad.,0
1188,Ku dhawaad ​​800 oo qof ayaa diiday in laga baaro daroogada sababtoo ah...,Qiyaastii 800 oo qof ayaa diiday in la sameeyo baaris daroogo sababtoo ah waxay u joogaan mukhaadaraad.,0
1189,Muwaadiniin Jarmal ah ayaa dawladoodii hub ka dhigis ku samaysay dhamaadkii...,"Muwaadiniinta Jarmalku waxa hub ka dhigis ku sameeyay dawladoodii dabayaaqadii 1930-meeyadii, taas oo u ogolaatay Naasiyiintii in ay fuliyaan ujeedooyinkooda xun iyaga oo iska caabin yar leh.",0
1190,Waxay qaadataa tamar aad u badan si loo sameeyo panel cadceedda sida ay u badan tahay g...,Waxay qaadataa tamar aad u badan si loo sameeyo alwaax qoraxda sida ay u badan tahay inay soo saarto nolosheeda oo dhan.,0
1191,Wuxuu sheegay in uu ku guuleystay codka shacabka haddii aad ka jarto malaayiinta p...,Waxa uu sheegay in uu ku guulaystay codka shacabka haddii aad ka jarto malaayiinta qof ee sida sharci darrada ah u codeeyay.,0
1192,Ciidamada badda ayaa dacwad ku soo oogaya sarkaal ka tirsan ciidamada badda oo toogtay...,Ciidanka badda ayaa dacwad ku soo oogaya sarkaal ka tirsan ciidamada badda oo toogtay toogashadii Chattanooga ka dib markii uu si sharci darro ah hub ugu furay hanti federaal ah.,0
1193,Ayaa sheegay in Adeegga Boostada Maraykanku aanay qaadan wax gargaar cashuur bixiye ah tan iyo markii...,"Waxa uu leeyahay Adeegga Boostada Maraykanku ma qaadin wax gargaar cashuur bixiye ah ilaa 1971, waxa ay maalgelisaa hawlaha gabi ahaan iibinta stamps iyo alaabta la xidhiidha oo waxa ay samaysaa faa'iido hawl gal sanadba sanadka ka dambeeya.",0
1194,Walaalaha Koch keligood waxay siiyeen lacag laba jibaar ka badan Scott Wa...,Walaalaha Koch keligood waxay siiyeen laba laab lacag ka badan Scott Walker wadarta guud ee lacagta uu soo ururiyay Tom Barrett.,0
1195,Marka kaliya ee shaqada dawladdu hoos u dhacday intii lagu jiray...,Marka kaliya ee shaqaalaynta dawladdu hoos u dhacday inta lagu jiro dhaqaale-xumada ayaa aniga hoos ii dhacday.,0
1196,Ku dhawaad ​​800 oo qof ayaa diiday in laga baaro daroogada sababtoo ah...,Qiyaastii 800 oo qof ayaa diiday in la sameeyo baaris daroogo sababtoo ah waxay u joogaan mukhaadaraad.,0
1197,"27-kii bilood ee la soo dhaafay, Madaxweyne Barack Obama waxa uu abuuray...","27-kii bilood ee la soo dhaafay, Madaxweyne Barack Obama waxa uu abuuray shaqooyin ka badan kuwa gaarka loo leeyahay marka loo eego soo kabashada Reagan.",0
1198,Canshuuraha guryuhu hadda 18% way ka sarreeyaan markii (Mark Sharpe) kow...,Canshuuraha guryuhu hadda 18% way ka sarreeyaan markii (Mark Sharpe) markii ugu horreysay ee uu xafiiska la wareegay.,0
1199,Nidaamka xogta ee la socda Common Core waxaa loo qaabeeyey t...,"Nidaamka xogta ee la socda Core Common waxaa loogu talagalay in lagu ururiyo ilaa 400 dhibcood ilmo kasta, taas oo ay ku jiri karto xogta shakhsi ahaan lagu aqoonsan karo.",0
1200,"Hadda, Golaha Wakiilada, waxaan leenahay 40 kala duwan oo j...","Hadda, Golaha Wakiillada, waxaanu haynaa 40 xeer oo kala duwan oo shaqo ah oo la ansixiyay oo ku dhawaad ​​dhamaantood ahaayeen laba xisbi.",0
1201,"Waxa uu sheegay in uu ahaa saldhigga gobolka Utah, uu markii la shaqeeyay s ...","Wuxuu sheegay in markii uu ahaa guddoomiyaha Utah, uu la shaqeeyay Sharci-dejinta gobolka si loo abuuro canshuur siman oo dhimaysa canshuurta dakhliga boqolkiiba 30.",0
1202,Guddiga dib u soo celinta dhaqangelinta ee gobolka ee dhawaan la sameeyay...,"Guddiga dib u eegista dhaqangelinta socdaalka ee gobolka ee dhawaan la sameeyay ayaa dhab ahaantii dacwayn kara, oo ku ridi kara [xukun] xabsiga, haddii aanu keenno xeer ilaaliyaha guud.",0
1203,"Xiligii Madaxweyne Barack Obama, 8.3 (milyan) oo Maraykan ah ayaa ka yar ...","Xilligii Madaxweyne Barack Obama, 8.3 (milyan) oo Maraykan ah ayaa shaqeeya maanta in ka yar sidii ay ahaayeen afar sano ka hor.",0
1204,Ciidamada badda ayaa dacwad ku soo oogaya sarkaal ka tirsan ciidamada badda oo toogtay...,Ciidanka badda ayaa dacwad ku soo oogaya sarkaal ka tirsan ciidamada badda oo toogtay toogashadii Chattanooga ka dib markii uu si sharci darro ah hub ugu furay hanti federaal ah.,0
1205,Haddii aad iibiso gurigaaga wixii ka dambeeya 2012 waxaad bixin doontaa boqolkiiba 3.8...,Haddii aad iibiso gurigaaga wixii ka dambeeya 2012 waxaad ka bixin doontaa boqolkiiba 3.8 canshuurta iibka.,0
1206,Ayaa sheegtay in dowladda federaalku ay amar ku bixisay in dadka aan galmoodka ahayn (sic) iyo h...,Ayaa sheegtay in dawladda federaalku ay amar ku bixinayso dadka aan isu galmoodin (sic) iyo khaniisiinta inay carruurta ku qabsanayaan aagagga khatarta ah ee shisheeyaha iyagoo adeegsanaya magaca ammaanka garoonka diyaaradaha.,0
1207,Saraakiisha Medicare waxay ula dhaqmeen Humana iyo AARP si aan is waafaqsanayn,Saraakiisha Medicare waxay ula dhaqmeen Humana iyo AARP si aan joogto ahayn sida ay ula xiriiri karaan waayeelka.,0
1208,Miisaaniyadda Madaxweyne Barack Obama ayaa khatar ku ah amniga qaranka b...,Miisaaniyadda Madaxweyne Barack Obamas waxay khatar ku tahay amniga qaranka isagoo soo jeedinaya Ciidan ka kooban shaqaale ka yar kuwii aan haysanay ka hor Pearl Harbor.,0
1209,"In ka badan 100,000 oo haween ah oo ku nool Texas ayaa isku dayay in ay iskood isu soo dhisaan.","In ka badan 100,000 oo haween ah oo ku nool Texas ayaa isku dayay inay iskood iska soo xaaqaan sannadkii la soo dhaafay oo keliya.",0
1210,Haddii aad iibiso gurigaaga wixii ka dambeeya 2012 waxaad bixin doontaa boqolkiiba 3.8...,Haddii aad iibiso gurigaaga wixii ka dambeeya 2012 waxaad ka bixin doontaa boqolkiiba 3.8 canshuurta iibka.,0
1211,Saddex meelood labo ka mid ah dadka ku nool Wisconsin ayaa si adag uga soo horjeeda...,Saddex meelood laba meel dadka Wisconsin ayaa si adag uga soo horjeeda fikradan ah in si joogto ah looga qaado xuquuqda dadka ee gorgortanka wadajirka ah.,0
1212,Sagaal boqol oo qof ayaa shaqada laga eryay tan iyo markii aan xoghayaha noqday...,Sagaal boqol oo qof ayaa shaqada laga eryay tan iyo markii aan xoghaye ka noqday (Arimaha Veterans). Waxa aanu helnay 60 qof oo aanu shaqada ka ceyrinay kuwaas oo wakhtiyada sugitaan wax-ka-qabtay.,0
1213,Madaxweyne Obama ayaa sheegay in shaqo la’aanta ay ka hooseyso 8...,Waxa uu yidhi Madaxweyne Obama waxa uu ballan qaaday in shaqo la'aanta ay ka hoosayso 8 boqolkiiba haddii kicinta la dhaafo.,0
1214,Haddii Madaxweyne Obama saxiixo daawaynta isbedelka cimilada ee Copenhagen...,"Haddii madaxweyne Obama uu saxiixo heshiiska isbeddelka cimilada ee Copenhagen, wuxuu ""sixiixi doonaa xorriyaddaada, dimoqraadiyaddaada, iyo barwaaqadaada weligiin, adiga iyo dawlad kasta oo ku xigta oo aad dooran karto ma lahaan doonto wax awood ah si ay dib ugu soo celiso.""",0
1215,Sagaal boqol oo qof ayaa shaqada laga eryay tan iyo markii aan xoghayaha noqday...,Sagaal boqol oo qof ayaa shaqada laga eryay tan iyo markii aan xoghaye ka noqday (Arimaha Veterans). Waxa aanu helnay 60 qof oo aanu shaqada ka ceyrinay kuwaas oo wakhtiyada sugitaan wax-ka-qabtay.,0
1216,Waxaa jira kharashyo maamul oo sarreeya marka aad ku deeqdo Haiti...,Waxaa jira kharashyo maamul oo sarreeya marka aad ku deeqdo gargaarka Haiti iyada oo loo marayo Mareegta Aqalka Cad.,0
1217,Codbixinta ayaa muujineysa in Floridians aysan dooneynin inay baabi'iyaan lacagta la awoodi karo…,Ra'yi ururintu waxay muujinayaan in Floridians aysan rabin inay tirtiraan Sharciga Daryeelka La awoodi karo.,0
1218,Shirkadda ay dawladdu kiraysanayso ee qiimaynaysa ardayda ay dawladdu u xilsaartay...,Shirkadda ay dawladdu kiraysanayso ee qiimeeya imtixaannada ardayda ee gobolku waajibiyay waxay ku baxaysaa Craigslist si ay u hesho imtaxaanayaal si ay u akhriyaan qoraallada ardaydeenna.,0
1219,Wuxuu yiri Ron Johnson run ahaantii waxba ma uusan qaban si uu ula dagaallamo geesiga ...,Wuxuu yidhi Ron Johnson run ahaantii waxba ma uu samayn si uu ula dagaallamo balwadda heroin-ka iyo xad-gudubka opioid.,0
1220,Canshuuraha guryuhu hadda 18% way ka sarreeyaan markii (Mark Sharpe) kow...,Canshuuraha guryuhu hadda 18% way ka sarreeyaan markii (Mark Sharpe) markii ugu horreysay ee uu xafiiska la wareegay.,0
1221,"Hadda, Golaha Wakiilada, waxaan leenahay 40 kala duwan oo j...","Hadda, Golaha Wakiillada, waxaanu haynaa 40 xeer oo kala duwan oo shaqo ah oo la ansixiyay oo ku dhawaad ​​dhamaantood ahaayeen laba xisbi.",0
1222,Wendy Davis waxay kaliya ku samaynaysay lacag ururin Chicago,Wendy Davis waxa ay Chicago ka samaynaysay dhaqaale ururin iyada oo la kaashanaysa ururka hantiwadaaga caalamiga ah.,0
1223,"Xiligii Madaxweyne Barack Obama, 8.3 (milyan) oo Maraykan ah ayaa ka yar ...","Xilligii Madaxweyne Barack Obama, 8.3 (milyan) oo Maraykan ah ayaa shaqeeya maanta in ka yar sidii ay ahaayeen afar sano ka hor.",0
1224,Hindise sharciyeedka gobolka ayaa soo afjari doona shuruudihii muddada dheer ee ahaa in deegaanka...,Hindise-sharciyeedka gobolku waxa uu soo afjarayaa shuruudii muddada dheer u baahnayd ee ah in dawladaha hoose ay dayactiraan waddooyinka waaweyn iyo laamiyada-- oo ay ka horjoogsadaan muwaadiniinta dhaawaca ah in ay dacweeyaan dayactirka la dayacay.,0
1225,"Wuxuu yidhi Mitt Romney wuxuu taageeray sharcia dhammaan ilmo iska soo rididda, e...","Wuxuu yidhi Mitt Romney wuxuu taageeray sharci mamnuucaya dhammaan ilmo iska soo rididda, xitaa kiisaska kufsiga iyo jinsiga.",0
1226,"McCain ""wuxuu u codeeyay inuu dhimo maalgelinta waxbarashada, isagoo ka soo horjeeda la xisaabtanka","McCain ""wuxuu u codeeyay inuu dhimo maalgelinta waxbarashada, isagoo ka soo horjeeda heerarka isla xisaabtanka. Wuxuu xitaa soo jeediyay in la baabi'iyo Waaxda Waxbarashada.""",0
1227,Adigoo isticmaalaya daldaloolo yar oo la yaqaan ... Minions Obama waa la oggol yahay ...,Adigoo isticmaalaya daldaloolo yar oo la yaqaan ... Minions Obama waxay u oggolaanayaan Shirkadda Nestle inay ka dhoofiso biyaha macaan ee qaaliga ah harada Michigan.,0
1228,Waxay tiri Cathy Jordan waa la xiray oo laga soo saaray gurigeeda b...,Waxay tiri Cathy Jordan ayaa la xiray oo ay ka soo saareen gurigeeda koox SWAT ah oo hooligan ah si ay u isticmaasho marijuana caafimaad.,0
1229,Waxaan bixinaa PhD-da sanad walba in ka badan jaamacad kale ee A...,Waxaan bixinaa PhDs ka badan sanad walba marka loo eego jaamacadaha kale ee Ameerika marka laga reebo Berkeley.,0
1230,Wuxuu yiri xildhibaanka Miami Carlos Curbelo wuxuu taageersan yahay qodista qodista...,Waxa uu yidhi xildhibaanka Miami Carlos Curbelo waxa uu taageersan yahay qodista xeebaha waxana uu si isdaba joog ah uga codeeyay awoodda madaxweyne Obama ee la dagaalanka wasakhowga iyo la dagaalanka isbedelka cimilada.,0
1231,Waajibaadka daryeelka caafimaadku wuxuu u baahan doonaa xadhig iyo ganaax...,Waajibaadka daryeelka caafimaadku waxay u baahan doontaa xadhig iyo ganaax lacageed dadka Maraykanka ah ee aan awoodin inay iibsadaan caymis ama bixiyaan ganaaxyo culus oo dawladeed.,0
1232,"Qaar ka mid ah kulliyadaha, oo ay ku jiraan AM, ayaa horey u dammaanad qaaday ...","Qaar ka mid ah kulliyadaha, oo ay ku jirto AM, ayaa horey u dammaanad qaaday inaysan kordhin doonin waxbarashadooda.",0
1233,Waxa uu yidhi Mike Dovilla waxa uu taageersan yahay qorshe u ogolaan kara ajaanib...,Wuxuu yiri Mike Dovilla wuxuu taageersan yahay qorshe u oggolaanaya shirkad ajnabi ah inay la wareegto Ohio Turnpike,0
1234,"Wuxuu yidhi Mitt Romney wuxuu taageeray sharcia dhammaan ilmo iska soo rididda, e...","Wuxuu yidhi Mitt Romney wuxuu taageeray sharci mamnuucaya dhammaan ilmo iska soo rididda, xitaa kiisaska kufsiga iyo jinsiga.",0
1235,"Barack Obama ""wuxuu doonayaa in dowladda ay la wareegto daryeelka caafimaadka,...","Barack Obama ""wuxuu rabaa in dowladdu ay la wareegto daryeelka caafimaadka, ku bixiso boqolaal bilyan oo doolar oo lacag cusub ah caymiska caafimaadka qof walba.""",0
1236,Adigoo isticmaalaya daldaloolo yar oo la yaqaan ... Minions Obama waa la oggol yahay ...,Adigoo isticmaalaya daldaloolo yar oo la yaqaan ... Minions Obama waxay u oggolaanayaan Shirkadda Nestle inay ka dhoofiso biyaha macaan ee qaaliga ah harada Michigan.,0
1237,"Barack Obama ""wuxuu doonayaa in dowladda ay la wareegto daryeelka caafimaadka,...","Barack Obama ""wuxuu rabaa in dowladdu ay la wareegto daryeelka caafimaadka, ku bixiso boqolaal bilyan oo doolar oo lacag cusub ah caymiska caafimaadka qof walba.""",0
1238,Wuxuu sheegay in uu ku guuleystay codka shacabka haddii aad ka jarto malaayiinta p...,Waxa uu sheegay in uu ku guulaystay codka shacabka haddii aad ka jarto malaayiinta qof ee sida sharci darrada ah u codeeyay.,0
1239,"Ohio, waxaan ku maal galinay caruurteena, anagoo kordhinayna maalgelinta iskuulka...","Ohio, waxaanu maal galinay caruurteena, anagoo ku kordhinay maalgelinta dugsiga 5.5 boqolkiiba miisaaniyadii u dambaysay.",0
1240,Adigoo isticmaalaya daldaloolo yar oo la yaqaan ... Minions Obama waa la oggol yahay ...,Adigoo isticmaalaya daldaloolo yar oo la yaqaan ... Minions Obama waxay u oggolaanayaan Shirkadda Nestle inay ka dhoofiso biyaha macaan ee qaaliga ah harada Michigan.,0
1241,Ayaa sheegtay in dowladda federaalku ay amar ku bixisay in dadka aan galmoodka ahayn (sic) iyo h...,Ayaa sheegtay in dawladda federaalku ay amar ku bixinayso dadka aan isu galmoodin (sic) iyo khaniisiinta inay carruurta ku qabsanayaan aagagga khatarta ah ee shisheeyaha iyagoo adeegsanaya magaca ammaanka garoonka diyaaradaha.,0
1242,Wendy Davis waxay kaliya ku samaynaysay lacag ururin Chicago,Wendy Davis waxa ay Chicago ka samaynaysay dhaqaale ururin iyada oo la kaashanaysa ururka hantiwadaaga caalamiga ah.,0
1243,Hindise sharciyeedka gobolka ayaa soo afjari doona shuruudihii muddada dheer ee ahaa in deegaanka...,Hindise-sharciyeedka gobolku waxa uu soo afjarayaa shuruudii muddada dheer u baahnayd ee ah in dawladaha hoose ay dayactiraan waddooyinka waaweyn iyo laamiyada-- oo ay ka horjoogsadaan muwaadiniinta dhaawaca ah in ay dacweeyaan dayactirka la dayacay.,0
1244,Codbixinta ayaa muujineysa in Floridians aysan dooneynin inay baabi'iyaan lacagta la awoodi karo…,Ra'yi ururintu waxay muujinayaan in Floridians aysan rabin inay tirtiraan Sharciga Daryeelka La awoodi karo.,0
1245,Haddii aad iibiso gurigaaga wixii ka dambeeya 2012 waxaad bixin doontaa boqolkiiba 3.8...,Haddii aad iibiso gurigaaga wixii ka dambeeya 2012 waxaad ka bixin doontaa boqolkiiba 3.8 canshuurta iibka.,0
1246,Haddii aad iibiso gurigaaga wixii ka dambeeya 2012 waxaad bixin doontaa boqolkiiba 3.8...,Haddii aad iibiso gurigaaga wixii ka dambeeya 2012 waxaad ka bixin doontaa boqolkiiba 3.8 canshuurta iibka.,0
1247,"Barack Obama ""wuxuu doonayaa in dowladda ay la wareegto daryeelka caafimaadka,...","Barack Obama ""wuxuu rabaa in dowladdu ay la wareegto daryeelka caafimaadka, ku bixiso boqolaal bilyan oo doolar oo lacag cusub ah caymiska caafimaadka qof walba.""",0
1248,Musharaxa senate-ka Mareykanka Jack Kingston waxa uu ku qarash gareeyay doollarkayaga canshuurta...,Musharaxa senate-ka ee Maraykanka Jack Kingston waxa uu doollarkayaga cashuurta ku kharash gareeyey kumanyaal calaamado wasakh ah.,0
1249,Shirkadda ay dawladdu kiraysanayso ee qiimaynaysa ardayda ay dawladdu u xilsaartay...,Shirkadda ay dawladdu kiraysanayso ee qiimeeya imtixaannada ardayda ee gobolku waajibiyay waxay ku baxaysaa Craigslist si ay u hesho imtaxaanayaal si ay u akhriyaan qoraallada ardaydeenna.,0
1250,Guddiga dib u soo celinta dhaqangelinta ee gobolka ee dhawaan la sameeyay...,"Guddiga dib u eegista dhaqangelinta socdaalka ee gobolka ee dhawaan la sameeyay ayaa dhab ahaantii dacwayn kara, oo ku ridi kara [xukun] xabsiga, haddii aanu keenno xeer ilaaliyaha guud.",0
1251,Wuxuu sheegay in qaraarka Senate-ka uu soo celin doono $140 bishiiba...,Wuxuu sheegay in qaraarka Senate-ka uu soo celin doono $140 lacagihii kaalmada guud ee bishii iyo ka hortagga dadka inay dambi galaan.,0
1252,Wuxuu yiri Ron Johnson run ahaantii waxba ma uusan qaban si uu ula dagaallamo geesiga ...,Wuxuu yidhi Ron Johnson run ahaantii waxba ma uu samayn si uu ula dagaallamo balwadda heroin-ka iyo xad-gudubka opioid.,0
1253,Saddex meelood labo ka mid ah dadka ku nool Wisconsin ayaa si adag uga soo horjeeda...,Saddex meelood laba meel dadka Wisconsin ayaa si adag uga soo horjeeda fikradan ah in si joogto ah looga qaado xuquuqda dadka ee gorgortanka wadajirka ah.,0
1254,"Mashruuca Buffalos SolarCity, Andrew Cuomo wuxuu abuuri doonaa laga yaabee ...","Mashruuca Buffalos SolarCity, Andrew Cuomo wuxuu abuuri doonaa laga yaabee 500 shaqo haddii ay weligeed dhacdo, qiyaastii $1.5 milyan shaqa kasta.",0
1255,Wuxuu sheegay in qaraarka Senate-ka uu soo celin doono $140 bishiiba...,Wuxuu sheegay in qaraarka Senate-ka uu soo celin doono $140 lacagihii kaalmada guud ee bishii iyo ka hortagga dadka inay dambi galaan.,0
1256,Xildhibaanada Aqalka Sare ayaa meel mariyay mushaar kordhin dhan $10...,"Xubnaha Congress-ka waxay ku ansixiyeen mushaar kordhin dhan $10,000 muddo laba sano ah xitaa iyagoo u codeeyay inaanan kor loo qaadin macaashka Lambarka Bulshada 2010 iyo 2011.",0
1257,Xirmada dhiirigelinta waxaa ku jira sharci ka soo horjeeda Masiixi...,"Xirmada dhiirigelinta waxaa ku jira sharci lid ku ah Masiixiyiinta kaas oo joojin doona kaniisadaha inay u isticmaalaan dugsiyada dadweynaha kulannada axada, iyo sidoo kale Boy Scouts iyo kooxaha ardada barta Kitaabka Quduuska ah.",0
1258,"Mashruuca Buffalos SolarCity, Andrew Cuomo wuxuu abuuri doonaa laga yaabee ...","Mashruuca Buffalos SolarCity, Andrew Cuomo wuxuu abuuri doonaa laga yaabee 500 shaqo haddii ay weligeed dhacdo, qiyaastii $1.5 milyan shaqa kasta.",0
1259,"Mashruuca Buffalos SolarCity, Andrew Cuomo wuxuu abuuri doonaa laga yaabee ...","Mashruuca Buffalos SolarCity, Andrew Cuomo wuxuu abuuri doonaa laga yaabee 500 shaqo haddii ay weligeed dhacdo, qiyaastii $1.5 milyan shaqa kasta.",0
1260,Canshuuraha guryuhu hadda 18% way ka sarreeyaan markii (Mark Sharpe) kow...,Canshuuraha guryuhu hadda 18% way ka sarreeyaan markii (Mark Sharpe) markii ugu horreysay ee uu xafiiska la wareegay.,0
1261,Wuxuu sheegay in uu ku guuleystay codka shacabka haddii aad ka jarto malaayiinta p...,Waxa uu sheegay in uu ku guulaystay codka shacabka haddii aad ka jarto malaayiinta qof ee sida sharci darrada ah u codeeyay.,0
1262,Codbixinta ayaa muujineysa in Floridians aysan dooneynin inay baabi'iyaan lacagta la awoodi karo…,Ra'yi ururintu waxay muujinayaan in Floridians aysan rabin inay tirtiraan Sharciga Daryeelka La awoodi karo.,0
1263,Way adag tahay in dadka Portland ku nool ay Haa ugu codeeyaan mea...,"Way adag tahay in dadka Portland ku nool ay Haa ugu codeeyaan cabbirada codbixinta, gaar ahaan marka ay jiraan mucaarad.",0
1264,Wuxuu sheegay in uu ku guuleystay codka shacabka haddii aad ka jarto malaayiinta p...,Waxa uu sheegay in uu ku guulaystay codka shacabka haddii aad ka jarto malaayiinta qof ee sida sharci darrada ah u codeeyay.,0
1265,Sagaal boqol oo qof ayaa shaqada laga eryay tan iyo markii aan xoghayaha noqday...,Sagaal boqol oo qof ayaa shaqada laga eryay tan iyo markii aan xoghaye ka noqday (Arimaha Veterans). Waxa aanu helnay 60 qof oo aanu shaqada ka ceyrinay kuwaas oo wakhtiyada sugitaan wax-ka-qabtay.,0
1266,Wuxuu sheegay in dib u habeynta daryeelka caafimaadka qaranka ay tahay mid ay dowladdu la wareegtay...,Waxa uu leeyahay dib u habaynta daryeelka caafimaadka qaranka waa la wareegida dawladda ee daryeelka caafimaadka.,0
1267,Wuxuu yiri xildhibaanka Miami Carlos Curbelo wuxuu taageersan yahay qodista qodista...,Waxa uu yidhi xildhibaanka Miami Carlos Curbelo waxa uu taageersan yahay qodista xeebaha waxana uu si isdaba joog ah uga codeeyay awoodda madaxweyne Obama ee la dagaalanka wasakhowga iyo la dagaalanka isbedelka cimilada.,0
1268,Walaalaha Koch keligood waxay siiyeen lacag laba jibaar ka badan Scott Wa...,Walaalaha Koch keligood waxay siiyeen laba laab lacag ka badan Scott Walker wadarta guud ee lacagta uu soo ururiyay Tom Barrett.,0
1269,Donald Trump ayaa sheegay in dowladda ay bixineyso qarashka ku baxaya...,Wuxuu yidhi Donald Trump wuxuu sheegay in dawladdu ay bixinayso kharashka qof walba si uu u helo daryeel caafimaad.,0
1270,Wuxuu sheegay in uu ku guuleystay codka shacabka haddii aad ka jarto malaayiinta p...,Waxa uu sheegay in uu ku guulaystay codka shacabka haddii aad ka jarto malaayiinta qof ee sida sharci darrada ah u codeeyay.,0
1271,Waxay qaadataa tamar aad u badan si loo sameeyo panel cadceedda sida ay u badan tahay g...,Waxay qaadataa tamar aad u badan si loo sameeyo alwaax qoraxda sida ay u badan tahay inay soo saarto nolosheeda oo dhan.,0
1272,Saddex meelood labo ka mid ah dadka ku nool Wisconsin ayaa si adag uga soo horjeeda...,Saddex meelood laba meel dadka Wisconsin ayaa si adag uga soo horjeeda fikradan ah in si joogto ah looga qaado xuquuqda dadka ee gorgortanka wadajirka ah.,0
1273,Sen. Hutchison waxa uu ka tagey Jamhuuriyiintii oo uu la saftay Dimuqraadiga...,Sen. Hutchison wuu ka tagay Jamhuuriyiintii wuxuuna la istaagay Dimuqraadiyiinta si loo hubiyo in sharciga daryeelka caafimaadku si dhakhso ah u gudbi doono.,0
1274,"Qoysaska Maraykanku waxay ku dadaalaan inay helaan $4,250 bishii. Obama ayaa...","Qoysaska Maraykanku waxay ku dadaalaan inay helaan $4,250 bishii. Obama waxa uu ku kharash gareeyaa $18,972 bishii ilmo kasta oo sharci-darro ah.",0
1275,"27-kii bilood ee la soo dhaafay, Madaxweyne Barack Obama waxa uu abuuray...","27-kii bilood ee la soo dhaafay, Madaxweyne Barack Obama waxa uu abuuray shaqooyin ka badan kuwa gaarka loo leeyahay marka loo eego soo kabashada Reagan.",0
1276,Frank Guinta ayaa u codeeyay in cashuur bixiyayaasha dabaqadda dhexe ay bixiyaan lacag ka badan...,"Frank Guinta ayaa u codeeyay in cashuur bixiyayaasha dabaqadda dhexe ay bixiyaan in ka badan $1,000 oo dheeraad ah sannadkii.",0
1277,Wendy Davis waxay kaliya ku samaynaysay lacag ururin Chicago,Wendy Davis waxa ay Chicago ka samaynaysay dhaqaale ururin iyada oo la kaashanaysa ururka hantiwadaaga caalamiga ah.,0
1278,"Hadda, Golaha Wakiilada, waxaan leenahay 40 kala duwan oo j...","Hadda, Golaha Wakiillada, waxaanu haynaa 40 xeer oo kala duwan oo shaqo ah oo la ansixiyay oo ku dhawaad ​​dhamaantood ahaayeen laba xisbi.",0
1279,Ayaa sheegay in Adeegga Boostada Maraykanku aanay qaadan wax gargaar cashuur bixiye ah tan iyo markii...,"Waxa uu leeyahay Adeegga Boostada Maraykanku ma qaadin wax gargaar cashuur bixiye ah ilaa 1971, waxa ay maalgelisaa hawlaha gabi ahaan iibinta stamps iyo alaabta la xidhiidha oo waxa ay samaysaa faa'iido hawl gal sanadba sanadka ka dambeeya.",0
1280,Waxa uu yidhi Mike Dovilla waxa uu taageersan yahay qorshe u ogolaan kara ajaanib...,Wuxuu yiri Mike Dovilla wuxuu taageersan yahay qorshe u oggolaanaya shirkad ajnabi ah inay la wareegto Ohio Turnpike,0
1281,Barasaabkii hore ee Alaska Sarah Palin ayaa ku saxnayd in madaxweynaha...,"Guddoomiyihii hore ee Alaska Sarah Palin waxay ku saxsanayd in sharciga daryeelka caafimaadka ee Madaxweyne Barack Obama uu abuuray waxa, dhab ahaan, noqon lahaa guddiyada dhimashada.",0
1282,Ayaa sheegtay in dowladda federaalku ay amar ku bixisay in dadka aan galmoodka ahayn (sic) iyo h...,Ayaa sheegtay in dawladda federaalku ay amar ku bixinayso dadka aan isu galmoodin (sic) iyo khaniisiinta inay carruurta ku qabsanayaan aagagga khatarta ah ee shisheeyaha iyagoo adeegsanaya magaca ammaanka garoonka diyaaradaha.,0
1283,Wuxuu sheegay in dib u habeynta daryeelka caafimaadka qaranka ay tahay mid ay dowladdu la wareegtay...,Waxa uu leeyahay dib u habaynta daryeelka caafimaadka qaranka waa la wareegida dawladda ee daryeelka caafimaadka.,0
1284,"27-kii bilood ee la soo dhaafay, Madaxweyne Barack Obama waxa uu abuuray...","27-kii bilood ee la soo dhaafay, Madaxweyne Barack Obama waxa uu abuuray shaqooyin ka badan kuwa gaarka loo leeyahay marka loo eego soo kabashada Reagan.",0
1285,Adigoo isticmaalaya daldaloolo yar oo la yaqaan ... Minions Obama waa la oggol yahay ...,Adigoo isticmaalaya daldaloolo yar oo la yaqaan ... Minions Obama waxay u oggolaanayaan Shirkadda Nestle inay ka dhoofiso biyaha macaan ee qaaliga ah harada Michigan.,0
1286,Waxaan ka mid ahaa kuwii ugu horreeyay ee dhaleeceeya ku degdegista dagaalka (Ir...,"Waxaan ka mid ahaa kuwii ugu horreeyay ee dhaleeceeya degdegga ah ee dagaalka (Ciraaq), iyo haa, xitaa ka hor inta uusan dagaalku bilaaban.",0
1287,Codbixinta ayaa muujineysa in Floridians aysan dooneynin inay baabi'iyaan lacagta la awoodi karo…,Ra'yi ururintu waxay muujinayaan in Floridians aysan rabin inay tirtiraan Sharciga Daryeelka La awoodi karo.,0
1288,Maxay ahaayeen hoos u dhacii sanadlaha ahaa ee Jamhuuriga hadda...,Maxay ahaayeen khasaare sanadeedkii hore ee Jamhuuriyiinta ayaa hadda noqday hoos u dhacyada billaha ah ee hoos yimaada Dimuqraadiyiinta.,0
1289,Nidaamka xogta ee la socda Common Core waxaa loo qaabeeyey t...,"Nidaamka xogta ee la socda Core Common waxaa loogu talagalay in lagu ururiyo ilaa 400 dhibcood ilmo kasta, taas oo ay ku jiri karto xogta shakhsi ahaan lagu aqoonsan karo.",0
1290,Sagaal boqol oo qof ayaa shaqada laga eryay tan iyo markii aan xoghayaha noqday...,Sagaal boqol oo qof ayaa shaqada laga eryay tan iyo markii aan xoghaye ka noqday (Arimaha Veterans). Waxa aanu helnay 60 qof oo aanu shaqada ka ceyrinay kuwaas oo wakhtiyada sugitaan wax-ka-qabtay.,0
1291,Saraakiisha Medicare waxay ula dhaqmeen Humana iyo AARP si aan is waafaqsanayn,Saraakiisha Medicare waxay ula dhaqmeen Humana iyo AARP si aan joogto ahayn sida ay ula xiriiri karaan waayeelka.,0
1292,"Hadda, Golaha Wakiilada, waxaan leenahay 40 kala duwan oo j...","Hadda, Golaha Wakiillada, waxaanu haynaa 40 xeer oo kala duwan oo shaqo ah oo la ansixiyay oo ku dhawaad ​​dhamaantood ahaayeen laba xisbi.",0
1293,"Keystone XL wuxuu u oggolaanayaa Kanada inay soo saarto saliiddooda, u dirto iyada oo loo marayo ...","Keystone XL wuxuu u oggolaanayaa Kanada inay soo saarto shidaalkooda, u dirto dhulkeena, ilaa Khaliijka, halkaas oo laga iibin doono meel kasta oo kale.",0
1294,Guddiga dib u soo celinta dhaqangelinta ee gobolka ee dhawaan la sameeyay...,"Guddiga dib u eegista dhaqangelinta socdaalka ee gobolka ee dhawaan la sameeyay ayaa dhab ahaantii dacwayn kara, oo ku ridi kara [xukun] xabsiga, haddii aanu keenno xeer ilaaliyaha guud.",0
1295,"Qaar ka mid ah kulliyadaha, oo ay ku jiraan AM, ayaa horey u dammaanad qaaday ...","Qaar ka mid ah kulliyadaha, oo ay ku jirto AM, ayaa horey u dammaanad qaaday inaysan kordhin doonin waxbarashadooda.",0
1296,Wuxuu yiri Ron Johnson run ahaantii waxba ma uusan qaban si uu ula dagaallamo geesiga ...,Wuxuu yidhi Ron Johnson run ahaantii waxba ma uu samayn si uu ula dagaallamo balwadda heroin-ka iyo xad-gudubka opioid.,0
1297,Waajibaadka daryeelka caafimaadku wuxuu u baahan doonaa xadhig iyo ganaax...,Waajibaadka daryeelka caafimaadku waxay u baahan doontaa xadhig iyo ganaax lacageed dadka Maraykanka ah ee aan awoodin inay iibsadaan caymis ama bixiyaan ganaaxyo culus oo dawladeed.,0
1298,Wuxuu yiri tababaraha kubbadda cagta Rex Ryan wuxuu ku guuleystay horyaalada ...,"Waxa uu yidhi tababaraha kubada cagta ee xirfada leh Rex Ryan ayaa ku guulaystay horyaalada New York. AFC, waxaan filayaa, laba jeer.",0
1299,Magaalada Pembroke Pines ayaan wax cod ah ku lahayn qorshe lagu b...,Magaalada Pembroke Pines ayaan wax cod ah ku lahayn qorshaha lagu dhisayo xarun dadka lagu hayo ee Koonfur Galbeed Ranches.,0
1300,Pentagon-ka ayaa ka dhigtay geesinimada tan iyo markii la shaaciyay ee POW Jessi ...,Pentagon-ka ayaa ka dhigtay geesinimada tan iyo markii la shaaciyay ee POW Jessica Lynch iyada oo isku dayday in ay ka fogaato qabashada Ciraaq.,0
1301,Maxay ahaayeen hoos u dhacii sanadlaha ahaa ee Jamhuuriga hadda...,Maxay ahaayeen khasaare sanadeedkii hore ee Jamhuuriyiinta ayaa hadda noqday hoos u dhacyada billaha ah ee hoos yimaada Dimuqraadiyiinta.,0
1302,"In ka badan 100,000 oo haween ah oo ku nool Texas ayaa isku dayay in ay iskood isu soo dhisaan.","In ka badan 100,000 oo haween ah oo ku nool Texas ayaa isku dayay inay iskood iska soo xaaqaan sannadkii la soo dhaafay oo keliya.",0
1303,"McCain ""wuxuu u codeeyay inuu dhimo maalgelinta waxbarashada, isagoo ka soo horjeeda la xisaabtanka","McCain ""wuxuu u codeeyay inuu dhimo maalgelinta waxbarashada, isagoo ka soo horjeeda heerarka isla xisaabtanka. Wuxuu xitaa soo jeediyay in la baabi'iyo Waaxda Waxbarashada.""",0
1304,Shirkadda ay dawladdu kiraysanayso ee qiimaynaysa ardayda ay dawladdu u xilsaartay...,Shirkadda ay dawladdu kiraysanayso ee qiimeeya imtixaannada ardayda ee gobolku waajibiyay waxay ku baxaysaa Craigslist si ay u hesho imtaxaanayaal si ay u akhriyaan qoraallada ardaydeenna.,0
1305,"Hadda, Golaha Wakiilada, waxaan leenahay 40 kala duwan oo j...","Hadda, Golaha Wakiillada, waxaanu haynaa 40 xeer oo kala duwan oo shaqo ah oo la ansixiyay oo ku dhawaad ​​dhamaantood ahaayeen laba xisbi.",0
1306,Waxaan bixinaa PhD-da sanad walba in ka badan jaamacad kale ee A...,Waxaan bixinaa PhDs ka badan sanad walba marka loo eego jaamacadaha kale ee Ameerika marka laga reebo Berkeley.,0
1307,Waxay leedahay warbaahintu waxay abuurtay ereyga polar vortex iyo qabow ai...,Waxay leedahay warbaahintu waxay abuurtay ereyga polar vortex hawada qabowna waxay caddaynaysaa in barafku aanu dhalaalinayn.,0
1308,Wuxuu sheegay in ay jiraan doollar federaal ah oo badan oo ku jira Gov. John Kasichs bud...,Wuxuu sheegay in ay jiraan doollar federaali ah oo ka badan qorshaha miisaaniyadda Gov. John Kasichs marka loo eego miisaaniyaddii hore ee gobolka.,0
1309,Waxay qaadataa tamar aad u badan si loo sameeyo panel cadceedda sida ay u badan tahay g...,Waxay qaadataa tamar aad u badan si loo sameeyo alwaax qoraxda sida ay u badan tahay inay soo saarto nolosheeda oo dhan.,0
1310,Hindise sharciyeedka gobolka ayaa soo afjari doona shuruudihii muddada dheer ee ahaa in deegaanka...,Hindise-sharciyeedka gobolku waxa uu soo afjarayaa shuruudii muddada dheer u baahnayd ee ah in dawladaha hoose ay dayactiraan waddooyinka waaweyn iyo laamiyada-- oo ay ka horjoogsadaan muwaadiniinta dhaawaca ah in ay dacweeyaan dayactirka la dayacay.,0
1311,Waxa uu yidhi Mike Dovilla waxa uu taageersan yahay qorshe u ogolaan kara ajaanib...,Wuxuu yiri Mike Dovilla wuxuu taageersan yahay qorshe u oggolaanaya shirkad ajnabi ah inay la wareegto Ohio Turnpike,0
1312,Ayaa sheegtay in dowladda federaalku ay amar ku bixisay in dadka aan galmoodka ahayn (sic) iyo h...,Ayaa sheegtay in dawladda federaalku ay amar ku bixinayso dadka aan isu galmoodin (sic) iyo khaniisiinta inay carruurta ku qabsanayaan aagagga khatarta ah ee shisheeyaha iyagoo adeegsanaya magaca ammaanka garoonka diyaaradaha.,0
1313,Hindise sharciyeedka gobolka ayaa soo afjari doona shuruudihii muddada dheer ee ahaa in deegaanka...,Hindise-sharciyeedka gobolku waxa uu soo afjarayaa shuruudii muddada dheer u baahnayd ee ah in dawladaha hoose ay dayactiraan waddooyinka waaweyn iyo laamiyada-- oo ay ka horjoogsadaan muwaadiniinta dhaawaca ah in ay dacweeyaan dayactirka la dayacay.,0
1314,Codbixinta ayaa muujineysa in Floridians aysan dooneynin inay baabi'iyaan lacagta la awoodi karo…,Ra'yi ururintu waxay muujinayaan in Floridians aysan rabin inay tirtiraan Sharciga Daryeelka La awoodi karo.,0
1315,Waxa uu sheegay in Madaxweyne Barack Obama uu ballan qaaday inuu la shaqeyn doono...,"Waxa uu sheegay in iyada oo Madaxweyne Barack Obama uu ballan qaaday in uu la shaqayn doono loo-shaqeeyahaaga si uu hoos ugu dhigo khidmadahaaga $2,500 qoyskiiba sannadkii, sharcigiisa daryeelka caafimaadku waxa uu kor u qaadayaa khidmadaha suuqa gaarka ah $2,100 qoyskiiba.",0
1316,Magaalada Pembroke Pines ayaan wax cod ah ku lahayn qorshe lagu b...,Magaalada Pembroke Pines ayaan wax cod ah ku lahayn qorshaha lagu dhisayo xarun dadka lagu hayo ee Koonfur Galbeed Ranches.,0
1317,Wuxuu sheegay in eedeymaha ah inuu sameeyay galmo aan loo baahnayn oo ku saabsan ...,Waxa uu sheegay in eedeymaha ah in uu sameeyay galmo aan la rabin oo uu ku sameeyay haweeney ku xigeen shariif ah ay laba garsoore oo kala duwan ay ku heleen in aysan mudneyn.,0
1318,Wuxuu yiri xildhibaanka Miami Carlos Curbelo wuxuu taageersan yahay qodista qodista...,Waxa uu yidhi xildhibaanka Miami Carlos Curbelo waxa uu taageersan yahay qodista xeebaha waxana uu si isdaba joog ah uga codeeyay awoodda madaxweyne Obama ee la dagaalanka wasakhowga iyo la dagaalanka isbedelka cimilada.,0
1319,Haddii aad iibiso gurigaaga wixii ka dambeeya 2012 waxaad bixin doontaa boqolkiiba 3.8...,Haddii aad iibiso gurigaaga wixii ka dambeeya 2012 waxaad ka bixin doontaa boqolkiiba 3.8 canshuurta iibka.,0
1320,Muwaadiniin Jarmal ah ayaa dawladoodii hub ka dhigis ku samaysay dhamaadkii...,"Muwaadiniinta Jarmalku waxa hub ka dhigis ku sameeyay dawladoodii dabayaaqadii 1930-meeyadii, taas oo u ogolaatay Naasiyiintii in ay fuliyaan ujeedooyinkooda xun iyaga oo iska caabin yar leh.",0
1321,"Waxa uu sheegay in uu ahaa saldhigga gobolka Utah, uu markii la shaqeeyay s ...","Wuxuu sheegay in markii uu ahaa guddoomiyaha Utah, uu la shaqeeyay Sharci-dejinta gobolka si loo abuuro canshuur siman oo dhimaysa canshuurta dakhliga boqolkiiba 30.",0
1322,Madaxweyne Obama ayaa sheegay in shaqo la’aanta ay ka hooseyso 8...,Waxa uu yidhi Madaxweyne Obama waxa uu ballan qaaday in shaqo la'aanta ay ka hoosayso 8 boqolkiiba haddii kicinta la dhaafo.,0
1323,Waxaan u dhimi karnaa shaqo la'aanta kala bar si fudud annaga oo dib u soo ceshanno j...,Waxaan shaqo la'aanta u dhimi karnaa kala bar si fudud innagoo dib u soo ceshanayna shaqooyinkii ay qabteen shaqaalaha sharci darrada ah.,0
1324,Waxa uu yidhi Mike Dovilla waxa uu taageersan yahay qorshe u ogolaan kara ajaanib...,Wuxuu yiri Mike Dovilla wuxuu taageersan yahay qorshe u oggolaanaya shirkad ajnabi ah inay la wareegto Ohio Turnpike,0
1325,Saraakiisha Medicare waxay ula dhaqmeen Humana iyo AARP si aan is waafaqsanayn,Saraakiisha Medicare waxay ula dhaqmeen Humana iyo AARP si aan joogto ahayn sida ay ula xiriiri karaan waayeelka.,0
1326,"Qoysaska Maraykanku waxay ku dadaalaan inay helaan $4,250 bishii. Obama ayaa...","Qoysaska Maraykanku waxay ku dadaalaan inay helaan $4,250 bishii. Obama waxa uu ku kharash gareeyaa $18,972 bishii ilmo kasta oo sharci-darro ah.",0
1327,Ayaa sheegay in Adeegga Boostada Maraykanku aanay qaadan wax gargaar cashuur bixiye ah tan iyo markii...,"Waxa uu leeyahay Adeegga Boostada Maraykanku ma qaadin wax gargaar cashuur bixiye ah ilaa 1971, waxa ay maalgelisaa hawlaha gabi ahaan iibinta stamps iyo alaabta la xidhiidha oo waxa ay samaysaa faa'iido hawl gal sanadba sanadka ka dambeeya.",0
1328,"McCain ""wuxuu u codeeyay inuu dhimo maalgelinta waxbarashada, isagoo ka soo horjeeda la xisaabtanka","McCain ""wuxuu u codeeyay inuu dhimo maalgelinta waxbarashada, isagoo ka soo horjeeda heerarka isla xisaabtanka. Wuxuu xitaa soo jeediyay in la baabi'iyo Waaxda Waxbarashada.""",0
1329,Waajibaadka daryeelka caafimaadku wuxuu u baahan doonaa xadhig iyo ganaax...,Waajibaadka daryeelka caafimaadku waxay u baahan doontaa xadhig iyo ganaax lacageed dadka Maraykanka ah ee aan awoodin inay iibsadaan caymis ama bixiyaan ganaaxyo culus oo dawladeed.,0
1330,Miisaaniyadda Madaxweyne Barack Obama ayaa khatar ku ah amniga qaranka b...,Miisaaniyadda Madaxweyne Barack Obamas waxay khatar ku tahay amniga qaranka isagoo soo jeedinaya Ciidan ka kooban shaqaale ka yar kuwii aan haysanay ka hor Pearl Harbor.,0
1331,Canshuuraha guryuhu hadda 18% way ka sarreeyaan markii (Mark Sharpe) kow...,Canshuuraha guryuhu hadda 18% way ka sarreeyaan markii (Mark Sharpe) markii ugu horreysay ee uu xafiiska la wareegay.,0
1332,Saddex meelood labo meel Granite States ayaa kasoo horjeeda xisbiga Shaaha iyo xisbigiisa...,Saddex meelood laba meel Granite States waxay ka soo horjeedaan Xisbiga Shaaha iyo ajandihiisa ku saabsan ururada shaqaalaha.,0
1333,Bal eeg waxa uu agaasimaha FBI-da ka yidhi iyada (Hillary C...,Bal u fiirso waxa uu agaasimaha FBI-da ka yidhi (Hillary Clinton) dhaqan-xumada ay samaysay waa ceeb iyo ceeb dalkeena.,0
1334,Ciidamada badda ayaa dacwad ku soo oogaya sarkaal ka tirsan ciidamada badda oo toogtay...,Ciidanka badda ayaa dacwad ku soo oogaya sarkaal ka tirsan ciidamada badda oo toogtay toogashadii Chattanooga ka dib markii uu si sharci darro ah hub ugu furay hanti federaal ah.,0
1335,Ayaa sheegay in Adeegga Boostada Maraykanku aanay qaadan wax gargaar cashuur bixiye ah tan iyo markii...,"Waxa uu leeyahay Adeegga Boostada Maraykanku ma qaadin wax gargaar cashuur bixiye ah ilaa 1971, waxa ay maalgelisaa hawlaha gabi ahaan iibinta stamps iyo alaabta la xidhiidha oo waxa ay samaysaa faa'iido hawl gal sanadba sanadka ka dambeeya.",0
1336,Musharaxa senate-ka Mareykanka Jack Kingston waxa uu ku qarash gareeyay doollarkayaga canshuurta...,Musharaxa senate-ka ee Maraykanka Jack Kingston waxa uu doollarkayaga cashuurta ku kharash gareeyey kumanyaal calaamado wasakh ah.,0
1337,Xirmada dhiirigelinta waxaa ku jira sharci ka soo horjeeda Masiixi...,"Xirmada dhiirigelinta waxaa ku jira sharci lid ku ah Masiixiyiinta kaas oo joojin doona kaniisadaha inay u isticmaalaan dugsiyada dadweynaha kulannada axada, iyo sidoo kale Boy Scouts iyo kooxaha ardada barta Kitaabka Quduuska ah.",0
1338,"Wuxuu yidhi Mitt Romney wuxuu taageeray sharcia dhammaan ilmo iska soo rididda, e...","Wuxuu yidhi Mitt Romney wuxuu taageeray sharci mamnuucaya dhammaan ilmo iska soo rididda, xitaa kiisaska kufsiga iyo jinsiga.",0
1339,Ku dhawaad ​​800 oo qof ayaa diiday in laga baaro daroogada sababtoo ah...,Qiyaastii 800 oo qof ayaa diiday in la sameeyo baaris daroogo sababtoo ah waxay u joogaan mukhaadaraad.,0
1340,Waajibaadka daryeelka caafimaadku wuxuu u baahan doonaa xadhig iyo ganaax...,Waajibaadka daryeelka caafimaadku waxay u baahan doontaa xadhig iyo ganaax lacageed dadka Maraykanka ah ee aan awoodin inay iibsadaan caymis ama bixiyaan ganaaxyo culus oo dawladeed.,0
1341,Wuxuu sheegay in eedeymaha ah inuu sameeyay galmo aan loo baahnayn oo ku saabsan ...,Waxa uu sheegay in eedeymaha ah in uu sameeyay galmo aan la rabin oo uu ku sameeyay haweeney ku xigeen shariif ah ay laba garsoore oo kala duwan ay ku heleen in aysan mudneyn.,0
1342,Waajibaadka daryeelka caafimaadku wuxuu u baahan doonaa xadhig iyo ganaax...,Waajibaadka daryeelka caafimaadku waxay u baahan doontaa xadhig iyo ganaax lacageed dadka Maraykanka ah ee aan awoodin inay iibsadaan caymis ama bixiyaan ganaaxyo culus oo dawladeed.,0
1343,Musharaxa senate-ka Mareykanka Jack Kingston waxa uu ku qarash gareeyay doollarkayaga canshuurta...,Musharaxa senate-ka ee Maraykanka Jack Kingston waxa uu doollarkayaga cashuurta ku kharash gareeyey kumanyaal calaamado wasakh ah.,0
1344,Qofka iga soo waxa uu ballan qaadayaa in uu soo celin doono shaqada hore isaga oo raba in uu iska tago...,Qofka iga soo horjeeda wuxuu ballan qaadayaa inuu soo celin doono shaqooyin hore isagoo u rajeeyay dhaqaalaha adduunka.,0
1345,Wuxuu sheegay in ay jiraan doollar federaal ah oo badan oo ku jira Gov. John Kasichs bud...,Wuxuu sheegay in ay jiraan doollar federaali ah oo ka badan qorshaha miisaaniyadda Gov. John Kasichs marka loo eego miisaaniyaddii hore ee gobolka.,0
1346,Musharaxa senate-ka Mareykanka Jack Kingston waxa uu ku qarash gareeyay doollarkayaga canshuurta...,Musharaxa senate-ka ee Maraykanka Jack Kingston waxa uu doollarkayaga cashuurta ku kharash gareeyey kumanyaal calaamado wasakh ah.,0
1347,Waxa uu sheegay in Madaxweyne Barack Obama uu ballan qaaday inuu la shaqeyn doono...,"Waxa uu sheegay in iyada oo Madaxweyne Barack Obama uu ballan qaaday in uu la shaqayn doono loo-shaqeeyahaaga si uu hoos ugu dhigo khidmadahaaga $2,500 qoyskiiba sannadkii, sharcigiisa daryeelka caafimaadku waxa uu kor u qaadayaa khidmadaha suuqa gaarka ah $2,100 qoyskiiba.",0
1348,Muwaadiniin Jarmal ah ayaa dawladoodii hub ka dhigis ku samaysay dhamaadkii...,"Muwaadiniinta Jarmalku waxa hub ka dhigis ku sameeyay dawladoodii dabayaaqadii 1930-meeyadii, taas oo u ogolaatay Naasiyiintii in ay fuliyaan ujeedooyinkooda xun iyaga oo iska caabin yar leh.",0
1349,Xirmada dhiirigelinta waxaa ku jira sharci ka soo horjeeda Masiixi...,"Xirmada dhiirigelinta waxaa ku jira sharci lid ku ah Masiixiyiinta kaas oo joojin doona kaniisadaha inay u isticmaalaan dugsiyada dadweynaha kulannada axada, iyo sidoo kale Boy Scouts iyo kooxaha ardada barta Kitaabka Quduuska ah.",0
1350,Ayaa sheegtay in dowladda federaalku ay amar ku bixisay in dadka aan galmoodka ahayn (sic) iyo h...,Ayaa sheegtay in dawladda federaalku ay amar ku bixinayso dadka aan isu galmoodin (sic) iyo khaniisiinta inay carruurta ku qabsanayaan aagagga khatarta ah ee shisheeyaha iyagoo adeegsanaya magaca ammaanka garoonka diyaaradaha.,0
1351,"Waxaan leenahay magaalooyin ku yaal Galbeedka Texas oo aan biyuhu lahayn, kuwaas oo ah ...","Waxaan leenahay magaalooyin ku yaal Galbeedka Texas oo ay ka maqan yihiin biyaha, kuwaas oo ay tahay in ay biyo ku dhaamiyaan.",0
1352,Frank Guinta ayaa u codeeyay in cashuur bixiyayaasha dabaqadda dhexe ay bixiyaan lacag ka badan...,"Frank Guinta ayaa u codeeyay in cashuur bixiyayaasha dabaqadda dhexe ay bixiyaan in ka badan $1,000 oo dheeraad ah sannadkii.",0
1353,Sen. Hutchison waxa uu ka tagey Jamhuuriyiintii oo uu la saftay Dimuqraadiga...,Sen. Hutchison wuu ka tagay Jamhuuriyiintii wuxuuna la istaagay Dimuqraadiyiinta si loo hubiyo in sharciga daryeelka caafimaadku si dhakhso ah u gudbi doono.,0
1354,Haddii Madaxweyne Obama saxiixo daawaynta isbedelka cimilada ee Copenhagen...,"Haddii madaxweyne Obama uu saxiixo heshiiska isbeddelka cimilada ee Copenhagen, wuxuu ""sixiixi doonaa xorriyaddaada, dimoqraadiyaddaada, iyo barwaaqadaada weligiin, adiga iyo dawlad kasta oo ku xigta oo aad dooran karto ma lahaan doonto wax awood ah si ay dib ugu soo celiso.""",0
1355,Wuxuu yiri tababaraha kubbadda cagta Rex Ryan wuxuu ku guuleystay horyaalada ...,"Waxa uu yidhi tababaraha kubada cagta ee xirfada leh Rex Ryan ayaa ku guulaystay horyaalada New York. AFC, waxaan filayaa, laba jeer.",0
1356,Waxaan bixinaa PhD-da sanad walba in ka badan jaamacad kale ee A...,Waxaan bixinaa PhDs ka badan sanad walba marka loo eego jaamacadaha kale ee Ameerika marka laga reebo Berkeley.,0
1357,Shirkadda ay dawladdu kiraysanayso ee qiimaynaysa ardayda ay dawladdu u xilsaartay...,Shirkadda ay dawladdu kiraysanayso ee qiimeeya imtixaannada ardayda ee gobolku waajibiyay waxay ku baxaysaa Craigslist si ay u hesho imtaxaanayaal si ay u akhriyaan qoraallada ardaydeenna.,0
1358,Wuxuu sheegay in eedeymaha ah inuu sameeyay galmo aan loo baahnayn oo ku saabsan ...,Waxa uu sheegay in eedeymaha ah in uu sameeyay galmo aan la rabin oo uu ku sameeyay haweeney ku xigeen shariif ah ay laba garsoore oo kala duwan ay ku heleen in aysan mudneyn.,0
1359,Is-dilku wuxuu ka imaanayaa calaamad ah ee waaweyn oo leh ...,Is-dilku wuxuu ka yimaadaa dawladda dhexe ee waaweyn oo leh waxba uma qalantid laakiin waxaad ku heli doontaa wax aan waxba ahayn.,0
1360,Wuxuu sheegay in dib u habeynta daryeelka caafimaadka qaranka ay tahay mid ay dowladdu la wareegtay...,Waxa uu leeyahay dib u habaynta daryeelka caafimaadka qaranka waa la wareegida dawladda ee daryeelka caafimaadka.,0
1361,Waxay qaadataa tamar aad u badan si loo sameeyo panel cadceedda sida ay u badan tahay g...,Waxay qaadataa tamar aad u badan si loo sameeyo alwaax qoraxda sida ay u badan tahay inay soo saarto nolosheeda oo dhan.,0
1362,"Ohio, waxaan ku maal galinay caruurteena, anagoo kordhinayna maalgelinta iskuulka...","Ohio, waxaanu maal galinay caruurteena, anagoo ku kordhinay maalgelinta dugsiga 5.5 boqolkiiba miisaaniyadii u dambaysay.",0
1363,Qofka iga soo waxa uu ballan qaadayaa in uu soo celin doono shaqada hore isaga oo raba in uu iska tago...,Qofka iga soo horjeeda wuxuu ballan qaadayaa inuu soo celin doono shaqooyin hore isagoo u rajeeyay dhaqaalaha adduunka.,0
1364,Bal eeg waxa uu agaasimaha FBI-da ka yidhi iyada (Hillary C...,Bal u fiirso waxa uu agaasimaha FBI-da ka yidhi (Hillary Clinton) dhaqan-xumada ay samaysay waa ceeb iyo ceeb dalkeena.,0
1365,Waxay leedahay warbaahintu waxay abuurtay ereyga polar vortex iyo qabow ai...,Waxay leedahay warbaahintu waxay abuurtay ereyga polar vortex hawada qabowna waxay caddaynaysaa in barafku aanu dhalaalinayn.,0
1366,Wuxuu sheegay in qaraarka Senate-ka uu soo celin doono $140 bishiiba...,Wuxuu sheegay in qaraarka Senate-ka uu soo celin doono $140 lacagihii kaalmada guud ee bishii iyo ka hortagga dadka inay dambi galaan.,0
1367,Waajibaadka daryeelka caafimaadku wuxuu u baahan doonaa xadhig iyo ganaax...,Waajibaadka daryeelka caafimaadku waxay u baahan doontaa xadhig iyo ganaax lacageed dadka Maraykanka ah ee aan awoodin inay iibsadaan caymis ama bixiyaan ganaaxyo culus oo dawladeed.,0
1368,Wuxuu sheegay in qaraarka Senate-ka uu soo celin doono $140 bishiiba...,Wuxuu sheegay in qaraarka Senate-ka uu soo celin doono $140 lacagihii kaalmada guud ee bishii iyo ka hortagga dadka inay dambi galaan.,0
1369,Codbixinta ayaa muujineysa in Floridians aysan dooneynin inay baabi'iyaan lacagta la awoodi karo…,Ra'yi ururintu waxay muujinayaan in Floridians aysan rabin inay tirtiraan Sharciga Daryeelka La awoodi karo.,0
1370,"Mashruuca Buffalos SolarCity, Andrew Cuomo wuxuu abuuri doonaa laga yaabee ...","Mashruuca Buffalos SolarCity, Andrew Cuomo wuxuu abuuri doonaa laga yaabee 500 shaqo haddii ay weligeed dhacdo, qiyaastii $1.5 milyan shaqa kasta.",0
1371,"Keystone XL wuxuu u oggolaanayaa Kanada inay soo saarto saliiddooda, u dirto iyada oo loo marayo ...","Keystone XL wuxuu u oggolaanayaa Kanada inay soo saarto shidaalkooda, u dirto dhulkeena, ilaa Khaliijka, halkaas oo laga iibin doono meel kasta oo kale.",0
1372,Saddex meelood labo ka mid ah dadka ku nool Wisconsin ayaa si adag uga soo horjeeda...,Saddex meelood laba meel dadka Wisconsin ayaa si adag uga soo horjeeda fikradan ah in si joogto ah looga qaado xuquuqda dadka ee gorgortanka wadajirka ah.,0
1373,Saddex meelood labo ka mid ah dadka ku nool Wisconsin ayaa si adag uga soo horjeeda...,Saddex meelood laba meel dadka Wisconsin ayaa si adag uga soo horjeeda fikradan ah in si joogto ah looga qaado xuquuqda dadka ee gorgortanka wadajirka ah.,0
1374,Musharaxa senate-ka Mareykanka Jack Kingston waxa uu ku qarash gareeyay doollarkayaga canshuurta...,Musharaxa senate-ka ee Maraykanka Jack Kingston waxa uu doollarkayaga cashuurta ku kharash gareeyey kumanyaal calaamado wasakh ah.,0
1375,Wuxuu sheegay in ay jiraan doollar federaal ah oo badan oo ku jira Gov. John Kasichs bud...,Wuxuu sheegay in ay jiraan doollar federaali ah oo ka badan qorshaha miisaaniyadda Gov. John Kasichs marka loo eego miisaaniyaddii hore ee gobolka.,0
1376,Maxay ahaayeen hoos u dhacii sanadlaha ahaa ee Jamhuuriga hadda...,Maxay ahaayeen khasaare sanadeedkii hore ee Jamhuuriyiinta ayaa hadda noqday hoos u dhacyada billaha ah ee hoos yimaada Dimuqraadiyiinta.,0
1377,Wuxuu sheegay in dib u habeynta daryeelka caafimaadka qaranka ay tahay mid ay dowladdu la wareegtay...,Waxa uu leeyahay dib u habaynta daryeelka caafimaadka qaranka waa la wareegida dawladda ee daryeelka caafimaadka.,0
1378,Qofka iga soo waxa uu ballan qaadayaa in uu soo celin doono shaqada hore isaga oo raba in uu iska tago...,Qofka iga soo horjeeda wuxuu ballan qaadayaa inuu soo celin doono shaqooyin hore isagoo u rajeeyay dhaqaalaha adduunka.,0
1379,"McCain ""wuxuu u codeeyay inuu dhimo maalgelinta waxbarashada, isagoo ka soo horjeeda la xisaabtanka","McCain ""wuxuu u codeeyay inuu dhimo maalgelinta waxbarashada, isagoo ka soo horjeeda heerarka isla xisaabtanka. Wuxuu xitaa soo jeediyay in la baabi'iyo Waaxda Waxbarashada.""",0
1380,Is-dilku wuxuu ka imaanayaa calaamad ah ee waaweyn oo leh ...,Is-dilku wuxuu ka yimaadaa dawladda dhexe ee waaweyn oo leh waxba uma qalantid laakiin waxaad ku heli doontaa wax aan waxba ahayn.,0
1381,Guddiga dib u soo celinta dhaqangelinta ee gobolka ee dhawaan la sameeyay...,"Guddiga dib u eegista dhaqangelinta socdaalka ee gobolka ee dhawaan la sameeyay ayaa dhab ahaantii dacwayn kara, oo ku ridi kara [xukun] xabsiga, haddii aanu keenno xeer ilaaliyaha guud.",0
1382,Waxa uu yidhi Madaxweyne Obama waxa uu afduubay biilka beeraha (oo) waxa uu u rogay i...,Waxa uu yidhi Madaxweyne Obama waxa uu afduubay biilka beeraha (oo) waxa uu ka dhigay biilka cuntada.,0
1383,Xildhibaanada Aqalka Sare ayaa meel mariyay mushaar kordhin dhan $10...,"Xubnaha Congress-ka waxay ku ansixiyeen mushaar kordhin dhan $10,000 muddo laba sano ah xitaa iyagoo u codeeyay inaanan kor loo qaadin macaashka Lambarka Bulshada 2010 iyo 2011.",0
1384,Wuxuu sheegay in uu ku guuleystay codka shacabka haddii aad ka jarto malaayiinta p...,Waxa uu sheegay in uu ku guulaystay codka shacabka haddii aad ka jarto malaayiinta qof ee sida sharci darrada ah u codeeyay.,0
1385,Codbixinta ayaa muujineysa in Floridians aysan dooneynin inay baabi'iyaan lacagta la awoodi karo…,Ra'yi ururintu waxay muujinayaan in Floridians aysan rabin inay tirtiraan Sharciga Daryeelka La awoodi karo.,0
1386,Bal eeg waxa uu agaasimaha FBI-da ka yidhi iyada (Hillary C...,Bal u fiirso waxa uu agaasimaha FBI-da ka yidhi (Hillary Clinton) dhaqan-xumada ay samaysay waa ceeb iyo ceeb dalkeena.,0
1387,Wuxuu yiri tababaraha kubbadda cagta Rex Ryan wuxuu ku guuleystay horyaalada ...,"Waxa uu yidhi tababaraha kubada cagta ee xirfada leh Rex Ryan ayaa ku guulaystay horyaalada New York. AFC, waxaan filayaa, laba jeer.",0
1388,Boqolkiiba 95 lacagta loo isticmaalo ururka shaqaalaha wor...,Boqolkiiba shan iyo sagaashan lacagta loo isticmaalo xarumaha tababarka shaqaalaha ee ay ku shaqeeyaan ururka waxay ka yimaadaan loo shaqeeyayaasha.,0
1389,Waxa uu yidhi Madaxweyne Obama waxa uu afduubay biilka beeraha (oo) waxa uu u rogay i...,Waxa uu yidhi Madaxweyne Obama waxa uu afduubay biilka beeraha (oo) waxa uu ka dhigay biilka cuntada.,0
1390,"McCain ""wuxuu u codeeyay inuu dhimo maalgelinta waxbarashada, isagoo ka soo horjeeda la xisaabtanka","McCain ""wuxuu u codeeyay inuu dhimo maalgelinta waxbarashada, isagoo ka soo horjeeda heerarka isla xisaabtanka. Wuxuu xitaa soo jeediyay in la baabi'iyo Waaxda Waxbarashada.""",0
1391,Barasaabkii hore ee Alaska Sarah Palin ayaa ku saxnayd in madaxweynaha...,"Guddoomiyihii hore ee Alaska Sarah Palin waxay ku saxsanayd in sharciga daryeelka caafimaadka ee Madaxweyne Barack Obama uu abuuray waxa, dhab ahaan, noqon lahaa guddiyada dhimashada.",0
1392,Waxa uu sheegay in Romney uu maalgashaday shirkad alaab ka samaysa Shiinaha oo...,Waxa uu yidhi Romney waxa uu maalgashaday shirkad alaabo ka samaynaysa Shiinaha oo laga samayn lahaa halkan America.,0
1393,Maraykanku kama mid ahayn 16 waddan oo David Pe...,Mareykanka ayaan ka mid ahayn 16 wadan oo David Perdue uu ku sheegay in Pillowtex uu shaqo ka abuuray.,0
1394,Boqolkiiba 95 lacagta loo isticmaalo ururka shaqaalaha wor...,Boqolkiiba shan iyo sagaashan lacagta loo isticmaalo xarumaha tababarka shaqaalaha ee ay ku shaqeeyaan ururka waxay ka yimaadaan loo shaqeeyayaasha.,0
1395,"Hadda, Golaha Wakiilada, waxaan leenahay 40 kala duwan oo j...","Hadda, Golaha Wakiillada, waxaanu haynaa 40 xeer oo kala duwan oo shaqo ah oo la ansixiyay oo ku dhawaad ​​dhamaantood ahaayeen laba xisbi.",0
1396,Wuxuu sheegay in uu ku guuleystay codka shacabka haddii aad ka jarto malaayiinta p...,Waxa uu sheegay in uu ku guulaystay codka shacabka haddii aad ka jarto malaayiinta qof ee sida sharci darrada ah u codeeyay.,0
1397,Way adag tahay in dadka Portland ku nool ay Haa ugu codeeyaan mea...,"Way adag tahay in dadka Portland ku nool ay Haa ugu codeeyaan cabbirada codbixinta, gaar ahaan marka ay jiraan mucaarad.",0
1398,"Waxa uu sheegay in uu ahaa saldhigga gobolka Utah, uu markii la shaqeeyay s ...","Wuxuu sheegay in markii uu ahaa guddoomiyaha Utah, uu la shaqeeyay Sharci-dejinta gobolka si loo abuuro canshuur siman oo dhimaysa canshuurta dakhliga boqolkiiba 30.",0
1399,"Barack Obama ""wuxuu doonayaa in dowladda ay la wareegto daryeelka caafimaadka,...","Barack Obama ""wuxuu rabaa in dowladdu ay la wareegto daryeelka caafimaadka, ku bixiso boqolaal bilyan oo doolar oo lacag cusub ah caymiska caafimaadka qof walba.""",0
1400,Waxaan u dhimi karnaa shaqo la'aanta kala bar si fudud annaga oo dib u soo ceshanno j...,Waxaan shaqo la'aanta u dhimi karnaa kala bar si fudud innagoo dib u soo ceshanayna shaqooyinkii ay qabteen shaqaalaha sharci darrada ah.,0
1401,Saddex meelood labo ka mid ah dadka ku nool Wisconsin ayaa si adag uga soo horjeeda...,Saddex meelood laba meel dadka Wisconsin ayaa si adag uga soo horjeeda fikradan ah in si joogto ah looga qaado xuquuqda dadka ee gorgortanka wadajirka ah.,0
1402,Wuxuu yiri Ron Johnson run ahaantii waxba ma uusan qaban si uu ula dagaallamo geesiga ...,Wuxuu yidhi Ron Johnson run ahaantii waxba ma uu samayn si uu ula dagaallamo balwadda heroin-ka iyo xad-gudubka opioid.,0
1403,"Hadda, Golaha Wakiilada, waxaan leenahay 40 kala duwan oo j...","Hadda, Golaha Wakiillada, waxaanu haynaa 40 xeer oo kala duwan oo shaqo ah oo la ansixiyay oo ku dhawaad ​​dhamaantood ahaayeen laba xisbi.",0
1404,Waxaan bixinaa PhD-da sanad walba in ka badan jaamacad kale ee A...,Waxaan bixinaa PhDs ka badan sanad walba marka loo eego jaamacadaha kale ee Ameerika marka laga reebo Berkeley.,0
1405,Maraykanku kama mid ahayn 16 waddan oo David Pe...,Mareykanka ayaan ka mid ahayn 16 wadan oo David Perdue uu ku sheegay in Pillowtex uu shaqo ka abuuray.,0
1406,Wendy Davis waxay kaliya ku samaynaysay lacag ururin Chicago,Wendy Davis waxa ay Chicago ka samaynaysay dhaqaale ururin iyada oo la kaashanaysa ururka hantiwadaaga caalamiga ah.,0
1407,Walaalaha Koch keligood waxay siiyeen lacag laba jibaar ka badan Scott Wa...,Walaalaha Koch keligood waxay siiyeen laba laab lacag ka badan Scott Walker wadarta guud ee lacagta uu soo ururiyay Tom Barrett.,0
1408,Saddex meelood labo meel Granite States ayaa kasoo horjeeda xisbiga Shaaha iyo xisbigiisa...,Saddex meelood laba meel Granite States waxay ka soo horjeedaan Xisbiga Shaaha iyo ajandihiisa ku saabsan ururada shaqaalaha.,0
1409,Canshuuraha guryuhu hadda 18% way ka sarreeyaan markii (Mark Sharpe) kow...,Canshuuraha guryuhu hadda 18% way ka sarreeyaan markii (Mark Sharpe) markii ugu horreysay ee uu xafiiska la wareegay.,0
1410,Marka kaliya ee shaqada dawladdu hoos u dhacday intii lagu jiray...,Marka kaliya ee shaqaalaynta dawladdu hoos u dhacday inta lagu jiro dhaqaale-xumada ayaa aniga hoos ii dhacday.,0
1411,Barasaabkii hore ee Alaska Sarah Palin ayaa ku saxnayd in madaxweynaha...,"Guddoomiyihii hore ee Alaska Sarah Palin waxay ku saxsanayd in sharciga daryeelka caafimaadka ee Madaxweyne Barack Obama uu abuuray waxa, dhab ahaan, noqon lahaa guddiyada dhimashada.",0
1412,Waxaan bixinaa PhD-da sanad walba in ka badan jaamacad kale ee A...,Waxaan bixinaa PhDs ka badan sanad walba marka loo eego jaamacadaha kale ee Ameerika marka laga reebo Berkeley.,0
1413,Muwaadiniin Jarmal ah ayaa dawladoodii hub ka dhigis ku samaysay dhamaadkii...,"Muwaadiniinta Jarmalku waxa hub ka dhigis ku sameeyay dawladoodii dabayaaqadii 1930-meeyadii, taas oo u ogolaatay Naasiyiintii in ay fuliyaan ujeedooyinkooda xun iyaga oo iska caabin yar leh.",0
1414,Way adag tahay in dadka Portland ku nool ay Haa ugu codeeyaan mea...,"Way adag tahay in dadka Portland ku nool ay Haa ugu codeeyaan cabbirada codbixinta, gaar ahaan marka ay jiraan mucaarad.",0
1415,Qofka iga soo waxa uu ballan qaadayaa in uu soo celin doono shaqada hore isaga oo raba in uu iska tago...,Qofka iga soo horjeeda wuxuu ballan qaadayaa inuu soo celin doono shaqooyin hore isagoo u rajeeyay dhaqaalaha adduunka.,0
1416,Walaalaha Koch keligood waxay siiyeen lacag laba jibaar ka badan Scott Wa...,Walaalaha Koch keligood waxay siiyeen laba laab lacag ka badan Scott Walker wadarta guud ee lacagta uu soo ururiyay Tom Barrett.,0
1417,Barasaabkii hore ee Alaska Sarah Palin ayaa ku saxnayd in madaxweynaha...,"Guddoomiyihii hore ee Alaska Sarah Palin waxay ku saxsanayd in sharciga daryeelka caafimaadka ee Madaxweyne Barack Obama uu abuuray waxa, dhab ahaan, noqon lahaa guddiyada dhimashada.",0
1418,Xirmada dhiirigelinta waxaa ku jira sharci ka soo horjeeda Masiixi...,"Xirmada dhiirigelinta waxaa ku jira sharci lid ku ah Masiixiyiinta kaas oo joojin doona kaniisadaha inay u isticmaalaan dugsiyada dadweynaha kulannada axada, iyo sidoo kale Boy Scouts iyo kooxaha ardada barta Kitaabka Quduuska ah.",0
1419,Waxa uu yidhi Donald Trump waxa uu taageersan yahay ajande halkaas ka jira oo ah in si gaar loo leeyahay...,Waxa uu yidhi Donald Trump waxa uu taageerayaa ajande halkaa ka jira si gaar looga dhigo nidaamka daryeelka caafimaadka ee Arrimaha Veterans.,0
1420,"Barack Obama ""wuxuu doonayaa in dowladda ay la wareegto daryeelka caafimaadka,...","Barack Obama ""wuxuu rabaa in dowladdu ay la wareegto daryeelka caafimaadka, ku bixiso boqolaal bilyan oo doolar oo lacag cusub ah caymiska caafimaadka qof walba.""",0
1421,Waxa uu yidhi Donald Trump waxa uu taageersan yahay ajande halkaas ka jira oo ah in si gaar loo leeyahay...,Waxa uu yidhi Donald Trump waxa uu taageerayaa ajande halkaa ka jira si gaar looga dhigo nidaamka daryeelka caafimaadka ee Arrimaha Veterans.,0
1422,Wuxuu sheegay in ay jiraan doollar federaal ah oo badan oo ku jira Gov. John Kasichs bud...,Wuxuu sheegay in ay jiraan doollar federaali ah oo ka badan qorshaha miisaaniyadda Gov. John Kasichs marka loo eego miisaaniyaddii hore ee gobolka.,0
1423,Maxay ahaayeen hoos u dhacii sanadlaha ahaa ee Jamhuuriga hadda...,Maxay ahaayeen khasaare sanadeedkii hore ee Jamhuuriyiinta ayaa hadda noqday hoos u dhacyada billaha ah ee hoos yimaada Dimuqraadiyiinta.,0
1424,Waajibaadka daryeelka caafimaadku wuxuu u baahan doonaa xadhig iyo ganaax...,Waajibaadka daryeelka caafimaadku waxay u baahan doontaa xadhig iyo ganaax lacageed dadka Maraykanka ah ee aan awoodin inay iibsadaan caymis ama bixiyaan ganaaxyo culus oo dawladeed.,0
1425,Saddex meelood labo meel Granite States ayaa kasoo horjeeda xisbiga Shaaha iyo xisbigiisa...,Saddex meelood laba meel Granite States waxay ka soo horjeedaan Xisbiga Shaaha iyo ajandihiisa ku saabsan ururada shaqaalaha.,0
1426,Shirkadda ay dawladdu kiraysanayso ee qiimaynaysa ardayda ay dawladdu u xilsaartay...,Shirkadda ay dawladdu kiraysanayso ee qiimeeya imtixaannada ardayda ee gobolku waajibiyay waxay ku baxaysaa Craigslist si ay u hesho imtaxaanayaal si ay u akhriyaan qoraallada ardaydeenna.,0
1427,Wendy Davis waxay kaliya ku samaynaysay lacag ururin Chicago,Wendy Davis waxa ay Chicago ka samaynaysay dhaqaale ururin iyada oo la kaashanaysa ururka hantiwadaaga caalamiga ah.,0
1428,Is-dilku wuxuu ka imaanayaa calaamad ah ee waaweyn oo leh ...,Is-dilku wuxuu ka yimaadaa dawladda dhexe ee waaweyn oo leh waxba uma qalantid laakiin waxaad ku heli doontaa wax aan waxba ahayn.,0
1429,Musharaxa senate-ka Mareykanka Jack Kingston waxa uu ku qarash gareeyay doollarkayaga canshuurta...,Musharaxa senate-ka ee Maraykanka Jack Kingston waxa uu doollarkayaga cashuurta ku kharash gareeyey kumanyaal calaamado wasakh ah.,0
1430,Waxaa jira kharashyo maamul oo sarreeya marka aad ku deeqdo Haiti...,Waxaa jira kharashyo maamul oo sarreeya marka aad ku deeqdo gargaarka Haiti iyada oo loo marayo Mareegta Aqalka Cad.,0
1431,Bal eeg waxa uu agaasimaha FBI-da ka yidhi iyada (Hillary C...,Bal u fiirso waxa uu agaasimaha FBI-da ka yidhi (Hillary Clinton) dhaqan-xumada ay samaysay waa ceeb iyo ceeb dalkeena.,0
1432,Wuxuu sheegay in eedeymaha ah inuu sameeyay galmo aan loo baahnayn oo ku saabsan ...,Waxa uu sheegay in eedeymaha ah in uu sameeyay galmo aan la rabin oo uu ku sameeyay haweeney ku xigeen shariif ah ay laba garsoore oo kala duwan ay ku heleen in aysan mudneyn.,0
1433,"McCain ""wuxuu u codeeyay inuu dhimo maalgelinta waxbarashada, isagoo ka soo horjeeda la xisaabtanka","McCain ""wuxuu u codeeyay inuu dhimo maalgelinta waxbarashada, isagoo ka soo horjeeda heerarka isla xisaabtanka. Wuxuu xitaa soo jeediyay in la baabi'iyo Waaxda Waxbarashada.""",0
1434,"Keystone XL wuxuu u oggolaanayaa Kanada inay soo saarto saliiddooda, u dirto iyada oo loo marayo ...","Keystone XL wuxuu u oggolaanayaa Kanada inay soo saarto shidaalkooda, u dirto dhulkeena, ilaa Khaliijka, halkaas oo laga iibin doono meel kasta oo kale.",0
1435,Maraykanku kama mid ahayn 16 waddan oo David Pe...,Mareykanka ayaan ka mid ahayn 16 wadan oo David Perdue uu ku sheegay in Pillowtex uu shaqo ka abuuray.,0
1436,Waxa uu yidhi Madaxweyne Obama waxa uu afduubay biilka beeraha (oo) waxa uu u rogay i...,Waxa uu yidhi Madaxweyne Obama waxa uu afduubay biilka beeraha (oo) waxa uu ka dhigay biilka cuntada.,0
1437,Waxa uu yidhi Donald Trump waxa uu taageersan yahay ajande halkaas ka jira oo ah in si gaar loo leeyahay...,Waxa uu yidhi Donald Trump waxa uu taageerayaa ajande halkaa ka jira si gaar looga dhigo nidaamka daryeelka caafimaadka ee Arrimaha Veterans.,0
1438,"Hadda, Golaha Wakiilada, waxaan leenahay 40 kala duwan oo j...","Hadda, Golaha Wakiillada, waxaanu haynaa 40 xeer oo kala duwan oo shaqo ah oo la ansixiyay oo ku dhawaad ​​dhamaantood ahaayeen laba xisbi.",0
1439,Waxa uu yidhi Madaxweyne Obama waxa uu afduubay biilka beeraha (oo) waxa uu u rogay i...,Waxa uu yidhi Madaxweyne Obama waxa uu afduubay biilka beeraha (oo) waxa uu ka dhigay biilka cuntada.,0
1440,Muwaadiniin Jarmal ah ayaa dawladoodii hub ka dhigis ku samaysay dhamaadkii...,"Muwaadiniinta Jarmalku waxa hub ka dhigis ku sameeyay dawladoodii dabayaaqadii 1930-meeyadii, taas oo u ogolaatay Naasiyiintii in ay fuliyaan ujeedooyinkooda xun iyaga oo iska caabin yar leh.",0
1441,Saddex meelood labo meel Granite States ayaa kasoo horjeeda xisbiga Shaaha iyo xisbigiisa...,Saddex meelood laba meel Granite States waxay ka soo horjeedaan Xisbiga Shaaha iyo ajandihiisa ku saabsan ururada shaqaalaha.,0
1442,Waxa uu sheegay in Madaxweyne Barack Obama uu ballan qaaday inuu la shaqeyn doono...,"Waxa uu sheegay in iyada oo Madaxweyne Barack Obama uu ballan qaaday in uu la shaqayn doono loo-shaqeeyahaaga si uu hoos ugu dhigo khidmadahaaga $2,500 qoyskiiba sannadkii, sharcigiisa daryeelka caafimaadku waxa uu kor u qaadayaa khidmadaha suuqa gaarka ah $2,100 qoyskiiba.",0
1443,Wuxuu sheegay in qaraarka Senate-ka uu soo celin doono $140 bishiiba...,Wuxuu sheegay in qaraarka Senate-ka uu soo celin doono $140 lacagihii kaalmada guud ee bishii iyo ka hortagga dadka inay dambi galaan.,0
1444,Shirkadda ay dawladdu kiraysanayso ee qiimaynaysa ardayda ay dawladdu u xilsaartay...,Shirkadda ay dawladdu kiraysanayso ee qiimeeya imtixaannada ardayda ee gobolku waajibiyay waxay ku baxaysaa Craigslist si ay u hesho imtaxaanayaal si ay u akhriyaan qoraallada ardaydeenna.,0
1445,Saddex meelood labo ka mid ah dadka ku nool Wisconsin ayaa si adag uga soo horjeeda...,Saddex meelood laba meel dadka Wisconsin ayaa si adag uga soo horjeeda fikradan ah in si joogto ah looga qaado xuquuqda dadka ee gorgortanka wadajirka ah.,0
1446,"Barack Obama ""wuxuu doonayaa in dowladda ay la wareegto daryeelka caafimaadka,...","Barack Obama ""wuxuu rabaa in dowladdu ay la wareegto daryeelka caafimaadka, ku bixiso boqolaal bilyan oo doolar oo lacag cusub ah caymiska caafimaadka qof walba.""",0
1447,Xirmada dhiirigelinta waxaa ku jira sharci ka soo horjeeda Masiixi...,"Xirmada dhiirigelinta waxaa ku jira sharci lid ku ah Masiixiyiinta kaas oo joojin doona kaniisadaha inay u isticmaalaan dugsiyada dadweynaha kulannada axada, iyo sidoo kale Boy Scouts iyo kooxaha ardada barta Kitaabka Quduuska ah.",0
1448,Xildhibaanada Aqalka Sare ayaa meel mariyay mushaar kordhin dhan $10...,"Xubnaha Congress-ka waxay ku ansixiyeen mushaar kordhin dhan $10,000 muddo laba sano ah xitaa iyagoo u codeeyay inaanan kor loo qaadin macaashka Lambarka Bulshada 2010 iyo 2011.",0
1449,Wuxuu sheegay in qaraarka Senate-ka uu soo celin doono $140 bishiiba...,Wuxuu sheegay in qaraarka Senate-ka uu soo celin doono $140 lacagihii kaalmada guud ee bishii iyo ka hortagga dadka inay dambi galaan.,0
1450,Miisaaniyadda Madaxweyne Barack Obama ayaa khatar ku ah amniga qaranka b...,Miisaaniyadda Madaxweyne Barack Obamas waxay khatar ku tahay amniga qaranka isagoo soo jeedinaya Ciidan ka kooban shaqaale ka yar kuwii aan haysanay ka hor Pearl Harbor.,0
1451,Waxaan bixinaa PhD-da sanad walba in ka badan jaamacad kale ee A...,Waxaan bixinaa PhDs ka badan sanad walba marka loo eego jaamacadaha kale ee Ameerika marka laga reebo Berkeley.,0
1452,Haddii aad iibiso gurigaaga wixii ka dambeeya 2012 waxaad bixin doontaa boqolkiiba 3.8...,Haddii aad iibiso gurigaaga wixii ka dambeeya 2012 waxaad ka bixin doontaa boqolkiiba 3.8 canshuurta iibka.,0
1453,Shirkadda ay dawladdu kiraysanayso ee qiimaynaysa ardayda ay dawladdu u xilsaartay...,Shirkadda ay dawladdu kiraysanayso ee qiimeeya imtixaannada ardayda ee gobolku waajibiyay waxay ku baxaysaa Craigslist si ay u hesho imtaxaanayaal si ay u akhriyaan qoraallada ardaydeenna.,0
1454,Waxay tiri Cathy Jordan waa la xiray oo laga soo saaray gurigeeda b...,Waxay tiri Cathy Jordan ayaa la xiray oo ay ka soo saareen gurigeeda koox SWAT ah oo hooligan ah si ay u isticmaasho marijuana caafimaad.,0
1455,Waxa uu yidhi Mike Dovilla waxa uu taageersan yahay qorshe u ogolaan kara ajaanib...,Wuxuu yiri Mike Dovilla wuxuu taageersan yahay qorshe u oggolaanaya shirkad ajnabi ah inay la wareegto Ohio Turnpike,0
1456,Maxay ahaayeen hoos u dhacii sanadlaha ahaa ee Jamhuuriga hadda...,Maxay ahaayeen khasaare sanadeedkii hore ee Jamhuuriyiinta ayaa hadda noqday hoos u dhacyada billaha ah ee hoos yimaada Dimuqraadiyiinta.,0
1457,Boqolkiiba 95 lacagta loo isticmaalo ururka shaqaalaha wor...,Boqolkiiba shan iyo sagaashan lacagta loo isticmaalo xarumaha tababarka shaqaalaha ee ay ku shaqeeyaan ururka waxay ka yimaadaan loo shaqeeyayaasha.,0
1458,Marka kaliya ee shaqada dawladdu hoos u dhacday intii lagu jiray...,Marka kaliya ee shaqaalaynta dawladdu hoos u dhacday inta lagu jiro dhaqaale-xumada ayaa aniga hoos ii dhacday.,0
1459,"27-kii bilood ee la soo dhaafay, Madaxweyne Barack Obama waxa uu abuuray...","27-kii bilood ee la soo dhaafay, Madaxweyne Barack Obama waxa uu abuuray shaqooyin ka badan kuwa gaarka loo leeyahay marka loo eego soo kabashada Reagan.",0
1460,"Mashruuca Buffalos SolarCity, Andrew Cuomo wuxuu abuuri doonaa laga yaabee ...","Mashruuca Buffalos SolarCity, Andrew Cuomo wuxuu abuuri doonaa laga yaabee 500 shaqo haddii ay weligeed dhacdo, qiyaastii $1.5 milyan shaqa kasta.",0
1461,(Madaxweyne Barack Obama) ayaa sheegay in shaqo la’aantu aysan waligeed g...,(Madaxweyne Barack Obama) wuxuu sheegay in shaqo la'aantu aysan weligeed dhaafi doonin 8 boqolkiiba haddii aan gudbino qorshaha kicinta.,0
1462,Xirmada dhiirigelinta waxaa ku jira sharci ka soo horjeeda Masiixi...,"Xirmada dhiirigelinta waxaa ku jira sharci lid ku ah Masiixiyiinta kaas oo joojin doona kaniisadaha inay u isticmaalaan dugsiyada dadweynaha kulannada axada, iyo sidoo kale Boy Scouts iyo kooxaha ardada barta Kitaabka Quduuska ah.",0
1463,"27-kii bilood ee la soo dhaafay, Madaxweyne Barack Obama waxa uu abuuray...","27-kii bilood ee la soo dhaafay, Madaxweyne Barack Obama waxa uu abuuray shaqooyin ka badan kuwa gaarka loo leeyahay marka loo eego soo kabashada Reagan.",0
1464,"Si qarsoodi ah, iyadoo aan la ogeyn xubnaha Congress-ka, in ka badan $105 biil...","Si qarsoodi ah, iyadoo aan la ogeyn xubnaha Congress-ka, in ka badan 105 bilyan ayaa lagu qariyay sharciga Obamacare.",0
1465,Wuxuu sheegay in qaraarka Senate-ka uu soo celin doono $140 bishiiba...,Wuxuu sheegay in qaraarka Senate-ka uu soo celin doono $140 lacagihii kaalmada guud ee bishii iyo ka hortagga dadka inay dambi galaan.,0
1466,"Keystone XL wuxuu u oggolaanayaa Kanada inay soo saarto saliiddooda, u dirto iyada oo loo marayo ...","Keystone XL wuxuu u oggolaanayaa Kanada inay soo saarto shidaalkooda, u dirto dhulkeena, ilaa Khaliijka, halkaas oo laga iibin doono meel kasta oo kale.",0
1467,"Wuxuu yidhi Mitt Romney wuxuu taageeray sharcia dhammaan ilmo iska soo rididda, e...","Wuxuu yidhi Mitt Romney wuxuu taageeray sharci mamnuucaya dhammaan ilmo iska soo rididda, xitaa kiisaska kufsiga iyo jinsiga.",0
1468,Ku dhawaad ​​800 oo qof ayaa diiday in laga baaro daroogada sababtoo ah...,Qiyaastii 800 oo qof ayaa diiday in la sameeyo baaris daroogo sababtoo ah waxay u joogaan mukhaadaraad.,0
1469,Musharaxa senate-ka Mareykanka Jack Kingston waxa uu ku qarash gareeyay doollarkayaga canshuurta...,Musharaxa senate-ka ee Maraykanka Jack Kingston waxa uu doollarkayaga cashuurta ku kharash gareeyey kumanyaal calaamado wasakh ah.,0
1470,Adigoo isticmaalaya daldaloolo yar oo la yaqaan ... Minions Obama waa la oggol yahay ...,Adigoo isticmaalaya daldaloolo yar oo la yaqaan ... Minions Obama waxay u oggolaanayaan Shirkadda Nestle inay ka dhoofiso biyaha macaan ee qaaliga ah harada Michigan.,0
1471,"Hadda, Golaha Wakiilada, waxaan leenahay 40 kala duwan oo j...","Hadda, Golaha Wakiillada, waxaanu haynaa 40 xeer oo kala duwan oo shaqo ah oo la ansixiyay oo ku dhawaad ​​dhamaantood ahaayeen laba xisbi.",0
1472,"Xiligii Madaxweyne Barack Obama, 8.3 (milyan) oo Maraykan ah ayaa ka yar ...","Xilligii Madaxweyne Barack Obama, 8.3 (milyan) oo Maraykan ah ayaa shaqeeya maanta in ka yar sidii ay ahaayeen afar sano ka hor.",0
1473,Madaxweyne Obama ayaa sheegay in shaqo la’aanta ay ka hooseyso 8...,Waxa uu yidhi Madaxweyne Obama waxa uu ballan qaaday in shaqo la'aanta ay ka hoosayso 8 boqolkiiba haddii kicinta la dhaafo.,0
1474,"Inkasta oo ay ka soo horjeesteen naadiga qaranka ee kobaca, naadiga G...","In kasta oo ay ka soo horjeedaan Naadiga kobaca qaranka, Naadiga Kobaca Wisconsin ayaa u ansixiyay Senetka Mareykanka.",0
1475,Waajibaadka daryeelka caafimaadku wuxuu u baahan doonaa xadhig iyo ganaax...,Waajibaadka daryeelka caafimaadku waxay u baahan doontaa xadhig iyo ganaax lacageed dadka Maraykanka ah ee aan awoodin inay iibsadaan caymis ama bixiyaan ganaaxyo culus oo dawladeed.,0
1476,Haddii Madaxweyne Obama saxiixo daawaynta isbedelka cimilada ee Copenhagen...,"Haddii madaxweyne Obama uu saxiixo heshiiska isbeddelka cimilada ee Copenhagen, wuxuu ""sixiixi doonaa xorriyaddaada, dimoqraadiyaddaada, iyo barwaaqadaada weligiin, adiga iyo dawlad kasta oo ku xigta oo aad dooran karto ma lahaan doonto wax awood ah si ay dib ugu soo celiso.""",0
1477,Qofka iga soo waxa uu ballan qaadayaa in uu soo celin doono shaqada hore isaga oo raba in uu iska tago...,Qofka iga soo horjeeda wuxuu ballan qaadayaa inuu soo celin doono shaqooyin hore isagoo u rajeeyay dhaqaalaha adduunka.,0
1478,Wuxuu sheegay in qaraarka Senate-ka uu soo celin doono $140 bishiiba...,Wuxuu sheegay in qaraarka Senate-ka uu soo celin doono $140 lacagihii kaalmada guud ee bishii iyo ka hortagga dadka inay dambi galaan.,0
1479,Sagaal boqol oo qof ayaa shaqada laga eryay tan iyo markii aan xoghayaha noqday...,Sagaal boqol oo qof ayaa shaqada laga eryay tan iyo markii aan xoghaye ka noqday (Arimaha Veterans). Waxa aanu helnay 60 qof oo aanu shaqada ka ceyrinay kuwaas oo wakhtiyada sugitaan wax-ka-qabtay.,0
1480,Waxa uu yidhi Mike Dovilla waxa uu taageersan yahay qorshe u ogolaan kara ajaanib...,Wuxuu yiri Mike Dovilla wuxuu taageersan yahay qorshe u oggolaanaya shirkad ajnabi ah inay la wareegto Ohio Turnpike,0
1481,Sen. Hutchison waxa uu ka tagey Jamhuuriyiintii oo uu la saftay Dimuqraadiga...,Sen. Hutchison wuu ka tagay Jamhuuriyiintii wuxuuna la istaagay Dimuqraadiyiinta si loo hubiyo in sharciga daryeelka caafimaadku si dhakhso ah u gudbi doono.,0
1482,"Qaar ka mid ah kulliyadaha, oo ay ku jiraan AM, ayaa horey u dammaanad qaaday ...","Qaar ka mid ah kulliyadaha, oo ay ku jirto AM, ayaa horey u dammaanad qaaday inaysan kordhin doonin waxbarashadooda.",0
1483,Waxaa jira kharashyo maamul oo sarreeya marka aad ku deeqdo Haiti...,Waxaa jira kharashyo maamul oo sarreeya marka aad ku deeqdo gargaarka Haiti iyada oo loo marayo Mareegta Aqalka Cad.,0
1484,Haddii aad iibiso gurigaaga wixii ka dambeeya 2012 waxaad bixin doontaa boqolkiiba 3.8...,Haddii aad iibiso gurigaaga wixii ka dambeeya 2012 waxaad ka bixin doontaa boqolkiiba 3.8 canshuurta iibka.,0
1485,Waxa uu sheegay in Madaxweyne Barack Obama uu ballan qaaday inuu la shaqeyn doono...,"Waxa uu sheegay in iyada oo Madaxweyne Barack Obama uu ballan qaaday in uu la shaqayn doono loo-shaqeeyahaaga si uu hoos ugu dhigo khidmadahaaga $2,500 qoyskiiba sannadkii, sharcigiisa daryeelka caafimaadku waxa uu kor u qaadayaa khidmadaha suuqa gaarka ah $2,100 qoyskiiba.",0
1486,Saddex meelood labo ka mid ah dadka ku nool Wisconsin ayaa si adag uga soo horjeeda...,Saddex meelood laba meel dadka Wisconsin ayaa si adag uga soo horjeeda fikradan ah in si joogto ah looga qaado xuquuqda dadka ee gorgortanka wadajirka ah.,0
1487,Barasaabkii hore ee Alaska Sarah Palin ayaa ku saxnayd in madaxweynaha...,"Guddoomiyihii hore ee Alaska Sarah Palin waxay ku saxsanayd in sharciga daryeelka caafimaadka ee Madaxweyne Barack Obama uu abuuray waxa, dhab ahaan, noqon lahaa guddiyada dhimashada.",0
1488,Wuxuu sheegay in dib u habeynta daryeelka caafimaadka qaranka ay tahay mid ay dowladdu la wareegtay...,Waxa uu leeyahay dib u habaynta daryeelka caafimaadka qaranka waa la wareegida dawladda ee daryeelka caafimaadka.,0
1489,Waajibaadka daryeelka caafimaadku wuxuu u baahan doonaa xadhig iyo ganaax...,Waajibaadka daryeelka caafimaadku waxay u baahan doontaa xadhig iyo ganaax lacageed dadka Maraykanka ah ee aan awoodin inay iibsadaan caymis ama bixiyaan ganaaxyo culus oo dawladeed.,0
1490,Canshuuraha guryuhu hadda 18% way ka sarreeyaan markii (Mark Sharpe) kow...,Canshuuraha guryuhu hadda 18% way ka sarreeyaan markii (Mark Sharpe) markii ugu horreysay ee uu xafiiska la wareegay.,0
1491,Way adag tahay in dadka Portland ku nool ay Haa ugu codeeyaan mea...,"Way adag tahay in dadka Portland ku nool ay Haa ugu codeeyaan cabbirada codbixinta, gaar ahaan marka ay jiraan mucaarad.",0
1492,Adigoo isticmaalaya daldaloolo yar oo la yaqaan ... Minions Obama waa la oggol yahay ...,Adigoo isticmaalaya daldaloolo yar oo la yaqaan ... Minions Obama waxay u oggolaanayaan Shirkadda Nestle inay ka dhoofiso biyaha macaan ee qaaliga ah harada Michigan.,0
1493,Adigoo isticmaalaya daldaloolo yar oo la yaqaan ... Minions Obama waa la oggol yahay ...,Adigoo isticmaalaya daldaloolo yar oo la yaqaan ... Minions Obama waxay u oggolaanayaan Shirkadda Nestle inay ka dhoofiso biyaha macaan ee qaaliga ah harada Michigan.,0
1494,Bal eeg waxa uu agaasimaha FBI-da ka yidhi iyada (Hillary C...,Bal u fiirso waxa uu agaasimaha FBI-da ka yidhi (Hillary Clinton) dhaqan-xumada ay samaysay waa ceeb iyo ceeb dalkeena.,0
1495,Magaalada Pembroke Pines ayaan wax cod ah ku lahayn qorshe lagu b...,Magaalada Pembroke Pines ayaan wax cod ah ku lahayn qorshaha lagu dhisayo xarun dadka lagu hayo ee Koonfur Galbeed Ranches.,0
1496,Magaalada Pembroke Pines ayaan wax cod ah ku lahayn qorshe lagu b...,Magaalada Pembroke Pines ayaan wax cod ah ku lahayn qorshaha lagu dhisayo xarun dadka lagu hayo ee Koonfur Galbeed Ranches.,0
1497,Haddii Madaxweyne Obama saxiixo daawaynta isbedelka cimilada ee Copenhagen...,"Haddii madaxweyne Obama uu saxiixo heshiiska isbeddelka cimilada ee Copenhagen, wuxuu ""sixiixi doonaa xorriyaddaada, dimoqraadiyaddaada, iyo barwaaqadaada weligiin, adiga iyo dawlad kasta oo ku xigta oo aad dooran karto ma lahaan doonto wax awood ah si ay dib ugu soo celiso.""",0
1498,Barasaabkii hore ee Alaska Sarah Palin ayaa ku saxnayd in madaxweynaha...,"Guddoomiyihii hore ee Alaska Sarah Palin waxay ku saxsanayd in sharciga daryeelka caafimaadka ee Madaxweyne Barack Obama uu abuuray waxa, dhab ahaan, noqon lahaa guddiyada dhimashada.",0
1499,Haddii aad iibiso gurigaaga wixii ka dambeeya 2012 waxaad bixin doontaa boqolkiiba 3.8...,Haddii aad iibiso gurigaaga wixii ka dambeeya 2012 waxaad ka bixin doontaa boqolkiiba 3.8 canshuurta iibka.,0
1500,Wuxuu yiri Ron Johnson run ahaantii waxba ma uusan qaban si uu ula dagaallamo geesiga ...,Wuxuu yidhi Ron Johnson run ahaantii waxba ma uu samayn si uu ula dagaallamo balwadda heroin-ka iyo xad-gudubka opioid.,0
1501,Waxa uu sheegay in Madaxweyne Barack Obama uu ballan qaaday inuu la shaqeyn doono...,"Waxa uu sheegay in iyada oo Madaxweyne Barack Obama uu ballan qaaday in uu la shaqayn doono loo-shaqeeyahaaga si uu hoos ugu dhigo khidmadahaaga $2,500 qoyskiiba sannadkii, sharcigiisa daryeelka caafimaadku waxa uu kor u qaadayaa khidmadaha suuqa gaarka ah $2,100 qoyskiiba.",0
1502,Haddii Madaxweyne Obama saxiixo daawaynta isbedelka cimilada ee Copenhagen...,"Haddii madaxweyne Obama uu saxiixo heshiiska isbeddelka cimilada ee Copenhagen, wuxuu ""sixiixi doonaa xorriyaddaada, dimoqraadiyaddaada, iyo barwaaqadaada weligiin, adiga iyo dawlad kasta oo ku xigta oo aad dooran karto ma lahaan doonto wax awood ah si ay dib ugu soo celiso.""",0
1503,Wuxuu yiri tababaraha kubbadda cagta Rex Ryan wuxuu ku guuleystay horyaalada ...,"Waxa uu yidhi tababaraha kubada cagta ee xirfada leh Rex Ryan ayaa ku guulaystay horyaalada New York. AFC, waxaan filayaa, laba jeer.",0
1504,Bal eeg waxa uu agaasimaha FBI-da ka yidhi iyada (Hillary C...,Bal u fiirso waxa uu agaasimaha FBI-da ka yidhi (Hillary Clinton) dhaqan-xumada ay samaysay waa ceeb iyo ceeb dalkeena.,0
1505,(Madaxweyne Barack Obama) ayaa sheegay in shaqo la’aantu aysan waligeed g...,(Madaxweyne Barack Obama) wuxuu sheegay in shaqo la'aantu aysan weligeed dhaafi doonin 8 boqolkiiba haddii aan gudbino qorshaha kicinta.,0
1506,Ku dhawaad ​​800 oo qof ayaa diiday in laga baaro daroogada sababtoo ah...,Qiyaastii 800 oo qof ayaa diiday in la sameeyo baaris daroogo sababtoo ah waxay u joogaan mukhaadaraad.,0
1507,Xirmada dhiirigelinta waxaa ku jira sharci ka soo horjeeda Masiixi...,"Xirmada dhiirigelinta waxaa ku jira sharci lid ku ah Masiixiyiinta kaas oo joojin doona kaniisadaha inay u isticmaalaan dugsiyada dadweynaha kulannada axada, iyo sidoo kale Boy Scouts iyo kooxaha ardada barta Kitaabka Quduuska ah.",0
1508,Sen. Hutchison waxa uu ka tagey Jamhuuriyiintii oo uu la saftay Dimuqraadiga...,Sen. Hutchison wuu ka tagay Jamhuuriyiintii wuxuuna la istaagay Dimuqraadiyiinta si loo hubiyo in sharciga daryeelka caafimaadku si dhakhso ah u gudbi doono.,0
1509,Waajibaadka daryeelka caafimaadku wuxuu u baahan doonaa xadhig iyo ganaax...,Waajibaadka daryeelka caafimaadku waxay u baahan doontaa xadhig iyo ganaax lacageed dadka Maraykanka ah ee aan awoodin inay iibsadaan caymis ama bixiyaan ganaaxyo culus oo dawladeed.,0
1510,Way adag tahay in dadka Portland ku nool ay Haa ugu codeeyaan mea...,"Way adag tahay in dadka Portland ku nool ay Haa ugu codeeyaan cabbirada codbixinta, gaar ahaan marka ay jiraan mucaarad.",0
1511,Ciidamada badda ayaa dacwad ku soo oogaya sarkaal ka tirsan ciidamada badda oo toogtay...,Ciidanka badda ayaa dacwad ku soo oogaya sarkaal ka tirsan ciidamada badda oo toogtay toogashadii Chattanooga ka dib markii uu si sharci darro ah hub ugu furay hanti federaal ah.,0
1512,Way adag tahay in dadka Portland ku nool ay Haa ugu codeeyaan mea...,"Way adag tahay in dadka Portland ku nool ay Haa ugu codeeyaan cabbirada codbixinta, gaar ahaan marka ay jiraan mucaarad.",0
1513,"Mashruuca Buffalos SolarCity, Andrew Cuomo wuxuu abuuri doonaa laga yaabee ...","Mashruuca Buffalos SolarCity, Andrew Cuomo wuxuu abuuri doonaa laga yaabee 500 shaqo haddii ay weligeed dhacdo, qiyaastii $1.5 milyan shaqa kasta.",0
1514,Saraakiisha Medicare waxay ula dhaqmeen Humana iyo AARP si aan is waafaqsanayn,Saraakiisha Medicare waxay ula dhaqmeen Humana iyo AARP si aan joogto ahayn sida ay ula xiriiri karaan waayeelka.,0
1515,Madaxweyne Obama ayaa sheegay in shaqo la’aanta ay ka hooseyso 8...,Waxa uu yidhi Madaxweyne Obama waxa uu ballan qaaday in shaqo la'aanta ay ka hoosayso 8 boqolkiiba haddii kicinta la dhaafo.,0
1516,Adigoo isticmaalaya daldaloolo yar oo la yaqaan ... Minions Obama waa la oggol yahay ...,Adigoo isticmaalaya daldaloolo yar oo la yaqaan ... Minions Obama waxay u oggolaanayaan Shirkadda Nestle inay ka dhoofiso biyaha macaan ee qaaliga ah harada Michigan.,0
1517,Madaxweyne Obama ayaa sheegay in shaqo la’aanta ay ka hooseyso 8...,Waxa uu yidhi Madaxweyne Obama waxa uu ballan qaaday in shaqo la'aanta ay ka hoosayso 8 boqolkiiba haddii kicinta la dhaafo.,0
1518,Waxay qaadataa tamar aad u badan si loo sameeyo panel cadceedda sida ay u badan tahay g...,Waxay qaadataa tamar aad u badan si loo sameeyo alwaax qoraxda sida ay u badan tahay inay soo saarto nolosheeda oo dhan.,0
1519,Ciidamada badda ayaa dacwad ku soo oogaya sarkaal ka tirsan ciidamada badda oo toogtay...,Ciidanka badda ayaa dacwad ku soo oogaya sarkaal ka tirsan ciidamada badda oo toogtay toogashadii Chattanooga ka dib markii uu si sharci darro ah hub ugu furay hanti federaal ah.,0
1520,Haddii Madaxweyne Obama saxiixo daawaynta isbedelka cimilada ee Copenhagen...,"Haddii madaxweyne Obama uu saxiixo heshiiska isbeddelka cimilada ee Copenhagen, wuxuu ""sixiixi doonaa xorriyaddaada, dimoqraadiyaddaada, iyo barwaaqadaada weligiin, adiga iyo dawlad kasta oo ku xigta oo aad dooran karto ma lahaan doonto wax awood ah si ay dib ugu soo celiso.""",0
1521,Waxaa jira kharashyo maamul oo sarreeya marka aad ku deeqdo Haiti...,Waxaa jira kharashyo maamul oo sarreeya marka aad ku deeqdo gargaarka Haiti iyada oo loo marayo Mareegta Aqalka Cad.,0
1522,Waajibaadka daryeelka caafimaadku wuxuu u baahan doonaa xadhig iyo ganaax...,Waajibaadka daryeelka caafimaadku waxay u baahan doontaa xadhig iyo ganaax lacageed dadka Maraykanka ah ee aan awoodin inay iibsadaan caymis ama bixiyaan ganaaxyo culus oo dawladeed.,0
1523,Waxa uu yidhi Mike Dovilla waxa uu taageersan yahay qorshe u ogolaan kara ajaanib...,Wuxuu yiri Mike Dovilla wuxuu taageersan yahay qorshe u oggolaanaya shirkad ajnabi ah inay la wareegto Ohio Turnpike,0
1524,Qofka iga soo waxa uu ballan qaadayaa in uu soo celin doono shaqada hore isaga oo raba in uu iska tago...,Qofka iga soo horjeeda wuxuu ballan qaadayaa inuu soo celin doono shaqooyin hore isagoo u rajeeyay dhaqaalaha adduunka.,0
1525,Wuxuu yiri tababaraha kubbadda cagta Rex Ryan wuxuu ku guuleystay horyaalada ...,"Waxa uu yidhi tababaraha kubada cagta ee xirfada leh Rex Ryan ayaa ku guulaystay horyaalada New York. AFC, waxaan filayaa, laba jeer.",0
1526,Sagaal boqol oo qof ayaa shaqada laga eryay tan iyo markii aan xoghayaha noqday...,Sagaal boqol oo qof ayaa shaqada laga eryay tan iyo markii aan xoghaye ka noqday (Arimaha Veterans). Waxa aanu helnay 60 qof oo aanu shaqada ka ceyrinay kuwaas oo wakhtiyada sugitaan wax-ka-qabtay.,0
1527,"Qoysaska Maraykanku waxay ku dadaalaan inay helaan $4,250 bishii. Obama ayaa...","Qoysaska Maraykanku waxay ku dadaalaan inay helaan $4,250 bishii. Obama waxa uu ku kharash gareeyaa $18,972 bishii ilmo kasta oo sharci-darro ah.",0
1528,Wuxuu yiri xildhibaanka Miami Carlos Curbelo wuxuu taageersan yahay qodista qodista...,Waxa uu yidhi xildhibaanka Miami Carlos Curbelo waxa uu taageersan yahay qodista xeebaha waxana uu si isdaba joog ah uga codeeyay awoodda madaxweyne Obama ee la dagaalanka wasakhowga iyo la dagaalanka isbedelka cimilada.,0
1529,Waxaan u dhimi karnaa shaqo la'aanta kala bar si fudud annaga oo dib u soo ceshanno j...,Waxaan shaqo la'aanta u dhimi karnaa kala bar si fudud innagoo dib u soo ceshanayna shaqooyinkii ay qabteen shaqaalaha sharci darrada ah.,0
1530,Maxay ahaayeen hoos u dhacii sanadlaha ahaa ee Jamhuuriga hadda...,Maxay ahaayeen khasaare sanadeedkii hore ee Jamhuuriyiinta ayaa hadda noqday hoos u dhacyada billaha ah ee hoos yimaada Dimuqraadiyiinta.,0
1531,"27-kii bilood ee la soo dhaafay, Madaxweyne Barack Obama waxa uu abuuray...","27-kii bilood ee la soo dhaafay, Madaxweyne Barack Obama waxa uu abuuray shaqooyin ka badan kuwa gaarka loo leeyahay marka loo eego soo kabashada Reagan.",0
1532,Nidaamka xogta ee la socda Common Core waxaa loo qaabeeyey t...,"Nidaamka xogta ee la socda Core Common waxaa loogu talagalay in lagu ururiyo ilaa 400 dhibcood ilmo kasta, taas oo ay ku jiri karto xogta shakhsi ahaan lagu aqoonsan karo.",0
1533,Wendy Davis waxay kaliya ku samaynaysay lacag ururin Chicago,Wendy Davis waxa ay Chicago ka samaynaysay dhaqaale ururin iyada oo la kaashanaysa ururka hantiwadaaga caalamiga ah.,0
1534,Ayaa sheegay in Adeegga Boostada Maraykanku aanay qaadan wax gargaar cashuur bixiye ah tan iyo markii...,"Waxa uu leeyahay Adeegga Boostada Maraykanku ma qaadin wax gargaar cashuur bixiye ah ilaa 1971, waxa ay maalgelisaa hawlaha gabi ahaan iibinta stamps iyo alaabta la xidhiidha oo waxa ay samaysaa faa'iido hawl gal sanadba sanadka ka dambeeya.",0
1535,"In ka badan 100,000 oo haween ah oo ku nool Texas ayaa isku dayay in ay iskood isu soo dhisaan.","In ka badan 100,000 oo haween ah oo ku nool Texas ayaa isku dayay inay iskood iska soo xaaqaan sannadkii la soo dhaafay oo keliya.",0
1536,Haddii aad iibiso gurigaaga wixii ka dambeeya 2012 waxaad bixin doontaa boqolkiiba 3.8...,Haddii aad iibiso gurigaaga wixii ka dambeeya 2012 waxaad ka bixin doontaa boqolkiiba 3.8 canshuurta iibka.,0
1537,Codbixinta ayaa muujineysa in Floridians aysan dooneynin inay baabi'iyaan lacagta la awoodi karo…,Ra'yi ururintu waxay muujinayaan in Floridians aysan rabin inay tirtiraan Sharciga Daryeelka La awoodi karo.,0
1538,Guddiga dib u soo celinta dhaqangelinta ee gobolka ee dhawaan la sameeyay...,"Guddiga dib u eegista dhaqangelinta socdaalka ee gobolka ee dhawaan la sameeyay ayaa dhab ahaantii dacwayn kara, oo ku ridi kara [xukun] xabsiga, haddii aanu keenno xeer ilaaliyaha guud.",0
1539,"Wuxuu yidhi Mitt Romney wuxuu taageeray sharcia dhammaan ilmo iska soo rididda, e...","Wuxuu yidhi Mitt Romney wuxuu taageeray sharci mamnuucaya dhammaan ilmo iska soo rididda, xitaa kiisaska kufsiga iyo jinsiga.",0
1540,Is-dilku wuxuu ka imaanayaa calaamad ah ee waaweyn oo leh ...,Is-dilku wuxuu ka yimaadaa dawladda dhexe ee waaweyn oo leh waxba uma qalantid laakiin waxaad ku heli doontaa wax aan waxba ahayn.,0
1541,Haddii aad iibiso gurigaaga wixii ka dambeeya 2012 waxaad bixin doontaa boqolkiiba 3.8...,Haddii aad iibiso gurigaaga wixii ka dambeeya 2012 waxaad ka bixin doontaa boqolkiiba 3.8 canshuurta iibka.,0
1542,Wuxuu sheegay in uu ku guuleystay codka shacabka haddii aad ka jarto malaayiinta p...,Waxa uu sheegay in uu ku guulaystay codka shacabka haddii aad ka jarto malaayiinta qof ee sida sharci darrada ah u codeeyay.,0
1543,Sagaal boqol oo qof ayaa shaqada laga eryay tan iyo markii aan xoghayaha noqday...,Sagaal boqol oo qof ayaa shaqada laga eryay tan iyo markii aan xoghaye ka noqday (Arimaha Veterans). Waxa aanu helnay 60 qof oo aanu shaqada ka ceyrinay kuwaas oo wakhtiyada sugitaan wax-ka-qabtay.,0
1544,"27-kii bilood ee la soo dhaafay, Madaxweyne Barack Obama waxa uu abuuray...","27-kii bilood ee la soo dhaafay, Madaxweyne Barack Obama waxa uu abuuray shaqooyin ka badan kuwa gaarka loo leeyahay marka loo eego soo kabashada Reagan.",0
1545,Musharaxa senate-ka Mareykanka Jack Kingston waxa uu ku qarash gareeyay doollarkayaga canshuurta...,Musharaxa senate-ka ee Maraykanka Jack Kingston waxa uu doollarkayaga cashuurta ku kharash gareeyey kumanyaal calaamado wasakh ah.,0
1546,"Xiligii Madaxweyne Barack Obama, 8.3 (milyan) oo Maraykan ah ayaa ka yar ...","Xilligii Madaxweyne Barack Obama, 8.3 (milyan) oo Maraykan ah ayaa shaqeeya maanta in ka yar sidii ay ahaayeen afar sano ka hor.",0
1547,"Si qarsoodi ah, iyadoo aan la ogeyn xubnaha Congress-ka, in ka badan $105 biil...","Si qarsoodi ah, iyadoo aan la ogeyn xubnaha Congress-ka, in ka badan 105 bilyan ayaa lagu qariyay sharciga Obamacare.",0
1548,Maraykanku kama mid ahayn 16 waddan oo David Pe...,Mareykanka ayaan ka mid ahayn 16 wadan oo David Perdue uu ku sheegay in Pillowtex uu shaqo ka abuuray.,0
1549,Guddiga dib u soo celinta dhaqangelinta ee gobolka ee dhawaan la sameeyay...,"Guddiga dib u eegista dhaqangelinta socdaalka ee gobolka ee dhawaan la sameeyay ayaa dhab ahaantii dacwayn kara, oo ku ridi kara [xukun] xabsiga, haddii aanu keenno xeer ilaaliyaha guud.",0
1550,Maraykanku kama mid ahayn 16 waddan oo David Pe...,Mareykanka ayaan ka mid ahayn 16 wadan oo David Perdue uu ku sheegay in Pillowtex uu shaqo ka abuuray.,0
1551,Wuxuu yiri tababaraha kubbadda cagta Rex Ryan wuxuu ku guuleystay horyaalada ...,"Waxa uu yidhi tababaraha kubada cagta ee xirfada leh Rex Ryan ayaa ku guulaystay horyaalada New York. AFC, waxaan filayaa, laba jeer.",0
1552,"Si qarsoodi ah, iyadoo aan la ogeyn xubnaha Congress-ka, in ka badan $105 biil...","Si qarsoodi ah, iyadoo aan la ogeyn xubnaha Congress-ka, in ka badan 105 bilyan ayaa lagu qariyay sharciga Obamacare.",0
1553,Wuxuu yiri tababaraha kubbadda cagta Rex Ryan wuxuu ku guuleystay horyaalada ...,"Waxa uu yidhi tababaraha kubada cagta ee xirfada leh Rex Ryan ayaa ku guulaystay horyaalada New York. AFC, waxaan filayaa, laba jeer.",0
1554,"Wuxuu yidhi Mitt Romney wuxuu taageeray sharcia dhammaan ilmo iska soo rididda, e...","Wuxuu yidhi Mitt Romney wuxuu taageeray sharci mamnuucaya dhammaan ilmo iska soo rididda, xitaa kiisaska kufsiga iyo jinsiga.",0
1555,Waxa uu yidhi Madaxweyne Obama waxa uu afduubay biilka beeraha (oo) waxa uu u rogay i...,Waxa uu yidhi Madaxweyne Obama waxa uu afduubay biilka beeraha (oo) waxa uu ka dhigay biilka cuntada.,0
1556,Ku dhawaad ​​800 oo qof ayaa diiday in laga baaro daroogada sababtoo ah...,Qiyaastii 800 oo qof ayaa diiday in la sameeyo baaris daroogo sababtoo ah waxay u joogaan mukhaadaraad.,0
1557,Ku dhawaad ​​800 oo qof ayaa diiday in laga baaro daroogada sababtoo ah...,Qiyaastii 800 oo qof ayaa diiday in la sameeyo baaris daroogo sababtoo ah waxay u joogaan mukhaadaraad.,0
1558,Wuxuu yiri tababaraha kubbadda cagta Rex Ryan wuxuu ku guuleystay horyaalada ...,"Waxa uu yidhi tababaraha kubada cagta ee xirfada leh Rex Ryan ayaa ku guulaystay horyaalada New York. AFC, waxaan filayaa, laba jeer.",0
1559,Xildhibaanada Aqalka Sare ayaa meel mariyay mushaar kordhin dhan $10...,"Xubnaha Congress-ka waxay ku ansixiyeen mushaar kordhin dhan $10,000 muddo laba sano ah xitaa iyagoo u codeeyay inaanan kor loo qaadin macaashka Lambarka Bulshada 2010 iyo 2011.",0
1560,Wuxuu sheegay in uu ku guuleystay codka shacabka haddii aad ka jarto malaayiinta p...,Waxa uu sheegay in uu ku guulaystay codka shacabka haddii aad ka jarto malaayiinta qof ee sida sharci darrada ah u codeeyay.,0
1561,"Si qarsoodi ah, iyadoo aan la ogeyn xubnaha Congress-ka, in ka badan $105 biil...","Si qarsoodi ah, iyadoo aan la ogeyn xubnaha Congress-ka, in ka badan 105 bilyan ayaa lagu qariyay sharciga Obamacare.",0
1562,Waxay qaadataa tamar aad u badan si loo sameeyo panel cadceedda sida ay u badan tahay g...,Waxay qaadataa tamar aad u badan si loo sameeyo alwaax qoraxda sida ay u badan tahay inay soo saarto nolosheeda oo dhan.,0
1563,"Xiligii Madaxweyne Barack Obama, 8.3 (milyan) oo Maraykan ah ayaa ka yar ...","Xilligii Madaxweyne Barack Obama, 8.3 (milyan) oo Maraykan ah ayaa shaqeeya maanta in ka yar sidii ay ahaayeen afar sano ka hor.",0
1564,Waajibaadka daryeelka caafimaadku wuxuu u baahan doonaa xadhig iyo ganaax...,Waajibaadka daryeelka caafimaadku waxay u baahan doontaa xadhig iyo ganaax lacageed dadka Maraykanka ah ee aan awoodin inay iibsadaan caymis ama bixiyaan ganaaxyo culus oo dawladeed.,0
1565,"Qoysaska Maraykanku waxay ku dadaalaan inay helaan $4,250 bishii. Obama ayaa...","Qoysaska Maraykanku waxay ku dadaalaan inay helaan $4,250 bishii. Obama waxa uu ku kharash gareeyaa $18,972 bishii ilmo kasta oo sharci-darro ah.",0
1566,"Waxaan leenahay magaalooyin ku yaal Galbeedka Texas oo aan biyuhu lahayn, kuwaas oo ah ...","Waxaan leenahay magaalooyin ku yaal Galbeedka Texas oo ay ka maqan yihiin biyaha, kuwaas oo ay tahay in ay biyo ku dhaamiyaan.",0
1567,Adigoo isticmaalaya daldaloolo yar oo la yaqaan ... Minions Obama waa la oggol yahay ...,Adigoo isticmaalaya daldaloolo yar oo la yaqaan ... Minions Obama waxay u oggolaanayaan Shirkadda Nestle inay ka dhoofiso biyaha macaan ee qaaliga ah harada Michigan.,0
1568,Wendy Davis waxay kaliya ku samaynaysay lacag ururin Chicago,Wendy Davis waxa ay Chicago ka samaynaysay dhaqaale ururin iyada oo la kaashanaysa ururka hantiwadaaga caalamiga ah.,0
1569,Waxaan bixinaa PhD-da sanad walba in ka badan jaamacad kale ee A...,Waxaan bixinaa PhDs ka badan sanad walba marka loo eego jaamacadaha kale ee Ameerika marka laga reebo Berkeley.,0
1570,Wuxuu yiri xildhibaanka Miami Carlos Curbelo wuxuu taageersan yahay qodista qodista...,Waxa uu yidhi xildhibaanka Miami Carlos Curbelo waxa uu taageersan yahay qodista xeebaha waxana uu si isdaba joog ah uga codeeyay awoodda madaxweyne Obama ee la dagaalanka wasakhowga iyo la dagaalanka isbedelka cimilada.,0
1571,"Si qarsoodi ah, iyadoo aan la ogeyn xubnaha Congress-ka, in ka badan $105 biil...","Si qarsoodi ah, iyadoo aan la ogeyn xubnaha Congress-ka, in ka badan 105 bilyan ayaa lagu qariyay sharciga Obamacare.",0
1572,Ayaa sheegtay in dowladda federaalku ay amar ku bixisay in dadka aan galmoodka ahayn (sic) iyo h...,Ayaa sheegtay in dawladda federaalku ay amar ku bixinayso dadka aan isu galmoodin (sic) iyo khaniisiinta inay carruurta ku qabsanayaan aagagga khatarta ah ee shisheeyaha iyagoo adeegsanaya magaca ammaanka garoonka diyaaradaha.,0
1573,Madaxweyne Obama ayaa sheegay in shaqo la’aanta ay ka hooseyso 8...,Waxa uu yidhi Madaxweyne Obama waxa uu ballan qaaday in shaqo la'aanta ay ka hoosayso 8 boqolkiiba haddii kicinta la dhaafo.,0
1574,Saddex meelood labo ka mid ah dadka ku nool Wisconsin ayaa si adag uga soo horjeeda...,Saddex meelood laba meel dadka Wisconsin ayaa si adag uga soo horjeeda fikradan ah in si joogto ah looga qaado xuquuqda dadka ee gorgortanka wadajirka ah.,0
1575,Canshuuraha guryuhu hadda 18% way ka sarreeyaan markii (Mark Sharpe) kow...,Canshuuraha guryuhu hadda 18% way ka sarreeyaan markii (Mark Sharpe) markii ugu horreysay ee uu xafiiska la wareegay.,0
1576,"Keystone XL wuxuu u oggolaanayaa Kanada inay soo saarto saliiddooda, u dirto iyada oo loo marayo ...","Keystone XL wuxuu u oggolaanayaa Kanada inay soo saarto shidaalkooda, u dirto dhulkeena, ilaa Khaliijka, halkaas oo laga iibin doono meel kasta oo kale.",0
1577,"Waxa uu sheegay in uu ahaa saldhigga gobolka Utah, uu markii la shaqeeyay s ...","Wuxuu sheegay in markii uu ahaa guddoomiyaha Utah, uu la shaqeeyay Sharci-dejinta gobolka si loo abuuro canshuur siman oo dhimaysa canshuurta dakhliga boqolkiiba 30.",0
1578,Haddii Madaxweyne Obama saxiixo daawaynta isbedelka cimilada ee Copenhagen...,"Haddii madaxweyne Obama uu saxiixo heshiiska isbeddelka cimilada ee Copenhagen, wuxuu ""sixiixi doonaa xorriyaddaada, dimoqraadiyaddaada, iyo barwaaqadaada weligiin, adiga iyo dawlad kasta oo ku xigta oo aad dooran karto ma lahaan doonto wax awood ah si ay dib ugu soo celiso.""",0
1579,Wendy Davis waxay kaliya ku samaynaysay lacag ururin Chicago,Wendy Davis waxa ay Chicago ka samaynaysay dhaqaale ururin iyada oo la kaashanaysa ururka hantiwadaaga caalamiga ah.,0
1580,Waxaan ka mid ahaa kuwii ugu horreeyay ee dhaleeceeya ku degdegista dagaalka (Ir...,"Waxaan ka mid ahaa kuwii ugu horreeyay ee dhaleeceeya degdegga ah ee dagaalka (Ciraaq), iyo haa, xitaa ka hor inta uusan dagaalku bilaaban.",0
1581,Waxa uu yidhi Madaxweyne Obama waxa uu afduubay biilka beeraha (oo) waxa uu u rogay i...,Waxa uu yidhi Madaxweyne Obama waxa uu afduubay biilka beeraha (oo) waxa uu ka dhigay biilka cuntada.,0
1582,Sagaal boqol oo qof ayaa shaqada laga eryay tan iyo markii aan xoghayaha noqday...,Sagaal boqol oo qof ayaa shaqada laga eryay tan iyo markii aan xoghaye ka noqday (Arimaha Veterans). Waxa aanu helnay 60 qof oo aanu shaqada ka ceyrinay kuwaas oo wakhtiyada sugitaan wax-ka-qabtay.,0
1583,Wuxuu sheegay in ay jiraan doollar federaal ah oo badan oo ku jira Gov. John Kasichs bud...,Wuxuu sheegay in ay jiraan doollar federaali ah oo ka badan qorshaha miisaaniyadda Gov. John Kasichs marka loo eego miisaaniyaddii hore ee gobolka.,0
1584,"Barack Obama ""wuxuu doonayaa in dowladda ay la wareegto daryeelka caafimaadka,...","Barack Obama ""wuxuu rabaa in dowladdu ay la wareegto daryeelka caafimaadka, ku bixiso boqolaal bilyan oo doolar oo lacag cusub ah caymiska caafimaadka qof walba.""",0
1585,"Qaar ka mid ah kulliyadaha, oo ay ku jiraan AM, ayaa horey u dammaanad qaaday ...","Qaar ka mid ah kulliyadaha, oo ay ku jirto AM, ayaa horey u dammaanad qaaday inaysan kordhin doonin waxbarashadooda.",0
1586,Muwaadiniin Jarmal ah ayaa dawladoodii hub ka dhigis ku samaysay dhamaadkii...,"Muwaadiniinta Jarmalku waxa hub ka dhigis ku sameeyay dawladoodii dabayaaqadii 1930-meeyadii, taas oo u ogolaatay Naasiyiintii in ay fuliyaan ujeedooyinkooda xun iyaga oo iska caabin yar leh.",0
1587,Adigoo isticmaalaya daldaloolo yar oo la yaqaan ... Minions Obama waa la oggol yahay ...,Adigoo isticmaalaya daldaloolo yar oo la yaqaan ... Minions Obama waxay u oggolaanayaan Shirkadda Nestle inay ka dhoofiso biyaha macaan ee qaaliga ah harada Michigan.,0
1588,Maxay ahaayeen hoos u dhacii sanadlaha ahaa ee Jamhuuriga hadda...,Maxay ahaayeen khasaare sanadeedkii hore ee Jamhuuriyiinta ayaa hadda noqday hoos u dhacyada billaha ah ee hoos yimaada Dimuqraadiyiinta.,0
1589,Qofka iga soo waxa uu ballan qaadayaa in uu soo celin doono shaqada hore isaga oo raba in uu iska tago...,Qofka iga soo horjeeda wuxuu ballan qaadayaa inuu soo celin doono shaqooyin hore isagoo u rajeeyay dhaqaalaha adduunka.,0
1590,Waxaa jira kharashyo maamul oo sarreeya marka aad ku deeqdo Haiti...,Waxaa jira kharashyo maamul oo sarreeya marka aad ku deeqdo gargaarka Haiti iyada oo loo marayo Mareegta Aqalka Cad.,0
1591,"McCain ""wuxuu u codeeyay inuu dhimo maalgelinta waxbarashada, isagoo ka soo horjeeda la xisaabtanka","McCain ""wuxuu u codeeyay inuu dhimo maalgelinta waxbarashada, isagoo ka soo horjeeda heerarka isla xisaabtanka. Wuxuu xitaa soo jeediyay in la baabi'iyo Waaxda Waxbarashada.""",0
1592,Sagaal boqol oo qof ayaa shaqada laga eryay tan iyo markii aan xoghayaha noqday...,Sagaal boqol oo qof ayaa shaqada laga eryay tan iyo markii aan xoghaye ka noqday (Arimaha Veterans). Waxa aanu helnay 60 qof oo aanu shaqada ka ceyrinay kuwaas oo wakhtiyada sugitaan wax-ka-qabtay.,0
1593,Nidaamka xogta ee la socda Common Core waxaa loo qaabeeyey t...,"Nidaamka xogta ee la socda Core Common waxaa loogu talagalay in lagu ururiyo ilaa 400 dhibcood ilmo kasta, taas oo ay ku jiri karto xogta shakhsi ahaan lagu aqoonsan karo.",0
1594,"27-kii bilood ee la soo dhaafay, Madaxweyne Barack Obama waxa uu abuuray...","27-kii bilood ee la soo dhaafay, Madaxweyne Barack Obama waxa uu abuuray shaqooyin ka badan kuwa gaarka loo leeyahay marka loo eego soo kabashada Reagan.",0
1595,Waxaan u dhimi karnaa shaqo la'aanta kala bar si fudud annaga oo dib u soo ceshanno j...,Waxaan shaqo la'aanta u dhimi karnaa kala bar si fudud innagoo dib u soo ceshanayna shaqooyinkii ay qabteen shaqaalaha sharci darrada ah.,0
1596,Bal eeg waxa uu agaasimaha FBI-da ka yidhi iyada (Hillary C...,Bal u fiirso waxa uu agaasimaha FBI-da ka yidhi (Hillary Clinton) dhaqan-xumada ay samaysay waa ceeb iyo ceeb dalkeena.,0
1597,Is-dilku wuxuu ka imaanayaa calaamad ah ee waaweyn oo leh ...,Is-dilku wuxuu ka yimaadaa dawladda dhexe ee waaweyn oo leh waxba uma qalantid laakiin waxaad ku heli doontaa wax aan waxba ahayn.,0
1598,Waxa uu sheegay in Madaxweyne Barack Obama uu ballan qaaday inuu la shaqeyn doono...,"Waxa uu sheegay in iyada oo Madaxweyne Barack Obama uu ballan qaaday in uu la shaqayn doono loo-shaqeeyahaaga si uu hoos ugu dhigo khidmadahaaga $2,500 qoyskiiba sannadkii, sharcigiisa daryeelka caafimaadku waxa uu kor u qaadayaa khidmadaha suuqa gaarka ah $2,100 qoyskiiba.",0
1599,Waxaa jira kharashyo maamul oo sarreeya marka aad ku deeqdo Haiti...,Waxaa jira kharashyo maamul oo sarreeya marka aad ku deeqdo gargaarka Haiti iyada oo loo marayo Mareegta Aqalka Cad.,0
1600,Miisaaniyadda Madaxweyne Barack Obama ayaa khatar ku ah amniga qaranka b...,Miisaaniyadda Madaxweyne Barack Obamas waxay khatar ku tahay amniga qaranka isagoo soo jeedinaya Ciidan ka kooban shaqaale ka yar kuwii aan haysanay ka hor Pearl Harbor.,0
1601,Waxaa jira kharashyo maamul oo sarreeya marka aad ku deeqdo Haiti...,Waxaa jira kharashyo maamul oo sarreeya marka aad ku deeqdo gargaarka Haiti iyada oo loo marayo Mareegta Aqalka Cad.,0
1602,Maraykanku kama mid ahayn 16 waddan oo David Pe...,Mareykanka ayaan ka mid ahayn 16 wadan oo David Perdue uu ku sheegay in Pillowtex uu shaqo ka abuuray.,0
1603,"Qoysaska Maraykanku waxay ku dadaalaan inay helaan $4,250 bishii. Obama ayaa...","Qoysaska Maraykanku waxay ku dadaalaan inay helaan $4,250 bishii. Obama waxa uu ku kharash gareeyaa $18,972 bishii ilmo kasta oo sharci-darro ah.",0
1604,Waxay leedahay warbaahintu waxay abuurtay ereyga polar vortex iyo qabow ai...,Waxay leedahay warbaahintu waxay abuurtay ereyga polar vortex hawada qabowna waxay caddaynaysaa in barafku aanu dhalaalinayn.,0
1605,"27-kii bilood ee la soo dhaafay, Madaxweyne Barack Obama waxa uu abuuray...","27-kii bilood ee la soo dhaafay, Madaxweyne Barack Obama waxa uu abuuray shaqooyin ka badan kuwa gaarka loo leeyahay marka loo eego soo kabashada Reagan.",0
1606,Wendy Davis waxay kaliya ku samaynaysay lacag ururin Chicago,Wendy Davis waxa ay Chicago ka samaynaysay dhaqaale ururin iyada oo la kaashanaysa ururka hantiwadaaga caalamiga ah.,0
1607,Saddex meelood labo ka mid ah dadka ku nool Wisconsin ayaa si adag uga soo horjeeda...,Saddex meelood laba meel dadka Wisconsin ayaa si adag uga soo horjeeda fikradan ah in si joogto ah looga qaado xuquuqda dadka ee gorgortanka wadajirka ah.,0
1608,Saddex meelood labo ka mid ah dadka ku nool Wisconsin ayaa si adag uga soo horjeeda...,Saddex meelood laba meel dadka Wisconsin ayaa si adag uga soo horjeeda fikradan ah in si joogto ah looga qaado xuquuqda dadka ee gorgortanka wadajirka ah.,0
1609,Waxa uu sheegay in Madaxweyne Barack Obama uu ballan qaaday inuu la shaqeyn doono...,"Waxa uu sheegay in iyada oo Madaxweyne Barack Obama uu ballan qaaday in uu la shaqayn doono loo-shaqeeyahaaga si uu hoos ugu dhigo khidmadahaaga $2,500 qoyskiiba sannadkii, sharcigiisa daryeelka caafimaadku waxa uu kor u qaadayaa khidmadaha suuqa gaarka ah $2,100 qoyskiiba.",0
1610,Qofka iga soo waxa uu ballan qaadayaa in uu soo celin doono shaqada hore isaga oo raba in uu iska tago...,Qofka iga soo horjeeda wuxuu ballan qaadayaa inuu soo celin doono shaqooyin hore isagoo u rajeeyay dhaqaalaha adduunka.,0
1611,Frank Guinta ayaa u codeeyay in cashuur bixiyayaasha dabaqadda dhexe ay bixiyaan lacag ka badan...,"Frank Guinta ayaa u codeeyay in cashuur bixiyayaasha dabaqadda dhexe ay bixiyaan in ka badan $1,000 oo dheeraad ah sannadkii.",0
1612,Waxa uu sheegay in Romney uu maalgashaday shirkad alaab ka samaysa Shiinaha oo...,Waxa uu yidhi Romney waxa uu maalgashaday shirkad alaabo ka samaynaysa Shiinaha oo laga samayn lahaa halkan America.,0
1613,Xildhibaanada Aqalka Sare ayaa meel mariyay mushaar kordhin dhan $10...,"Xubnaha Congress-ka waxay ku ansixiyeen mushaar kordhin dhan $10,000 muddo laba sano ah xitaa iyagoo u codeeyay inaanan kor loo qaadin macaashka Lambarka Bulshada 2010 iyo 2011.",0
1614,Wuxuu sheegay in dib u habeynta daryeelka caafimaadka qaranka ay tahay mid ay dowladdu la wareegtay...,Waxa uu leeyahay dib u habaynta daryeelka caafimaadka qaranka waa la wareegida dawladda ee daryeelka caafimaadka.,0
1615,Pentagon-ka ayaa ka dhigtay geesinimada tan iyo markii la shaaciyay ee POW Jessi ...,Pentagon-ka ayaa ka dhigtay geesinimada tan iyo markii la shaaciyay ee POW Jessica Lynch iyada oo isku dayday in ay ka fogaato qabashada Ciraaq.,0
1616,Wuxuu yiri tababaraha kubbadda cagta Rex Ryan wuxuu ku guuleystay horyaalada ...,"Waxa uu yidhi tababaraha kubada cagta ee xirfada leh Rex Ryan ayaa ku guulaystay horyaalada New York. AFC, waxaan filayaa, laba jeer.",0
1617,Waxaan u dhimi karnaa shaqo la'aanta kala bar si fudud annaga oo dib u soo ceshanno j...,Waxaan shaqo la'aanta u dhimi karnaa kala bar si fudud innagoo dib u soo ceshanayna shaqooyinkii ay qabteen shaqaalaha sharci darrada ah.,0
1618,Frank Guinta ayaa u codeeyay in cashuur bixiyayaasha dabaqadda dhexe ay bixiyaan lacag ka badan...,"Frank Guinta ayaa u codeeyay in cashuur bixiyayaasha dabaqadda dhexe ay bixiyaan in ka badan $1,000 oo dheeraad ah sannadkii.",0
1619,Wuxuu sheegay in ay jiraan doollar federaal ah oo badan oo ku jira Gov. John Kasichs bud...,Wuxuu sheegay in ay jiraan doollar federaali ah oo ka badan qorshaha miisaaniyadda Gov. John Kasichs marka loo eego miisaaniyaddii hore ee gobolka.,0
1620,Codbixinta ayaa muujineysa in Floridians aysan dooneynin inay baabi'iyaan lacagta la awoodi karo…,Ra'yi ururintu waxay muujinayaan in Floridians aysan rabin inay tirtiraan Sharciga Daryeelka La awoodi karo.,0
1621,Ayaa sheegay in Adeegga Boostada Maraykanku aanay qaadan wax gargaar cashuur bixiye ah tan iyo markii...,"Waxa uu leeyahay Adeegga Boostada Maraykanku ma qaadin wax gargaar cashuur bixiye ah ilaa 1971, waxa ay maalgelisaa hawlaha gabi ahaan iibinta stamps iyo alaabta la xidhiidha oo waxa ay samaysaa faa'iido hawl gal sanadba sanadka ka dambeeya.",0
1622,Ciidamada badda ayaa dacwad ku soo oogaya sarkaal ka tirsan ciidamada badda oo toogtay...,Ciidanka badda ayaa dacwad ku soo oogaya sarkaal ka tirsan ciidamada badda oo toogtay toogashadii Chattanooga ka dib markii uu si sharci darro ah hub ugu furay hanti federaal ah.,0
1623,Adigoo isticmaalaya daldaloolo yar oo la yaqaan ... Minions Obama waa la oggol yahay ...,Adigoo isticmaalaya daldaloolo yar oo la yaqaan ... Minions Obama waxay u oggolaanayaan Shirkadda Nestle inay ka dhoofiso biyaha macaan ee qaaliga ah harada Michigan.,0
1624,Frank Guinta ayaa u codeeyay in cashuur bixiyayaasha dabaqadda dhexe ay bixiyaan lacag ka badan...,"Frank Guinta ayaa u codeeyay in cashuur bixiyayaasha dabaqadda dhexe ay bixiyaan in ka badan $1,000 oo dheeraad ah sannadkii.",0
1625,Muwaadiniin Jarmal ah ayaa dawladoodii hub ka dhigis ku samaysay dhamaadkii...,"Muwaadiniinta Jarmalku waxa hub ka dhigis ku sameeyay dawladoodii dabayaaqadii 1930-meeyadii, taas oo u ogolaatay Naasiyiintii in ay fuliyaan ujeedooyinkooda xun iyaga oo iska caabin yar leh.",0
1626,Saddex meelood labo ka mid ah dadka ku nool Wisconsin ayaa si adag uga soo horjeeda...,Saddex meelood laba meel dadka Wisconsin ayaa si adag uga soo horjeeda fikradan ah in si joogto ah looga qaado xuquuqda dadka ee gorgortanka wadajirka ah.,0
1627,Wuxuu yiri xildhibaanka Miami Carlos Curbelo wuxuu taageersan yahay qodista qodista...,Waxa uu yidhi xildhibaanka Miami Carlos Curbelo waxa uu taageersan yahay qodista xeebaha waxana uu si isdaba joog ah uga codeeyay awoodda madaxweyne Obama ee la dagaalanka wasakhowga iyo la dagaalanka isbedelka cimilada.,0
1628,Ayaa sheegtay in dowladda federaalku ay amar ku bixisay in dadka aan galmoodka ahayn (sic) iyo h...,Ayaa sheegtay in dawladda federaalku ay amar ku bixinayso dadka aan isu galmoodin (sic) iyo khaniisiinta inay carruurta ku qabsanayaan aagagga khatarta ah ee shisheeyaha iyagoo adeegsanaya magaca ammaanka garoonka diyaaradaha.,0
1629,Qofka iga soo waxa uu ballan qaadayaa in uu soo celin doono shaqada hore isaga oo raba in uu iska tago...,Qofka iga soo horjeeda wuxuu ballan qaadayaa inuu soo celin doono shaqooyin hore isagoo u rajeeyay dhaqaalaha adduunka.,0
1630,"Keystone XL wuxuu u oggolaanayaa Kanada inay soo saarto saliiddooda, u dirto iyada oo loo marayo ...","Keystone XL wuxuu u oggolaanayaa Kanada inay soo saarto shidaalkooda, u dirto dhulkeena, ilaa Khaliijka, halkaas oo laga iibin doono meel kasta oo kale.",0
1631,(Madaxweyne Barack Obama) ayaa sheegay in shaqo la’aantu aysan waligeed g...,(Madaxweyne Barack Obama) wuxuu sheegay in shaqo la'aantu aysan weligeed dhaafi doonin 8 boqolkiiba haddii aan gudbino qorshaha kicinta.,0
1632,Saddex meelood labo meel Granite States ayaa kasoo horjeeda xisbiga Shaaha iyo xisbigiisa...,Saddex meelood laba meel Granite States waxay ka soo horjeedaan Xisbiga Shaaha iyo ajandihiisa ku saabsan ururada shaqaalaha.,0
1633,Waxa uu sheegay in Madaxweyne Barack Obama uu ballan qaaday inuu la shaqeyn doono...,"Waxa uu sheegay in iyada oo Madaxweyne Barack Obama uu ballan qaaday in uu la shaqayn doono loo-shaqeeyahaaga si uu hoos ugu dhigo khidmadahaaga $2,500 qoyskiiba sannadkii, sharcigiisa daryeelka caafimaadku waxa uu kor u qaadayaa khidmadaha suuqa gaarka ah $2,100 qoyskiiba.",0
1634,Waxay qaadataa tamar aad u badan si loo sameeyo panel cadceedda sida ay u badan tahay g...,Waxay qaadataa tamar aad u badan si loo sameeyo alwaax qoraxda sida ay u badan tahay inay soo saarto nolosheeda oo dhan.,0
1635,"Qaar ka mid ah kulliyadaha, oo ay ku jiraan AM, ayaa horey u dammaanad qaaday ...","Qaar ka mid ah kulliyadaha, oo ay ku jirto AM, ayaa horey u dammaanad qaaday inaysan kordhin doonin waxbarashadooda.",0
1636,Waxa uu yidhi Donald Trump waxa uu taageersan yahay ajande halkaas ka jira oo ah in si gaar loo leeyahay...,Waxa uu yidhi Donald Trump waxa uu taageerayaa ajande halkaa ka jira si gaar looga dhigo nidaamka daryeelka caafimaadka ee Arrimaha Veterans.,0
1637,Saraakiisha Medicare waxay ula dhaqmeen Humana iyo AARP si aan is waafaqsanayn,Saraakiisha Medicare waxay ula dhaqmeen Humana iyo AARP si aan joogto ahayn sida ay ula xiriiri karaan waayeelka.,0
1638,Wuxuu sheegay in ay jiraan doollar federaal ah oo badan oo ku jira Gov. John Kasichs bud...,Wuxuu sheegay in ay jiraan doollar federaali ah oo ka badan qorshaha miisaaniyadda Gov. John Kasichs marka loo eego miisaaniyaddii hore ee gobolka.,0
1639,Waxaan u dhimi karnaa shaqo la'aanta kala bar si fudud annaga oo dib u soo ceshanno j...,Waxaan shaqo la'aanta u dhimi karnaa kala bar si fudud innagoo dib u soo ceshanayna shaqooyinkii ay qabteen shaqaalaha sharci darrada ah.,0
1640,Haddii aad iibiso gurigaaga wixii ka dambeeya 2012 waxaad bixin doontaa boqolkiiba 3.8...,Haddii aad iibiso gurigaaga wixii ka dambeeya 2012 waxaad ka bixin doontaa boqolkiiba 3.8 canshuurta iibka.,0
1641,Waxay leedahay warbaahintu waxay abuurtay ereyga polar vortex iyo qabow ai...,Waxay leedahay warbaahintu waxay abuurtay ereyga polar vortex hawada qabowna waxay caddaynaysaa in barafku aanu dhalaalinayn.,0
1642,Saddex meelood labo meel Granite States ayaa kasoo horjeeda xisbiga Shaaha iyo xisbigiisa...,Saddex meelood laba meel Granite States waxay ka soo horjeedaan Xisbiga Shaaha iyo ajandihiisa ku saabsan ururada shaqaalaha.,0
1643,Bal eeg waxa uu agaasimaha FBI-da ka yidhi iyada (Hillary C...,Bal u fiirso waxa uu agaasimaha FBI-da ka yidhi (Hillary Clinton) dhaqan-xumada ay samaysay waa ceeb iyo ceeb dalkeena.,0
1644,Walaalaha Koch keligood waxay siiyeen lacag laba jibaar ka badan Scott Wa...,Walaalaha Koch keligood waxay siiyeen laba laab lacag ka badan Scott Walker wadarta guud ee lacagta uu soo ururiyay Tom Barrett.,0
1645,"Mashruuca Buffalos SolarCity, Andrew Cuomo wuxuu abuuri doonaa laga yaabee ...","Mashruuca Buffalos SolarCity, Andrew Cuomo wuxuu abuuri doonaa laga yaabee 500 shaqo haddii ay weligeed dhacdo, qiyaastii $1.5 milyan shaqa kasta.",0
1646,Xildhibaanada Aqalka Sare ayaa meel mariyay mushaar kordhin dhan $10...,"Xubnaha Congress-ka waxay ku ansixiyeen mushaar kordhin dhan $10,000 muddo laba sano ah xitaa iyagoo u codeeyay inaanan kor loo qaadin macaashka Lambarka Bulshada 2010 iyo 2011.",0
1647,Waxaan bixinaa PhD-da sanad walba in ka badan jaamacad kale ee A...,Waxaan bixinaa PhDs ka badan sanad walba marka loo eego jaamacadaha kale ee Ameerika marka laga reebo Berkeley.,0
1648,Waxaan bixinaa PhD-da sanad walba in ka badan jaamacad kale ee A...,Waxaan bixinaa PhDs ka badan sanad walba marka loo eego jaamacadaha kale ee Ameerika marka laga reebo Berkeley.,0
1649,Haddii Madaxweyne Obama saxiixo daawaynta isbedelka cimilada ee Copenhagen...,"Haddii madaxweyne Obama uu saxiixo heshiiska isbeddelka cimilada ee Copenhagen, wuxuu ""sixiixi doonaa xorriyaddaada, dimoqraadiyaddaada, iyo barwaaqadaada weligiin, adiga iyo dawlad kasta oo ku xigta oo aad dooran karto ma lahaan doonto wax awood ah si ay dib ugu soo celiso.""",0
1650,"Qoysaska Maraykanku waxay ku dadaalaan inay helaan $4,250 bishii. Obama ayaa...","Qoysaska Maraykanku waxay ku dadaalaan inay helaan $4,250 bishii. Obama waxa uu ku kharash gareeyaa $18,972 bishii ilmo kasta oo sharci-darro ah.",0
1651,Hindise sharciyeedka gobolka ayaa soo afjari doona shuruudihii muddada dheer ee ahaa in deegaanka...,Hindise-sharciyeedka gobolku waxa uu soo afjarayaa shuruudii muddada dheer u baahnayd ee ah in dawladaha hoose ay dayactiraan waddooyinka waaweyn iyo laamiyada-- oo ay ka horjoogsadaan muwaadiniinta dhaawaca ah in ay dacweeyaan dayactirka la dayacay.,0
1652,Waxay leedahay warbaahintu waxay abuurtay ereyga polar vortex iyo qabow ai...,Waxay leedahay warbaahintu waxay abuurtay ereyga polar vortex hawada qabowna waxay caddaynaysaa in barafku aanu dhalaalinayn.,0
1653,Wuxuu yiri xildhibaanka Miami Carlos Curbelo wuxuu taageersan yahay qodista qodista...,Waxa uu yidhi xildhibaanka Miami Carlos Curbelo waxa uu taageersan yahay qodista xeebaha waxana uu si isdaba joog ah uga codeeyay awoodda madaxweyne Obama ee la dagaalanka wasakhowga iyo la dagaalanka isbedelka cimilada.,0
1654,(Madaxweyne Barack Obama) ayaa sheegay in shaqo la’aantu aysan waligeed g...,(Madaxweyne Barack Obama) wuxuu sheegay in shaqo la'aantu aysan weligeed dhaafi doonin 8 boqolkiiba haddii aan gudbino qorshaha kicinta.,0
1655,Madaxweyne Obama ayaa sheegay in shaqo la’aanta ay ka hooseyso 8...,Waxa uu yidhi Madaxweyne Obama waxa uu ballan qaaday in shaqo la'aanta ay ka hoosayso 8 boqolkiiba haddii kicinta la dhaafo.,0
1656,Miisaaniyadda Madaxweyne Barack Obama ayaa khatar ku ah amniga qaranka b...,Miisaaniyadda Madaxweyne Barack Obamas waxay khatar ku tahay amniga qaranka isagoo soo jeedinaya Ciidan ka kooban shaqaale ka yar kuwii aan haysanay ka hor Pearl Harbor.,0
1657,Haddii Madaxweyne Obama saxiixo daawaynta isbedelka cimilada ee Copenhagen...,"Haddii madaxweyne Obama uu saxiixo heshiiska isbeddelka cimilada ee Copenhagen, wuxuu ""sixiixi doonaa xorriyaddaada, dimoqraadiyaddaada, iyo barwaaqadaada weligiin, adiga iyo dawlad kasta oo ku xigta oo aad dooran karto ma lahaan doonto wax awood ah si ay dib ugu soo celiso.""",0
1658,"Xiligii Madaxweyne Barack Obama, 8.3 (milyan) oo Maraykan ah ayaa ka yar ...","Xilligii Madaxweyne Barack Obama, 8.3 (milyan) oo Maraykan ah ayaa shaqeeya maanta in ka yar sidii ay ahaayeen afar sano ka hor.",0
1659,"Wuxuu yidhi Mitt Romney wuxuu taageeray sharcia dhammaan ilmo iska soo rididda, e...","Wuxuu yidhi Mitt Romney wuxuu taageeray sharci mamnuucaya dhammaan ilmo iska soo rididda, xitaa kiisaska kufsiga iyo jinsiga.",0
1660,"McCain ""wuxuu u codeeyay inuu dhimo maalgelinta waxbarashada, isagoo ka soo horjeeda la xisaabtanka","McCain ""wuxuu u codeeyay inuu dhimo maalgelinta waxbarashada, isagoo ka soo horjeeda heerarka isla xisaabtanka. Wuxuu xitaa soo jeediyay in la baabi'iyo Waaxda Waxbarashada.""",0
1661,"Wuxuu yidhi Mitt Romney wuxuu taageeray sharcia dhammaan ilmo iska soo rididda, e...","Wuxuu yidhi Mitt Romney wuxuu taageeray sharci mamnuucaya dhammaan ilmo iska soo rididda, xitaa kiisaska kufsiga iyo jinsiga.",0
1662,Maraykanku kama mid ahayn 16 waddan oo David Pe...,Mareykanka ayaan ka mid ahayn 16 wadan oo David Perdue uu ku sheegay in Pillowtex uu shaqo ka abuuray.,0
1663,Wuxuu sheegay in qaraarka Senate-ka uu soo celin doono $140 bishiiba...,Wuxuu sheegay in qaraarka Senate-ka uu soo celin doono $140 lacagihii kaalmada guud ee bishii iyo ka hortagga dadka inay dambi galaan.,0
1664,Waxaan ka mid ahaa kuwii ugu horreeyay ee dhaleeceeya ku degdegista dagaalka (Ir...,"Waxaan ka mid ahaa kuwii ugu horreeyay ee dhaleeceeya degdegga ah ee dagaalka (Ciraaq), iyo haa, xitaa ka hor inta uusan dagaalku bilaaban.",0
1665,"Inkasta oo ay ka soo horjeesteen naadiga qaranka ee kobaca, naadiga G...","In kasta oo ay ka soo horjeedaan Naadiga kobaca qaranka, Naadiga Kobaca Wisconsin ayaa u ansixiyay Senetka Mareykanka.",0
1666,Canshuuraha guryuhu hadda 18% way ka sarreeyaan markii (Mark Sharpe) kow...,Canshuuraha guryuhu hadda 18% way ka sarreeyaan markii (Mark Sharpe) markii ugu horreysay ee uu xafiiska la wareegay.,0
1667,Is-dilku wuxuu ka imaanayaa calaamad ah ee waaweyn oo leh ...,Is-dilku wuxuu ka yimaadaa dawladda dhexe ee waaweyn oo leh waxba uma qalantid laakiin waxaad ku heli doontaa wax aan waxba ahayn.,0
1668,Ayaa sheegay in Adeegga Boostada Maraykanku aanay qaadan wax gargaar cashuur bixiye ah tan iyo markii...,"Waxa uu leeyahay Adeegga Boostada Maraykanku ma qaadin wax gargaar cashuur bixiye ah ilaa 1971, waxa ay maalgelisaa hawlaha gabi ahaan iibinta stamps iyo alaabta la xidhiidha oo waxa ay samaysaa faa'iido hawl gal sanadba sanadka ka dambeeya.",0
1669,Wuxuu sheegay in eedeymaha ah inuu sameeyay galmo aan loo baahnayn oo ku saabsan ...,Waxa uu sheegay in eedeymaha ah in uu sameeyay galmo aan la rabin oo uu ku sameeyay haweeney ku xigeen shariif ah ay laba garsoore oo kala duwan ay ku heleen in aysan mudneyn.,0
1670,"Mashruuca Buffalos SolarCity, Andrew Cuomo wuxuu abuuri doonaa laga yaabee ...","Mashruuca Buffalos SolarCity, Andrew Cuomo wuxuu abuuri doonaa laga yaabee 500 shaqo haddii ay weligeed dhacdo, qiyaastii $1.5 milyan shaqa kasta.",0
1671,Ciidamada badda ayaa dacwad ku soo oogaya sarkaal ka tirsan ciidamada badda oo toogtay...,Ciidanka badda ayaa dacwad ku soo oogaya sarkaal ka tirsan ciidamada badda oo toogtay toogashadii Chattanooga ka dib markii uu si sharci darro ah hub ugu furay hanti federaal ah.,0
1672,Waxaan bixinaa PhD-da sanad walba in ka badan jaamacad kale ee A...,Waxaan bixinaa PhDs ka badan sanad walba marka loo eego jaamacadaha kale ee Ameerika marka laga reebo Berkeley.,0
1673,Codbixinta ayaa muujineysa in Floridians aysan dooneynin inay baabi'iyaan lacagta la awoodi karo…,Ra'yi ururintu waxay muujinayaan in Floridians aysan rabin inay tirtiraan Sharciga Daryeelka La awoodi karo.,0
1674,Adigoo isticmaalaya daldaloolo yar oo la yaqaan ... Minions Obama waa la oggol yahay ...,Adigoo isticmaalaya daldaloolo yar oo la yaqaan ... Minions Obama waxay u oggolaanayaan Shirkadda Nestle inay ka dhoofiso biyaha macaan ee qaaliga ah harada Michigan.,0
1675,Muwaadiniin Jarmal ah ayaa dawladoodii hub ka dhigis ku samaysay dhamaadkii...,"Muwaadiniinta Jarmalku waxa hub ka dhigis ku sameeyay dawladoodii dabayaaqadii 1930-meeyadii, taas oo u ogolaatay Naasiyiintii in ay fuliyaan ujeedooyinkooda xun iyaga oo iska caabin yar leh.",0
1676,"Wuxuu yidhi Mitt Romney wuxuu taageeray sharcia dhammaan ilmo iska soo rididda, e...","Wuxuu yidhi Mitt Romney wuxuu taageeray sharci mamnuucaya dhammaan ilmo iska soo rididda, xitaa kiisaska kufsiga iyo jinsiga.",0
1677,Boqolkiiba 95 lacagta loo isticmaalo ururka shaqaalaha wor...,Boqolkiiba shan iyo sagaashan lacagta loo isticmaalo xarumaha tababarka shaqaalaha ee ay ku shaqeeyaan ururka waxay ka yimaadaan loo shaqeeyayaasha.,0
1678,"Mashruuca Buffalos SolarCity, Andrew Cuomo wuxuu abuuri doonaa laga yaabee ...","Mashruuca Buffalos SolarCity, Andrew Cuomo wuxuu abuuri doonaa laga yaabee 500 shaqo haddii ay weligeed dhacdo, qiyaastii $1.5 milyan shaqa kasta.",0
1679,"Hadda, Golaha Wakiilada, waxaan leenahay 40 kala duwan oo j...","Hadda, Golaha Wakiillada, waxaanu haynaa 40 xeer oo kala duwan oo shaqo ah oo la ansixiyay oo ku dhawaad ​​dhamaantood ahaayeen laba xisbi.",0
1680,Codbixinta ayaa muujineysa in Floridians aysan dooneynin inay baabi'iyaan lacagta la awoodi karo…,Ra'yi ururintu waxay muujinayaan in Floridians aysan rabin inay tirtiraan Sharciga Daryeelka La awoodi karo.,0
1681,Waxa uu yidhi Mike Dovilla waxa uu taageersan yahay qorshe u ogolaan kara ajaanib...,Wuxuu yiri Mike Dovilla wuxuu taageersan yahay qorshe u oggolaanaya shirkad ajnabi ah inay la wareegto Ohio Turnpike,0
1682,Wuxuu yiri Ron Johnson run ahaantii waxba ma uusan qaban si uu ula dagaallamo geesiga ...,Wuxuu yidhi Ron Johnson run ahaantii waxba ma uu samayn si uu ula dagaallamo balwadda heroin-ka iyo xad-gudubka opioid.,0
1683,Ku dhawaad ​​800 oo qof ayaa diiday in laga baaro daroogada sababtoo ah...,Qiyaastii 800 oo qof ayaa diiday in la sameeyo baaris daroogo sababtoo ah waxay u joogaan mukhaadaraad.,0
1684,Is-dilku wuxuu ka imaanayaa calaamad ah ee waaweyn oo leh ...,Is-dilku wuxuu ka yimaadaa dawladda dhexe ee waaweyn oo leh waxba uma qalantid laakiin waxaad ku heli doontaa wax aan waxba ahayn.,0
1685,Wuxuu sheegay in eedeymaha ah inuu sameeyay galmo aan loo baahnayn oo ku saabsan ...,Waxa uu sheegay in eedeymaha ah in uu sameeyay galmo aan la rabin oo uu ku sameeyay haweeney ku xigeen shariif ah ay laba garsoore oo kala duwan ay ku heleen in aysan mudneyn.,0
1686,Wendy Davis waxay kaliya ku samaynaysay lacag ururin Chicago,Wendy Davis waxa ay Chicago ka samaynaysay dhaqaale ururin iyada oo la kaashanaysa ururka hantiwadaaga caalamiga ah.,0
1687,Donald Trump ayaa sheegay in dowladda ay bixineyso qarashka ku baxaya...,Wuxuu yidhi Donald Trump wuxuu sheegay in dawladdu ay bixinayso kharashka qof walba si uu u helo daryeel caafimaad.,0
1688,Xirmada dhiirigelinta waxaa ku jira sharci ka soo horjeeda Masiixi...,"Xirmada dhiirigelinta waxaa ku jira sharci lid ku ah Masiixiyiinta kaas oo joojin doona kaniisadaha inay u isticmaalaan dugsiyada dadweynaha kulannada axada, iyo sidoo kale Boy Scouts iyo kooxaha ardada barta Kitaabka Quduuska ah.",0
1689,(Madaxweyne Barack Obama) ayaa sheegay in shaqo la’aantu aysan waligeed g...,(Madaxweyne Barack Obama) wuxuu sheegay in shaqo la'aantu aysan weligeed dhaafi doonin 8 boqolkiiba haddii aan gudbino qorshaha kicinta.,0
1690,"Wuxuu yidhi Mitt Romney wuxuu taageeray sharcia dhammaan ilmo iska soo rididda, e...","Wuxuu yidhi Mitt Romney wuxuu taageeray sharci mamnuucaya dhammaan ilmo iska soo rididda, xitaa kiisaska kufsiga iyo jinsiga.",0
1691,Madaxweyne Obama ayaa sheegay in shaqo la’aanta ay ka hooseyso 8...,Waxa uu yidhi Madaxweyne Obama waxa uu ballan qaaday in shaqo la'aanta ay ka hoosayso 8 boqolkiiba haddii kicinta la dhaafo.,0
1692,Ayaa sheegay in Adeegga Boostada Maraykanku aanay qaadan wax gargaar cashuur bixiye ah tan iyo markii...,"Waxa uu leeyahay Adeegga Boostada Maraykanku ma qaadin wax gargaar cashuur bixiye ah ilaa 1971, waxa ay maalgelisaa hawlaha gabi ahaan iibinta stamps iyo alaabta la xidhiidha oo waxa ay samaysaa faa'iido hawl gal sanadba sanadka ka dambeeya.",0
1693,Sen. Hutchison waxa uu ka tagey Jamhuuriyiintii oo uu la saftay Dimuqraadiga...,Sen. Hutchison wuu ka tagay Jamhuuriyiintii wuxuuna la istaagay Dimuqraadiyiinta si loo hubiyo in sharciga daryeelka caafimaadku si dhakhso ah u gudbi doono.,0
1694,Wuxuu yiri Ron Johnson run ahaantii waxba ma uusan qaban si uu ula dagaallamo geesiga ...,Wuxuu yidhi Ron Johnson run ahaantii waxba ma uu samayn si uu ula dagaallamo balwadda heroin-ka iyo xad-gudubka opioid.,0
1695,Way adag tahay in dadka Portland ku nool ay Haa ugu codeeyaan mea...,"Way adag tahay in dadka Portland ku nool ay Haa ugu codeeyaan cabbirada codbixinta, gaar ahaan marka ay jiraan mucaarad.",0
1696,Magaalada Pembroke Pines ayaan wax cod ah ku lahayn qorshe lagu b...,Magaalada Pembroke Pines ayaan wax cod ah ku lahayn qorshaha lagu dhisayo xarun dadka lagu hayo ee Koonfur Galbeed Ranches.,0
1697,"Waxaan leenahay magaalooyin ku yaal Galbeedka Texas oo aan biyuhu lahayn, kuwaas oo ah ...","Waxaan leenahay magaalooyin ku yaal Galbeedka Texas oo ay ka maqan yihiin biyaha, kuwaas oo ay tahay in ay biyo ku dhaamiyaan.",0
1698,Waxa uu yidhi Madaxweyne Obama waxa uu afduubay biilka beeraha (oo) waxa uu u rogay i...,Waxa uu yidhi Madaxweyne Obama waxa uu afduubay biilka beeraha (oo) waxa uu ka dhigay biilka cuntada.,0
1699,"McCain ""wuxuu u codeeyay inuu dhimo maalgelinta waxbarashada, isagoo ka soo horjeeda la xisaabtanka","McCain ""wuxuu u codeeyay inuu dhimo maalgelinta waxbarashada, isagoo ka soo horjeeda heerarka isla xisaabtanka. Wuxuu xitaa soo jeediyay in la baabi'iyo Waaxda Waxbarashada.""",0
1700,Wuxuu yiri Ron Johnson run ahaantii waxba ma uusan qaban si uu ula dagaallamo geesiga ...,Wuxuu yidhi Ron Johnson run ahaantii waxba ma uu samayn si uu ula dagaallamo balwadda heroin-ka iyo xad-gudubka opioid.,0
1701,Musharaxa senate-ka Mareykanka Jack Kingston waxa uu ku qarash gareeyay doollarkayaga canshuurta...,Musharaxa senate-ka ee Maraykanka Jack Kingston waxa uu doollarkayaga cashuurta ku kharash gareeyey kumanyaal calaamado wasakh ah.,0
1702,"McCain ""wuxuu u codeeyay inuu dhimo maalgelinta waxbarashada, isagoo ka soo horjeeda la xisaabtanka","McCain ""wuxuu u codeeyay inuu dhimo maalgelinta waxbarashada, isagoo ka soo horjeeda heerarka isla xisaabtanka. Wuxuu xitaa soo jeediyay in la baabi'iyo Waaxda Waxbarashada.""",0
1703,Xirmada dhiirigelinta waxaa ku jira sharci ka soo horjeeda Masiixi...,"Xirmada dhiirigelinta waxaa ku jira sharci lid ku ah Masiixiyiinta kaas oo joojin doona kaniisadaha inay u isticmaalaan dugsiyada dadweynaha kulannada axada, iyo sidoo kale Boy Scouts iyo kooxaha ardada barta Kitaabka Quduuska ah.",0
1704,Waxa uu sheegay in Romney uu maalgashaday shirkad alaab ka samaysa Shiinaha oo...,Waxa uu yidhi Romney waxa uu maalgashaday shirkad alaabo ka samaynaysa Shiinaha oo laga samayn lahaa halkan America.,0
1705,Guddiga dib u soo celinta dhaqangelinta ee gobolka ee dhawaan la sameeyay...,"Guddiga dib u eegista dhaqangelinta socdaalka ee gobolka ee dhawaan la sameeyay ayaa dhab ahaantii dacwayn kara, oo ku ridi kara [xukun] xabsiga, haddii aanu keenno xeer ilaaliyaha guud.",0
1706,Adigoo isticmaalaya daldaloolo yar oo la yaqaan ... Minions Obama waa la oggol yahay ...,Adigoo isticmaalaya daldaloolo yar oo la yaqaan ... Minions Obama waxay u oggolaanayaan Shirkadda Nestle inay ka dhoofiso biyaha macaan ee qaaliga ah harada Michigan.,0
1707,Xildhibaanada Aqalka Sare ayaa meel mariyay mushaar kordhin dhan $10...,"Xubnaha Congress-ka waxay ku ansixiyeen mushaar kordhin dhan $10,000 muddo laba sano ah xitaa iyagoo u codeeyay inaanan kor loo qaadin macaashka Lambarka Bulshada 2010 iyo 2011.",0
1708,Qofka iga soo waxa uu ballan qaadayaa in uu soo celin doono shaqada hore isaga oo raba in uu iska tago...,Qofka iga soo horjeeda wuxuu ballan qaadayaa inuu soo celin doono shaqooyin hore isagoo u rajeeyay dhaqaalaha adduunka.,0
1709,Sen. Hutchison waxa uu ka tagey Jamhuuriyiintii oo uu la saftay Dimuqraadiga...,Sen. Hutchison wuu ka tagay Jamhuuriyiintii wuxuuna la istaagay Dimuqraadiyiinta si loo hubiyo in sharciga daryeelka caafimaadku si dhakhso ah u gudbi doono.,0
1710,Waxa uu yidhi Donald Trump waxa uu taageersan yahay ajande halkaas ka jira oo ah in si gaar loo leeyahay...,Waxa uu yidhi Donald Trump waxa uu taageerayaa ajande halkaa ka jira si gaar looga dhigo nidaamka daryeelka caafimaadka ee Arrimaha Veterans.,0
1711,Ciidamada badda ayaa dacwad ku soo oogaya sarkaal ka tirsan ciidamada badda oo toogtay...,Ciidanka badda ayaa dacwad ku soo oogaya sarkaal ka tirsan ciidamada badda oo toogtay toogashadii Chattanooga ka dib markii uu si sharci darro ah hub ugu furay hanti federaal ah.,0
1712,Hindise sharciyeedka gobolka ayaa soo afjari doona shuruudihii muddada dheer ee ahaa in deegaanka...,Hindise-sharciyeedka gobolku waxa uu soo afjarayaa shuruudii muddada dheer u baahnayd ee ah in dawladaha hoose ay dayactiraan waddooyinka waaweyn iyo laamiyada-- oo ay ka horjoogsadaan muwaadiniinta dhaawaca ah in ay dacweeyaan dayactirka la dayacay.,0
1713,"McCain ""wuxuu u codeeyay inuu dhimo maalgelinta waxbarashada, isagoo ka soo horjeeda la xisaabtanka","McCain ""wuxuu u codeeyay inuu dhimo maalgelinta waxbarashada, isagoo ka soo horjeeda heerarka isla xisaabtanka. Wuxuu xitaa soo jeediyay in la baabi'iyo Waaxda Waxbarashada.""",0
1714,Ayaa sheegay in Adeegga Boostada Maraykanku aanay qaadan wax gargaar cashuur bixiye ah tan iyo markii...,"Waxa uu leeyahay Adeegga Boostada Maraykanku ma qaadin wax gargaar cashuur bixiye ah ilaa 1971, waxa ay maalgelisaa hawlaha gabi ahaan iibinta stamps iyo alaabta la xidhiidha oo waxa ay samaysaa faa'iido hawl gal sanadba sanadka ka dambeeya.",0
1715,Wuxuu sheegay in dib u habeynta daryeelka caafimaadka qaranka ay tahay mid ay dowladdu la wareegtay...,Waxa uu leeyahay dib u habaynta daryeelka caafimaadka qaranka waa la wareegida dawladda ee daryeelka caafimaadka.,0
1716,(Madaxweyne Barack Obama) ayaa sheegay in shaqo la’aantu aysan waligeed g...,(Madaxweyne Barack Obama) wuxuu sheegay in shaqo la'aantu aysan weligeed dhaafi doonin 8 boqolkiiba haddii aan gudbino qorshaha kicinta.,0
1717,Frank Guinta ayaa u codeeyay in cashuur bixiyayaasha dabaqadda dhexe ay bixiyaan lacag ka badan...,"Frank Guinta ayaa u codeeyay in cashuur bixiyayaasha dabaqadda dhexe ay bixiyaan in ka badan $1,000 oo dheeraad ah sannadkii.",0
1718,Barasaabkii hore ee Alaska Sarah Palin ayaa ku saxnayd in madaxweynaha...,"Guddoomiyihii hore ee Alaska Sarah Palin waxay ku saxsanayd in sharciga daryeelka caafimaadka ee Madaxweyne Barack Obama uu abuuray waxa, dhab ahaan, noqon lahaa guddiyada dhimashada.",0
1719,Waxaan ka mid ahaa kuwii ugu horreeyay ee dhaleeceeya ku degdegista dagaalka (Ir...,"Waxaan ka mid ahaa kuwii ugu horreeyay ee dhaleeceeya degdegga ah ee dagaalka (Ciraaq), iyo haa, xitaa ka hor inta uusan dagaalku bilaaban.",0
1720,Waxay qaadataa tamar aad u badan si loo sameeyo panel cadceedda sida ay u badan tahay g...,Waxay qaadataa tamar aad u badan si loo sameeyo alwaax qoraxda sida ay u badan tahay inay soo saarto nolosheeda oo dhan.,0
1721,Muwaadiniin Jarmal ah ayaa dawladoodii hub ka dhigis ku samaysay dhamaadkii...,"Muwaadiniinta Jarmalku waxa hub ka dhigis ku sameeyay dawladoodii dabayaaqadii 1930-meeyadii, taas oo u ogolaatay Naasiyiintii in ay fuliyaan ujeedooyinkooda xun iyaga oo iska caabin yar leh.",0
1722,Boqolkiiba 95 lacagta loo isticmaalo ururka shaqaalaha wor...,Boqolkiiba shan iyo sagaashan lacagta loo isticmaalo xarumaha tababarka shaqaalaha ee ay ku shaqeeyaan ururka waxay ka yimaadaan loo shaqeeyayaasha.,0
1723,"27-kii bilood ee la soo dhaafay, Madaxweyne Barack Obama waxa uu abuuray...","27-kii bilood ee la soo dhaafay, Madaxweyne Barack Obama waxa uu abuuray shaqooyin ka badan kuwa gaarka loo leeyahay marka loo eego soo kabashada Reagan.",0
1724,Waxa uu sheegay in Madaxweyne Barack Obama uu ballan qaaday inuu la shaqeyn doono...,"Waxa uu sheegay in iyada oo Madaxweyne Barack Obama uu ballan qaaday in uu la shaqayn doono loo-shaqeeyahaaga si uu hoos ugu dhigo khidmadahaaga $2,500 qoyskiiba sannadkii, sharcigiisa daryeelka caafimaadku waxa uu kor u qaadayaa khidmadaha suuqa gaarka ah $2,100 qoyskiiba.",0
1725,Wuxuu sheegay in uu ku guuleystay codka shacabka haddii aad ka jarto malaayiinta p...,Waxa uu sheegay in uu ku guulaystay codka shacabka haddii aad ka jarto malaayiinta qof ee sida sharci darrada ah u codeeyay.,0
1726,Waxaan ka mid ahaa kuwii ugu horreeyay ee dhaleeceeya ku degdegista dagaalka (Ir...,"Waxaan ka mid ahaa kuwii ugu horreeyay ee dhaleeceeya degdegga ah ee dagaalka (Ciraaq), iyo haa, xitaa ka hor inta uusan dagaalku bilaaban.",0
1727,Waxa uu yidhi Donald Trump waxa uu taageersan yahay ajande halkaas ka jira oo ah in si gaar loo leeyahay...,Waxa uu yidhi Donald Trump waxa uu taageerayaa ajande halkaa ka jira si gaar looga dhigo nidaamka daryeelka caafimaadka ee Arrimaha Veterans.,0
1728,Shirkadda ay dawladdu kiraysanayso ee qiimaynaysa ardayda ay dawladdu u xilsaartay...,Shirkadda ay dawladdu kiraysanayso ee qiimeeya imtixaannada ardayda ee gobolku waajibiyay waxay ku baxaysaa Craigslist si ay u hesho imtaxaanayaal si ay u akhriyaan qoraallada ardaydeenna.,0
1729,Musharaxa senate-ka Mareykanka Jack Kingston waxa uu ku qarash gareeyay doollarkayaga canshuurta...,Musharaxa senate-ka ee Maraykanka Jack Kingston waxa uu doollarkayaga cashuurta ku kharash gareeyey kumanyaal calaamado wasakh ah.,0
1730,"Barack Obama ""wuxuu doonayaa in dowladda ay la wareegto daryeelka caafimaadka,...","Barack Obama ""wuxuu rabaa in dowladdu ay la wareegto daryeelka caafimaadka, ku bixiso boqolaal bilyan oo doolar oo lacag cusub ah caymiska caafimaadka qof walba.""",0
1731,"Waxa uu sheegay in uu ahaa saldhigga gobolka Utah, uu markii la shaqeeyay s ...","Wuxuu sheegay in markii uu ahaa guddoomiyaha Utah, uu la shaqeeyay Sharci-dejinta gobolka si loo abuuro canshuur siman oo dhimaysa canshuurta dakhliga boqolkiiba 30.",0
1732,"Inkasta oo ay ka soo horjeesteen naadiga qaranka ee kobaca, naadiga G...","In kasta oo ay ka soo horjeedaan Naadiga kobaca qaranka, Naadiga Kobaca Wisconsin ayaa u ansixiyay Senetka Mareykanka.",0
1733,Wuxuu sheegay in qaraarka Senate-ka uu soo celin doono $140 bishiiba...,Wuxuu sheegay in qaraarka Senate-ka uu soo celin doono $140 lacagihii kaalmada guud ee bishii iyo ka hortagga dadka inay dambi galaan.,0
1734,Waxay qaadataa tamar aad u badan si loo sameeyo panel cadceedda sida ay u badan tahay g...,Waxay qaadataa tamar aad u badan si loo sameeyo alwaax qoraxda sida ay u badan tahay inay soo saarto nolosheeda oo dhan.,0
1735,Hindise sharciyeedka gobolka ayaa soo afjari doona shuruudihii muddada dheer ee ahaa in deegaanka...,Hindise-sharciyeedka gobolku waxa uu soo afjarayaa shuruudii muddada dheer u baahnayd ee ah in dawladaha hoose ay dayactiraan waddooyinka waaweyn iyo laamiyada-- oo ay ka horjoogsadaan muwaadiniinta dhaawaca ah in ay dacweeyaan dayactirka la dayacay.,0
1736,Marka kaliya ee shaqada dawladdu hoos u dhacday intii lagu jiray...,Marka kaliya ee shaqaalaynta dawladdu hoos u dhacday inta lagu jiro dhaqaale-xumada ayaa aniga hoos ii dhacday.,0
1737,Waxa uu yidhi Donald Trump waxa uu taageersan yahay ajande halkaas ka jira oo ah in si gaar loo leeyahay...,Waxa uu yidhi Donald Trump waxa uu taageerayaa ajande halkaa ka jira si gaar looga dhigo nidaamka daryeelka caafimaadka ee Arrimaha Veterans.,0
1738,"In ka badan 100,000 oo haween ah oo ku nool Texas ayaa isku dayay in ay iskood isu soo dhisaan.","In ka badan 100,000 oo haween ah oo ku nool Texas ayaa isku dayay inay iskood iska soo xaaqaan sannadkii la soo dhaafay oo keliya.",0
1739,Walaalaha Koch keligood waxay siiyeen lacag laba jibaar ka badan Scott Wa...,Walaalaha Koch keligood waxay siiyeen laba laab lacag ka badan Scott Walker wadarta guud ee lacagta uu soo ururiyay Tom Barrett.,0
1740,Wuxuu yiri xildhibaanka Miami Carlos Curbelo wuxuu taageersan yahay qodista qodista...,Waxa uu yidhi xildhibaanka Miami Carlos Curbelo waxa uu taageersan yahay qodista xeebaha waxana uu si isdaba joog ah uga codeeyay awoodda madaxweyne Obama ee la dagaalanka wasakhowga iyo la dagaalanka isbedelka cimilada.,0
1741,Magaalada Pembroke Pines ayaan wax cod ah ku lahayn qorshe lagu b...,Magaalada Pembroke Pines ayaan wax cod ah ku lahayn qorshaha lagu dhisayo xarun dadka lagu hayo ee Koonfur Galbeed Ranches.,0
1742,Waxa uu yidhi Donald Trump waxa uu taageersan yahay ajande halkaas ka jira oo ah in si gaar loo leeyahay...,Waxa uu yidhi Donald Trump waxa uu taageerayaa ajande halkaa ka jira si gaar looga dhigo nidaamka daryeelka caafimaadka ee Arrimaha Veterans.,0
1743,Wuxuu yiri Ron Johnson run ahaantii waxba ma uusan qaban si uu ula dagaallamo geesiga ...,Wuxuu yidhi Ron Johnson run ahaantii waxba ma uu samayn si uu ula dagaallamo balwadda heroin-ka iyo xad-gudubka opioid.,0
1744,Wuxuu yiri xildhibaanka Miami Carlos Curbelo wuxuu taageersan yahay qodista qodista...,Waxa uu yidhi xildhibaanka Miami Carlos Curbelo waxa uu taageersan yahay qodista xeebaha waxana uu si isdaba joog ah uga codeeyay awoodda madaxweyne Obama ee la dagaalanka wasakhowga iyo la dagaalanka isbedelka cimilada.,0
1745,Hindise sharciyeedka gobolka ayaa soo afjari doona shuruudihii muddada dheer ee ahaa in deegaanka...,Hindise-sharciyeedka gobolku waxa uu soo afjarayaa shuruudii muddada dheer u baahnayd ee ah in dawladaha hoose ay dayactiraan waddooyinka waaweyn iyo laamiyada-- oo ay ka horjoogsadaan muwaadiniinta dhaawaca ah in ay dacweeyaan dayactirka la dayacay.,0
1746,Codbixinta ayaa muujineysa in Floridians aysan dooneynin inay baabi'iyaan lacagta la awoodi karo…,Ra'yi ururintu waxay muujinayaan in Floridians aysan rabin inay tirtiraan Sharciga Daryeelka La awoodi karo.,0
1747,Musharaxa senate-ka Mareykanka Jack Kingston waxa uu ku qarash gareeyay doollarkayaga canshuurta...,Musharaxa senate-ka ee Maraykanka Jack Kingston waxa uu doollarkayaga cashuurta ku kharash gareeyey kumanyaal calaamado wasakh ah.,0
1748,"Keystone XL wuxuu u oggolaanayaa Kanada inay soo saarto saliiddooda, u dirto iyada oo loo marayo ...","Keystone XL wuxuu u oggolaanayaa Kanada inay soo saarto shidaalkooda, u dirto dhulkeena, ilaa Khaliijka, halkaas oo laga iibin doono meel kasta oo kale.",0
1749,Bal eeg waxa uu agaasimaha FBI-da ka yidhi iyada (Hillary C...,Bal u fiirso waxa uu agaasimaha FBI-da ka yidhi (Hillary Clinton) dhaqan-xumada ay samaysay waa ceeb iyo ceeb dalkeena.,0
1750,Walaalaha Koch keligood waxay siiyeen lacag laba jibaar ka badan Scott Wa...,Walaalaha Koch keligood waxay siiyeen laba laab lacag ka badan Scott Walker wadarta guud ee lacagta uu soo ururiyay Tom Barrett.,0
1751,Waxay qaadataa tamar aad u badan si loo sameeyo panel cadceedda sida ay u badan tahay g...,Waxay qaadataa tamar aad u badan si loo sameeyo alwaax qoraxda sida ay u badan tahay inay soo saarto nolosheeda oo dhan.,0
1752,"McCain ""wuxuu u codeeyay inuu dhimo maalgelinta waxbarashada, isagoo ka soo horjeeda la xisaabtanka","McCain ""wuxuu u codeeyay inuu dhimo maalgelinta waxbarashada, isagoo ka soo horjeeda heerarka isla xisaabtanka. Wuxuu xitaa soo jeediyay in la baabi'iyo Waaxda Waxbarashada.""",0
1753,"Wuxuu yidhi Mitt Romney wuxuu taageeray sharcia dhammaan ilmo iska soo rididda, e...","Wuxuu yidhi Mitt Romney wuxuu taageeray sharci mamnuucaya dhammaan ilmo iska soo rididda, xitaa kiisaska kufsiga iyo jinsiga.",0
1754,"Waxa uu sheegay in uu ahaa saldhigga gobolka Utah, uu markii la shaqeeyay s ...","Wuxuu sheegay in markii uu ahaa guddoomiyaha Utah, uu la shaqeeyay Sharci-dejinta gobolka si loo abuuro canshuur siman oo dhimaysa canshuurta dakhliga boqolkiiba 30.",0
1755,"Barack Obama ""wuxuu doonayaa in dowladda ay la wareegto daryeelka caafimaadka,...","Barack Obama ""wuxuu rabaa in dowladdu ay la wareegto daryeelka caafimaadka, ku bixiso boqolaal bilyan oo doolar oo lacag cusub ah caymiska caafimaadka qof walba.""",0
1756,"Waxaan leenahay magaalooyin ku yaal Galbeedka Texas oo aan biyuhu lahayn, kuwaas oo ah ...","Waxaan leenahay magaalooyin ku yaal Galbeedka Texas oo ay ka maqan yihiin biyaha, kuwaas oo ay tahay in ay biyo ku dhaamiyaan.",0
1757,"27-kii bilood ee la soo dhaafay, Madaxweyne Barack Obama waxa uu abuuray...","27-kii bilood ee la soo dhaafay, Madaxweyne Barack Obama waxa uu abuuray shaqooyin ka badan kuwa gaarka loo leeyahay marka loo eego soo kabashada Reagan.",0
1758,Shirkadda ay dawladdu kiraysanayso ee qiimaynaysa ardayda ay dawladdu u xilsaartay...,Shirkadda ay dawladdu kiraysanayso ee qiimeeya imtixaannada ardayda ee gobolku waajibiyay waxay ku baxaysaa Craigslist si ay u hesho imtaxaanayaal si ay u akhriyaan qoraallada ardaydeenna.,0
1759,Walaalaha Koch keligood waxay siiyeen lacag laba jibaar ka badan Scott Wa...,Walaalaha Koch keligood waxay siiyeen laba laab lacag ka badan Scott Walker wadarta guud ee lacagta uu soo ururiyay Tom Barrett.,0
1760,Wuxuu yiri tababaraha kubbadda cagta Rex Ryan wuxuu ku guuleystay horyaalada ...,"Waxa uu yidhi tababaraha kubada cagta ee xirfada leh Rex Ryan ayaa ku guulaystay horyaalada New York. AFC, waxaan filayaa, laba jeer.",0
1761,Waxa uu sheegay in Romney uu maalgashaday shirkad alaab ka samaysa Shiinaha oo...,Waxa uu yidhi Romney waxa uu maalgashaday shirkad alaabo ka samaynaysa Shiinaha oo laga samayn lahaa halkan America.,0
1762,Wuxuu yiri tababaraha kubbadda cagta Rex Ryan wuxuu ku guuleystay horyaalada ...,"Waxa uu yidhi tababaraha kubada cagta ee xirfada leh Rex Ryan ayaa ku guulaystay horyaalada New York. AFC, waxaan filayaa, laba jeer.",0
1763,Wuxuu sheegay in eedeymaha ah inuu sameeyay galmo aan loo baahnayn oo ku saabsan ...,Waxa uu sheegay in eedeymaha ah in uu sameeyay galmo aan la rabin oo uu ku sameeyay haweeney ku xigeen shariif ah ay laba garsoore oo kala duwan ay ku heleen in aysan mudneyn.,0
1764,"In ka badan 100,000 oo haween ah oo ku nool Texas ayaa isku dayay in ay iskood isu soo dhisaan.","In ka badan 100,000 oo haween ah oo ku nool Texas ayaa isku dayay inay iskood iska soo xaaqaan sannadkii la soo dhaafay oo keliya.",0
1765,"Keystone XL wuxuu u oggolaanayaa Kanada inay soo saarto saliiddooda, u dirto iyada oo loo marayo ...","Keystone XL wuxuu u oggolaanayaa Kanada inay soo saarto shidaalkooda, u dirto dhulkeena, ilaa Khaliijka, halkaas oo laga iibin doono meel kasta oo kale.",0
1766,Wendy Davis waxay kaliya ku samaynaysay lacag ururin Chicago,Wendy Davis waxa ay Chicago ka samaynaysay dhaqaale ururin iyada oo la kaashanaysa ururka hantiwadaaga caalamiga ah.,0
1767,Shirkadda ay dawladdu kiraysanayso ee qiimaynaysa ardayda ay dawladdu u xilsaartay...,Shirkadda ay dawladdu kiraysanayso ee qiimeeya imtixaannada ardayda ee gobolku waajibiyay waxay ku baxaysaa Craigslist si ay u hesho imtaxaanayaal si ay u akhriyaan qoraallada ardaydeenna.,0
1768,"Waxaan leenahay magaalooyin ku yaal Galbeedka Texas oo aan biyuhu lahayn, kuwaas oo ah ...","Waxaan leenahay magaalooyin ku yaal Galbeedka Texas oo ay ka maqan yihiin biyaha, kuwaas oo ay tahay in ay biyo ku dhaamiyaan.",0
1769,Qofka iga soo waxa uu ballan qaadayaa in uu soo celin doono shaqada hore isaga oo raba in uu iska tago...,Qofka iga soo horjeeda wuxuu ballan qaadayaa inuu soo celin doono shaqooyin hore isagoo u rajeeyay dhaqaalaha adduunka.,0
1770,"Si qarsoodi ah, iyadoo aan la ogeyn xubnaha Congress-ka, in ka badan $105 biil...","Si qarsoodi ah, iyadoo aan la ogeyn xubnaha Congress-ka, in ka badan 105 bilyan ayaa lagu qariyay sharciga Obamacare.",0
1771,Xildhibaanada Aqalka Sare ayaa meel mariyay mushaar kordhin dhan $10...,"Xubnaha Congress-ka waxay ku ansixiyeen mushaar kordhin dhan $10,000 muddo laba sano ah xitaa iyagoo u codeeyay inaanan kor loo qaadin macaashka Lambarka Bulshada 2010 iyo 2011.",0
1772,Waxaan ka mid ahaa kuwii ugu horreeyay ee dhaleeceeya ku degdegista dagaalka (Ir...,"Waxaan ka mid ahaa kuwii ugu horreeyay ee dhaleeceeya degdegga ah ee dagaalka (Ciraaq), iyo haa, xitaa ka hor inta uusan dagaalku bilaaban.",0
1773,Barasaabkii hore ee Alaska Sarah Palin ayaa ku saxnayd in madaxweynaha...,"Guddoomiyihii hore ee Alaska Sarah Palin waxay ku saxsanayd in sharciga daryeelka caafimaadka ee Madaxweyne Barack Obama uu abuuray waxa, dhab ahaan, noqon lahaa guddiyada dhimashada.",0
1774,Guddiga dib u soo celinta dhaqangelinta ee gobolka ee dhawaan la sameeyay...,"Guddiga dib u eegista dhaqangelinta socdaalka ee gobolka ee dhawaan la sameeyay ayaa dhab ahaantii dacwayn kara, oo ku ridi kara [xukun] xabsiga, haddii aanu keenno xeer ilaaliyaha guud.",0
1775,Ku dhawaad ​​800 oo qof ayaa diiday in laga baaro daroogada sababtoo ah...,Qiyaastii 800 oo qof ayaa diiday in la sameeyo baaris daroogo sababtoo ah waxay u joogaan mukhaadaraad.,0
1776,Donald Trump ayaa sheegay in dowladda ay bixineyso qarashka ku baxaya...,Wuxuu yidhi Donald Trump wuxuu sheegay in dawladdu ay bixinayso kharashka qof walba si uu u helo daryeel caafimaad.,0
1777,Wuxuu yiri xildhibaanka Miami Carlos Curbelo wuxuu taageersan yahay qodista qodista...,Waxa uu yidhi xildhibaanka Miami Carlos Curbelo waxa uu taageersan yahay qodista xeebaha waxana uu si isdaba joog ah uga codeeyay awoodda madaxweyne Obama ee la dagaalanka wasakhowga iyo la dagaalanka isbedelka cimilada.,0
1778,Way adag tahay in dadka Portland ku nool ay Haa ugu codeeyaan mea...,"Way adag tahay in dadka Portland ku nool ay Haa ugu codeeyaan cabbirada codbixinta, gaar ahaan marka ay jiraan mucaarad.",0
1779,Musharaxa senate-ka Mareykanka Jack Kingston waxa uu ku qarash gareeyay doollarkayaga canshuurta...,Musharaxa senate-ka ee Maraykanka Jack Kingston waxa uu doollarkayaga cashuurta ku kharash gareeyey kumanyaal calaamado wasakh ah.,0
1780,Waxaan bixinaa PhD-da sanad walba in ka badan jaamacad kale ee A...,Waxaan bixinaa PhDs ka badan sanad walba marka loo eego jaamacadaha kale ee Ameerika marka laga reebo Berkeley.,0
1781,"Waxaan leenahay magaalooyin ku yaal Galbeedka Texas oo aan biyuhu lahayn, kuwaas oo ah ...","Waxaan leenahay magaalooyin ku yaal Galbeedka Texas oo ay ka maqan yihiin biyaha, kuwaas oo ay tahay in ay biyo ku dhaamiyaan.",0
1782,Saddex meelood labo meel Granite States ayaa kasoo horjeeda xisbiga Shaaha iyo xisbigiisa...,Saddex meelood laba meel Granite States waxay ka soo horjeedaan Xisbiga Shaaha iyo ajandihiisa ku saabsan ururada shaqaalaha.,0
1783,"Keystone XL wuxuu u oggolaanayaa Kanada inay soo saarto saliiddooda, u dirto iyada oo loo marayo ...","Keystone XL wuxuu u oggolaanayaa Kanada inay soo saarto shidaalkooda, u dirto dhulkeena, ilaa Khaliijka, halkaas oo laga iibin doono meel kasta oo kale.",0
1784,"Si qarsoodi ah, iyadoo aan la ogeyn xubnaha Congress-ka, in ka badan $105 biil...","Si qarsoodi ah, iyadoo aan la ogeyn xubnaha Congress-ka, in ka badan 105 bilyan ayaa lagu qariyay sharciga Obamacare.",0
1785,Waxa uu sheegay in Romney uu maalgashaday shirkad alaab ka samaysa Shiinaha oo...,Waxa uu yidhi Romney waxa uu maalgashaday shirkad alaabo ka samaynaysa Shiinaha oo laga samayn lahaa halkan America.,0
1786,Xirmada dhiirigelinta waxaa ku jira sharci ka soo horjeeda Masiixi...,"Xirmada dhiirigelinta waxaa ku jira sharci lid ku ah Masiixiyiinta kaas oo joojin doona kaniisadaha inay u isticmaalaan dugsiyada dadweynaha kulannada axada, iyo sidoo kale Boy Scouts iyo kooxaha ardada barta Kitaabka Quduuska ah.",0
1787,"Si qarsoodi ah, iyadoo aan la ogeyn xubnaha Congress-ka, in ka badan $105 biil...","Si qarsoodi ah, iyadoo aan la ogeyn xubnaha Congress-ka, in ka badan 105 bilyan ayaa lagu qariyay sharciga Obamacare.",0
1788,Wendy Davis waxay kaliya ku samaynaysay lacag ururin Chicago,Wendy Davis waxa ay Chicago ka samaynaysay dhaqaale ururin iyada oo la kaashanaysa ururka hantiwadaaga caalamiga ah.,0
1789,"Wuxuu yidhi Mitt Romney wuxuu taageeray sharcia dhammaan ilmo iska soo rididda, e...","Wuxuu yidhi Mitt Romney wuxuu taageeray sharci mamnuucaya dhammaan ilmo iska soo rididda, xitaa kiisaska kufsiga iyo jinsiga.",0
1790,Shirkadda ay dawladdu kiraysanayso ee qiimaynaysa ardayda ay dawladdu u xilsaartay...,Shirkadda ay dawladdu kiraysanayso ee qiimeeya imtixaannada ardayda ee gobolku waajibiyay waxay ku baxaysaa Craigslist si ay u hesho imtaxaanayaal si ay u akhriyaan qoraallada ardaydeenna.,0
1791,Shirkadda ay dawladdu kiraysanayso ee qiimaynaysa ardayda ay dawladdu u xilsaartay...,Shirkadda ay dawladdu kiraysanayso ee qiimeeya imtixaannada ardayda ee gobolku waajibiyay waxay ku baxaysaa Craigslist si ay u hesho imtaxaanayaal si ay u akhriyaan qoraallada ardaydeenna.,0
1792,Ciidamada badda ayaa dacwad ku soo oogaya sarkaal ka tirsan ciidamada badda oo toogtay...,Ciidanka badda ayaa dacwad ku soo oogaya sarkaal ka tirsan ciidamada badda oo toogtay toogashadii Chattanooga ka dib markii uu si sharci darro ah hub ugu furay hanti federaal ah.,0
1793,"Hadda, Golaha Wakiilada, waxaan leenahay 40 kala duwan oo j...","Hadda, Golaha Wakiillada, waxaanu haynaa 40 xeer oo kala duwan oo shaqo ah oo la ansixiyay oo ku dhawaad ​​dhamaantood ahaayeen laba xisbi.",0
1794,Codbixinta ayaa muujineysa in Floridians aysan dooneynin inay baabi'iyaan lacagta la awoodi karo…,Ra'yi ururintu waxay muujinayaan in Floridians aysan rabin inay tirtiraan Sharciga Daryeelka La awoodi karo.,0
1795,Miisaaniyadda Madaxweyne Barack Obama ayaa khatar ku ah amniga qaranka b...,Miisaaniyadda Madaxweyne Barack Obamas waxay khatar ku tahay amniga qaranka isagoo soo jeedinaya Ciidan ka kooban shaqaale ka yar kuwii aan haysanay ka hor Pearl Harbor.,0
1796,Maraykanku kama mid ahayn 16 waddan oo David Pe...,Mareykanka ayaan ka mid ahayn 16 wadan oo David Perdue uu ku sheegay in Pillowtex uu shaqo ka abuuray.,0
1797,Waxaan u dhimi karnaa shaqo la'aanta kala bar si fudud annaga oo dib u soo ceshanno j...,Waxaan shaqo la'aanta u dhimi karnaa kala bar si fudud innagoo dib u soo ceshanayna shaqooyinkii ay qabteen shaqaalaha sharci darrada ah.,0
1798,"Ohio, waxaan ku maal galinay caruurteena, anagoo kordhinayna maalgelinta iskuulka...","Ohio, waxaanu maal galinay caruurteena, anagoo ku kordhinay maalgelinta dugsiga 5.5 boqolkiiba miisaaniyadii u dambaysay.",0
1799,"McCain ""wuxuu u codeeyay inuu dhimo maalgelinta waxbarashada, isagoo ka soo horjeeda la xisaabtanka","McCain ""wuxuu u codeeyay inuu dhimo maalgelinta waxbarashada, isagoo ka soo horjeeda heerarka isla xisaabtanka. Wuxuu xitaa soo jeediyay in la baabi'iyo Waaxda Waxbarashada.""",0
1800,Maraykanku kama mid ahayn 16 waddan oo David Pe...,Mareykanka ayaan ka mid ahayn 16 wadan oo David Perdue uu ku sheegay in Pillowtex uu shaqo ka abuuray.,0
1801,Waxay qaadataa tamar aad u badan si loo sameeyo panel cadceedda sida ay u badan tahay g...,Waxay qaadataa tamar aad u badan si loo sameeyo alwaax qoraxda sida ay u badan tahay inay soo saarto nolosheeda oo dhan.,0
1802,Miisaaniyadda Madaxweyne Barack Obama ayaa khatar ku ah amniga qaranka b...,Miisaaniyadda Madaxweyne Barack Obamas waxay khatar ku tahay amniga qaranka isagoo soo jeedinaya Ciidan ka kooban shaqaale ka yar kuwii aan haysanay ka hor Pearl Harbor.,0
1803,Xildhibaanada Aqalka Sare ayaa meel mariyay mushaar kordhin dhan $10...,"Xubnaha Congress-ka waxay ku ansixiyeen mushaar kordhin dhan $10,000 muddo laba sano ah xitaa iyagoo u codeeyay inaanan kor loo qaadin macaashka Lambarka Bulshada 2010 iyo 2011.",0
1804,"Qaar ka mid ah kulliyadaha, oo ay ku jiraan AM, ayaa horey u dammaanad qaaday ...","Qaar ka mid ah kulliyadaha, oo ay ku jirto AM, ayaa horey u dammaanad qaaday inaysan kordhin doonin waxbarashadooda.",0
1805,Ayaa sheegay in Adeegga Boostada Maraykanku aanay qaadan wax gargaar cashuur bixiye ah tan iyo markii...,"Waxa uu leeyahay Adeegga Boostada Maraykanku ma qaadin wax gargaar cashuur bixiye ah ilaa 1971, waxa ay maalgelisaa hawlaha gabi ahaan iibinta stamps iyo alaabta la xidhiidha oo waxa ay samaysaa faa'iido hawl gal sanadba sanadka ka dambeeya.",0
1806,Nidaamka xogta ee la socda Common Core waxaa loo qaabeeyey t...,"Nidaamka xogta ee la socda Core Common waxaa loogu talagalay in lagu ururiyo ilaa 400 dhibcood ilmo kasta, taas oo ay ku jiri karto xogta shakhsi ahaan lagu aqoonsan karo.",0
1807,Way adag tahay in dadka Portland ku nool ay Haa ugu codeeyaan mea...,"Way adag tahay in dadka Portland ku nool ay Haa ugu codeeyaan cabbirada codbixinta, gaar ahaan marka ay jiraan mucaarad.",0
1808,Wuxuu yiri xildhibaanka Miami Carlos Curbelo wuxuu taageersan yahay qodista qodista...,Waxa uu yidhi xildhibaanka Miami Carlos Curbelo waxa uu taageersan yahay qodista xeebaha waxana uu si isdaba joog ah uga codeeyay awoodda madaxweyne Obama ee la dagaalanka wasakhowga iyo la dagaalanka isbedelka cimilada.,0
1809,Waxaan bixinaa PhD-da sanad walba in ka badan jaamacad kale ee A...,Waxaan bixinaa PhDs ka badan sanad walba marka loo eego jaamacadaha kale ee Ameerika marka laga reebo Berkeley.,0
1810,Miisaaniyadda Madaxweyne Barack Obama ayaa khatar ku ah amniga qaranka b...,Miisaaniyadda Madaxweyne Barack Obamas waxay khatar ku tahay amniga qaranka isagoo soo jeedinaya Ciidan ka kooban shaqaale ka yar kuwii aan haysanay ka hor Pearl Harbor.,0
1811,Ciidamada badda ayaa dacwad ku soo oogaya sarkaal ka tirsan ciidamada badda oo toogtay...,Ciidanka badda ayaa dacwad ku soo oogaya sarkaal ka tirsan ciidamada badda oo toogtay toogashadii Chattanooga ka dib markii uu si sharci darro ah hub ugu furay hanti federaal ah.,0
1812,Xirmada dhiirigelinta waxaa ku jira sharci ka soo horjeeda Masiixi...,"Xirmada dhiirigelinta waxaa ku jira sharci lid ku ah Masiixiyiinta kaas oo joojin doona kaniisadaha inay u isticmaalaan dugsiyada dadweynaha kulannada axada, iyo sidoo kale Boy Scouts iyo kooxaha ardada barta Kitaabka Quduuska ah.",0
1813,"Inkasta oo ay ka soo horjeesteen naadiga qaranka ee kobaca, naadiga G...","In kasta oo ay ka soo horjeedaan Naadiga kobaca qaranka, Naadiga Kobaca Wisconsin ayaa u ansixiyay Senetka Mareykanka.",0
1814,"Qoysaska Maraykanku waxay ku dadaalaan inay helaan $4,250 bishii. Obama ayaa...","Qoysaska Maraykanku waxay ku dadaalaan inay helaan $4,250 bishii. Obama waxa uu ku kharash gareeyaa $18,972 bishii ilmo kasta oo sharci-darro ah.",0
1815,Waxa uu sheegay in Romney uu maalgashaday shirkad alaab ka samaysa Shiinaha oo...,Waxa uu yidhi Romney waxa uu maalgashaday shirkad alaabo ka samaynaysa Shiinaha oo laga samayn lahaa halkan America.,0
1816,Musharaxa senate-ka Mareykanka Jack Kingston waxa uu ku qarash gareeyay doollarkayaga canshuurta...,Musharaxa senate-ka ee Maraykanka Jack Kingston waxa uu doollarkayaga cashuurta ku kharash gareeyey kumanyaal calaamado wasakh ah.,0
1817,Wuxuu sheegay in dib u habeynta daryeelka caafimaadka qaranka ay tahay mid ay dowladdu la wareegtay...,Waxa uu leeyahay dib u habaynta daryeelka caafimaadka qaranka waa la wareegida dawladda ee daryeelka caafimaadka.,0
1818,Musharaxa senate-ka Mareykanka Jack Kingston waxa uu ku qarash gareeyay doollarkayaga canshuurta...,Musharaxa senate-ka ee Maraykanka Jack Kingston waxa uu doollarkayaga cashuurta ku kharash gareeyey kumanyaal calaamado wasakh ah.,0
1819,Canshuuraha guryuhu hadda 18% way ka sarreeyaan markii (Mark Sharpe) kow...,Canshuuraha guryuhu hadda 18% way ka sarreeyaan markii (Mark Sharpe) markii ugu horreysay ee uu xafiiska la wareegay.,0
1820,"27-kii bilood ee la soo dhaafay, Madaxweyne Barack Obama waxa uu abuuray...","27-kii bilood ee la soo dhaafay, Madaxweyne Barack Obama waxa uu abuuray shaqooyin ka badan kuwa gaarka loo leeyahay marka loo eego soo kabashada Reagan.",0
1821,"Hadda, Golaha Wakiilada, waxaan leenahay 40 kala duwan oo j...","Hadda, Golaha Wakiillada, waxaanu haynaa 40 xeer oo kala duwan oo shaqo ah oo la ansixiyay oo ku dhawaad ​​dhamaantood ahaayeen laba xisbi.",0
1822,Waxa uu yidhi Mike Dovilla waxa uu taageersan yahay qorshe u ogolaan kara ajaanib...,Wuxuu yiri Mike Dovilla wuxuu taageersan yahay qorshe u oggolaanaya shirkad ajnabi ah inay la wareegto Ohio Turnpike,0
1823,Saraakiisha Medicare waxay ula dhaqmeen Humana iyo AARP si aan is waafaqsanayn,Saraakiisha Medicare waxay ula dhaqmeen Humana iyo AARP si aan joogto ahayn sida ay ula xiriiri karaan waayeelka.,0
1824,"Hadda, Golaha Wakiilada, waxaan leenahay 40 kala duwan oo j...","Hadda, Golaha Wakiillada, waxaanu haynaa 40 xeer oo kala duwan oo shaqo ah oo la ansixiyay oo ku dhawaad ​​dhamaantood ahaayeen laba xisbi.",0
1825,Wuxuu yiri Ron Johnson run ahaantii waxba ma uusan qaban si uu ula dagaallamo geesiga ...,Wuxuu yidhi Ron Johnson run ahaantii waxba ma uu samayn si uu ula dagaallamo balwadda heroin-ka iyo xad-gudubka opioid.,0
1826,Nidaamka xogta ee la socda Common Core waxaa loo qaabeeyey t...,"Nidaamka xogta ee la socda Core Common waxaa loogu talagalay in lagu ururiyo ilaa 400 dhibcood ilmo kasta, taas oo ay ku jiri karto xogta shakhsi ahaan lagu aqoonsan karo.",0
1827,Saddex meelood labo meel Granite States ayaa kasoo horjeeda xisbiga Shaaha iyo xisbigiisa...,Saddex meelood laba meel Granite States waxay ka soo horjeedaan Xisbiga Shaaha iyo ajandihiisa ku saabsan ururada shaqaalaha.,0
1828,Sagaal boqol oo qof ayaa shaqada laga eryay tan iyo markii aan xoghayaha noqday...,Sagaal boqol oo qof ayaa shaqada laga eryay tan iyo markii aan xoghaye ka noqday (Arimaha Veterans). Waxa aanu helnay 60 qof oo aanu shaqada ka ceyrinay kuwaas oo wakhtiyada sugitaan wax-ka-qabtay.,0
1829,"Qaar ka mid ah kulliyadaha, oo ay ku jiraan AM, ayaa horey u dammaanad qaaday ...","Qaar ka mid ah kulliyadaha, oo ay ku jirto AM, ayaa horey u dammaanad qaaday inaysan kordhin doonin waxbarashadooda.",0
1830,Waxay leedahay warbaahintu waxay abuurtay ereyga polar vortex iyo qabow ai...,Waxay leedahay warbaahintu waxay abuurtay ereyga polar vortex hawada qabowna waxay caddaynaysaa in barafku aanu dhalaalinayn.,0
1831,(Madaxweyne Barack Obama) ayaa sheegay in shaqo la’aantu aysan waligeed g...,(Madaxweyne Barack Obama) wuxuu sheegay in shaqo la'aantu aysan weligeed dhaafi doonin 8 boqolkiiba haddii aan gudbino qorshaha kicinta.,0
1832,Walaalaha Koch keligood waxay siiyeen lacag laba jibaar ka badan Scott Wa...,Walaalaha Koch keligood waxay siiyeen laba laab lacag ka badan Scott Walker wadarta guud ee lacagta uu soo ururiyay Tom Barrett.,0
1833,Ayaa sheegay in Adeegga Boostada Maraykanku aanay qaadan wax gargaar cashuur bixiye ah tan iyo markii...,"Waxa uu leeyahay Adeegga Boostada Maraykanku ma qaadin wax gargaar cashuur bixiye ah ilaa 1971, waxa ay maalgelisaa hawlaha gabi ahaan iibinta stamps iyo alaabta la xidhiidha oo waxa ay samaysaa faa'iido hawl gal sanadba sanadka ka dambeeya.",0
1834,Wuxuu sheegay in ay jiraan doollar federaal ah oo badan oo ku jira Gov. John Kasichs bud...,Wuxuu sheegay in ay jiraan doollar federaali ah oo ka badan qorshaha miisaaniyadda Gov. John Kasichs marka loo eego miisaaniyaddii hore ee gobolka.,0
1835,Wuxuu yiri tababaraha kubbadda cagta Rex Ryan wuxuu ku guuleystay horyaalada ...,"Waxa uu yidhi tababaraha kubada cagta ee xirfada leh Rex Ryan ayaa ku guulaystay horyaalada New York. AFC, waxaan filayaa, laba jeer.",0
1836,Boqolkiiba 95 lacagta loo isticmaalo ururka shaqaalaha wor...,Boqolkiiba shan iyo sagaashan lacagta loo isticmaalo xarumaha tababarka shaqaalaha ee ay ku shaqeeyaan ururka waxay ka yimaadaan loo shaqeeyayaasha.,0
1837,"Hadda, Golaha Wakiilada, waxaan leenahay 40 kala duwan oo j...","Hadda, Golaha Wakiillada, waxaanu haynaa 40 xeer oo kala duwan oo shaqo ah oo la ansixiyay oo ku dhawaad ​​dhamaantood ahaayeen laba xisbi.",0
1838,Waxa uu yidhi Madaxweyne Obama waxa uu afduubay biilka beeraha (oo) waxa uu u rogay i...,Waxa uu yidhi Madaxweyne Obama waxa uu afduubay biilka beeraha (oo) waxa uu ka dhigay biilka cuntada.,0
1839,Shirkadda ay dawladdu kiraysanayso ee qiimaynaysa ardayda ay dawladdu u xilsaartay...,Shirkadda ay dawladdu kiraysanayso ee qiimeeya imtixaannada ardayda ee gobolku waajibiyay waxay ku baxaysaa Craigslist si ay u hesho imtaxaanayaal si ay u akhriyaan qoraallada ardaydeenna.,0
1840,"In ka badan 100,000 oo haween ah oo ku nool Texas ayaa isku dayay in ay iskood isu soo dhisaan.","In ka badan 100,000 oo haween ah oo ku nool Texas ayaa isku dayay inay iskood iska soo xaaqaan sannadkii la soo dhaafay oo keliya.",0
1841,Marka kaliya ee shaqada dawladdu hoos u dhacday intii lagu jiray...,Marka kaliya ee shaqaalaynta dawladdu hoos u dhacday inta lagu jiro dhaqaale-xumada ayaa aniga hoos ii dhacday.,0
1842,Is-dilku wuxuu ka imaanayaa calaamad ah ee waaweyn oo leh ...,Is-dilku wuxuu ka yimaadaa dawladda dhexe ee waaweyn oo leh waxba uma qalantid laakiin waxaad ku heli doontaa wax aan waxba ahayn.,0
1843,Ayaa sheegay in Adeegga Boostada Maraykanku aanay qaadan wax gargaar cashuur bixiye ah tan iyo markii...,"Waxa uu leeyahay Adeegga Boostada Maraykanku ma qaadin wax gargaar cashuur bixiye ah ilaa 1971, waxa ay maalgelisaa hawlaha gabi ahaan iibinta stamps iyo alaabta la xidhiidha oo waxa ay samaysaa faa'iido hawl gal sanadba sanadka ka dambeeya.",0
1844,"Hadda, Golaha Wakiilada, waxaan leenahay 40 kala duwan oo j...","Hadda, Golaha Wakiillada, waxaanu haynaa 40 xeer oo kala duwan oo shaqo ah oo la ansixiyay oo ku dhawaad ​​dhamaantood ahaayeen laba xisbi.",0
1845,Muwaadiniin Jarmal ah ayaa dawladoodii hub ka dhigis ku samaysay dhamaadkii...,"Muwaadiniinta Jarmalku waxa hub ka dhigis ku sameeyay dawladoodii dabayaaqadii 1930-meeyadii, taas oo u ogolaatay Naasiyiintii in ay fuliyaan ujeedooyinkooda xun iyaga oo iska caabin yar leh.",0
1846,"In ka badan 100,000 oo haween ah oo ku nool Texas ayaa isku dayay in ay iskood isu soo dhisaan.","In ka badan 100,000 oo haween ah oo ku nool Texas ayaa isku dayay inay iskood iska soo xaaqaan sannadkii la soo dhaafay oo keliya.",0
1847,Qofka iga soo waxa uu ballan qaadayaa in uu soo celin doono shaqada hore isaga oo raba in uu iska tago...,Qofka iga soo horjeeda wuxuu ballan qaadayaa inuu soo celin doono shaqooyin hore isagoo u rajeeyay dhaqaalaha adduunka.,0
1848,Waxa uu sheegay in Madaxweyne Barack Obama uu ballan qaaday inuu la shaqeyn doono...,"Waxa uu sheegay in iyada oo Madaxweyne Barack Obama uu ballan qaaday in uu la shaqayn doono loo-shaqeeyahaaga si uu hoos ugu dhigo khidmadahaaga $2,500 qoyskiiba sannadkii, sharcigiisa daryeelka caafimaadku waxa uu kor u qaadayaa khidmadaha suuqa gaarka ah $2,100 qoyskiiba.",0
1849,"Qaar ka mid ah kulliyadaha, oo ay ku jiraan AM, ayaa horey u dammaanad qaaday ...","Qaar ka mid ah kulliyadaha, oo ay ku jirto AM, ayaa horey u dammaanad qaaday inaysan kordhin doonin waxbarashadooda.",0
1850,Waxa uu yidhi Madaxweyne Obama waxa uu afduubay biilka beeraha (oo) waxa uu u rogay i...,Waxa uu yidhi Madaxweyne Obama waxa uu afduubay biilka beeraha (oo) waxa uu ka dhigay biilka cuntada.,0
1851,"Mashruuca Buffalos SolarCity, Andrew Cuomo wuxuu abuuri doonaa laga yaabee ...","Mashruuca Buffalos SolarCity, Andrew Cuomo wuxuu abuuri doonaa laga yaabee 500 shaqo haddii ay weligeed dhacdo, qiyaastii $1.5 milyan shaqa kasta.",0
1852,Wuxuu yiri xildhibaanka Miami Carlos Curbelo wuxuu taageersan yahay qodista qodista...,Waxa uu yidhi xildhibaanka Miami Carlos Curbelo waxa uu taageersan yahay qodista xeebaha waxana uu si isdaba joog ah uga codeeyay awoodda madaxweyne Obama ee la dagaalanka wasakhowga iyo la dagaalanka isbedelka cimilada.,0
1853,Wuxuu sheegay in dib u habeynta daryeelka caafimaadka qaranka ay tahay mid ay dowladdu la wareegtay...,Waxa uu leeyahay dib u habaynta daryeelka caafimaadka qaranka waa la wareegida dawladda ee daryeelka caafimaadka.,0
1854,Donald Trump ayaa sheegay in dowladda ay bixineyso qarashka ku baxaya...,Wuxuu yidhi Donald Trump wuxuu sheegay in dawladdu ay bixinayso kharashka qof walba si uu u helo daryeel caafimaad.,0
1855,Waxa uu sheegay in Romney uu maalgashaday shirkad alaab ka samaysa Shiinaha oo...,Waxa uu yidhi Romney waxa uu maalgashaday shirkad alaabo ka samaynaysa Shiinaha oo laga samayn lahaa halkan America.,0
1856,Ciidamada badda ayaa dacwad ku soo oogaya sarkaal ka tirsan ciidamada badda oo toogtay...,Ciidanka badda ayaa dacwad ku soo oogaya sarkaal ka tirsan ciidamada badda oo toogtay toogashadii Chattanooga ka dib markii uu si sharci darro ah hub ugu furay hanti federaal ah.,0
1857,"Inkasta oo ay ka soo horjeesteen naadiga qaranka ee kobaca, naadiga G...","In kasta oo ay ka soo horjeedaan Naadiga kobaca qaranka, Naadiga Kobaca Wisconsin ayaa u ansixiyay Senetka Mareykanka.",0
1858,Waxaan bixinaa PhD-da sanad walba in ka badan jaamacad kale ee A...,Waxaan bixinaa PhDs ka badan sanad walba marka loo eego jaamacadaha kale ee Ameerika marka laga reebo Berkeley.,0
1859,Waxaan u dhimi karnaa shaqo la'aanta kala bar si fudud annaga oo dib u soo ceshanno j...,Waxaan shaqo la'aanta u dhimi karnaa kala bar si fudud innagoo dib u soo ceshanayna shaqooyinkii ay qabteen shaqaalaha sharci darrada ah.,0
1860,Sagaal boqol oo qof ayaa shaqada laga eryay tan iyo markii aan xoghayaha noqday...,Sagaal boqol oo qof ayaa shaqada laga eryay tan iyo markii aan xoghaye ka noqday (Arimaha Veterans). Waxa aanu helnay 60 qof oo aanu shaqada ka ceyrinay kuwaas oo wakhtiyada sugitaan wax-ka-qabtay.,0
1861,Nidaamka xogta ee la socda Common Core waxaa loo qaabeeyey t...,"Nidaamka xogta ee la socda Core Common waxaa loogu talagalay in lagu ururiyo ilaa 400 dhibcood ilmo kasta, taas oo ay ku jiri karto xogta shakhsi ahaan lagu aqoonsan karo.",0
1862,Wuxuu sheegay in eedeymaha ah inuu sameeyay galmo aan loo baahnayn oo ku saabsan ...,Waxa uu sheegay in eedeymaha ah in uu sameeyay galmo aan la rabin oo uu ku sameeyay haweeney ku xigeen shariif ah ay laba garsoore oo kala duwan ay ku heleen in aysan mudneyn.,0
1863,Saraakiisha Medicare waxay ula dhaqmeen Humana iyo AARP si aan is waafaqsanayn,Saraakiisha Medicare waxay ula dhaqmeen Humana iyo AARP si aan joogto ahayn sida ay ula xiriiri karaan waayeelka.,0
1864,Guddiga dib u soo celinta dhaqangelinta ee gobolka ee dhawaan la sameeyay...,"Guddiga dib u eegista dhaqangelinta socdaalka ee gobolka ee dhawaan la sameeyay ayaa dhab ahaantii dacwayn kara, oo ku ridi kara [xukun] xabsiga, haddii aanu keenno xeer ilaaliyaha guud.",0
1865,Waxaa jira kharashyo maamul oo sarreeya marka aad ku deeqdo Haiti...,Waxaa jira kharashyo maamul oo sarreeya marka aad ku deeqdo gargaarka Haiti iyada oo loo marayo Mareegta Aqalka Cad.,0
1866,"In ka badan 100,000 oo haween ah oo ku nool Texas ayaa isku dayay in ay iskood isu soo dhisaan.","In ka badan 100,000 oo haween ah oo ku nool Texas ayaa isku dayay inay iskood iska soo xaaqaan sannadkii la soo dhaafay oo keliya.",0
1867,"Mashruuca Buffalos SolarCity, Andrew Cuomo wuxuu abuuri doonaa laga yaabee ...","Mashruuca Buffalos SolarCity, Andrew Cuomo wuxuu abuuri doonaa laga yaabee 500 shaqo haddii ay weligeed dhacdo, qiyaastii $1.5 milyan shaqa kasta.",0
1868,Pentagon-ka ayaa ka dhigtay geesinimada tan iyo markii la shaaciyay ee POW Jessi ...,Pentagon-ka ayaa ka dhigtay geesinimada tan iyo markii la shaaciyay ee POW Jessica Lynch iyada oo isku dayday in ay ka fogaato qabashada Ciraaq.,0
1869,Saddex meelood labo meel Granite States ayaa kasoo horjeeda xisbiga Shaaha iyo xisbigiisa...,Saddex meelood laba meel Granite States waxay ka soo horjeedaan Xisbiga Shaaha iyo ajandihiisa ku saabsan ururada shaqaalaha.,0
1870,Waxaan ka mid ahaa kuwii ugu horreeyay ee dhaleeceeya ku degdegista dagaalka (Ir...,"Waxaan ka mid ahaa kuwii ugu horreeyay ee dhaleeceeya degdegga ah ee dagaalka (Ciraaq), iyo haa, xitaa ka hor inta uusan dagaalku bilaaban.",0
1871,Wuxuu yiri Ron Johnson run ahaantii waxba ma uusan qaban si uu ula dagaallamo geesiga ...,Wuxuu yidhi Ron Johnson run ahaantii waxba ma uu samayn si uu ula dagaallamo balwadda heroin-ka iyo xad-gudubka opioid.,0
1872,Madaxweyne Obama ayaa sheegay in shaqo la’aanta ay ka hooseyso 8...,Waxa uu yidhi Madaxweyne Obama waxa uu ballan qaaday in shaqo la'aanta ay ka hoosayso 8 boqolkiiba haddii kicinta la dhaafo.,0
1873,Wuxuu sheegay in ay jiraan doollar federaal ah oo badan oo ku jira Gov. John Kasichs bud...,Wuxuu sheegay in ay jiraan doollar federaali ah oo ka badan qorshaha miisaaniyadda Gov. John Kasichs marka loo eego miisaaniyaddii hore ee gobolka.,0
1874,Xirmada dhiirigelinta waxaa ku jira sharci ka soo horjeeda Masiixi...,"Xirmada dhiirigelinta waxaa ku jira sharci lid ku ah Masiixiyiinta kaas oo joojin doona kaniisadaha inay u isticmaalaan dugsiyada dadweynaha kulannada axada, iyo sidoo kale Boy Scouts iyo kooxaha ardada barta Kitaabka Quduuska ah.",0
1875,Saddex meelood labo ka mid ah dadka ku nool Wisconsin ayaa si adag uga soo horjeeda...,Saddex meelood laba meel dadka Wisconsin ayaa si adag uga soo horjeeda fikradan ah in si joogto ah looga qaado xuquuqda dadka ee gorgortanka wadajirka ah.,0
1876,Waxa uu sheegay in Madaxweyne Barack Obama uu ballan qaaday inuu la shaqeyn doono...,"Waxa uu sheegay in iyada oo Madaxweyne Barack Obama uu ballan qaaday in uu la shaqayn doono loo-shaqeeyahaaga si uu hoos ugu dhigo khidmadahaaga $2,500 qoyskiiba sannadkii, sharcigiisa daryeelka caafimaadku waxa uu kor u qaadayaa khidmadaha suuqa gaarka ah $2,100 qoyskiiba.",0
1877,Waxay leedahay warbaahintu waxay abuurtay ereyga polar vortex iyo qabow ai...,Waxay leedahay warbaahintu waxay abuurtay ereyga polar vortex hawada qabowna waxay caddaynaysaa in barafku aanu dhalaalinayn.,0
1878,"Inkasta oo ay ka soo horjeesteen naadiga qaranka ee kobaca, naadiga G...","In kasta oo ay ka soo horjeedaan Naadiga kobaca qaranka, Naadiga Kobaca Wisconsin ayaa u ansixiyay Senetka Mareykanka.",0
1879,Guddiga dib u soo celinta dhaqangelinta ee gobolka ee dhawaan la sameeyay...,"Guddiga dib u eegista dhaqangelinta socdaalka ee gobolka ee dhawaan la sameeyay ayaa dhab ahaantii dacwayn kara, oo ku ridi kara [xukun] xabsiga, haddii aanu keenno xeer ilaaliyaha guud.",0
1880,Ayaa sheegay in Adeegga Boostada Maraykanku aanay qaadan wax gargaar cashuur bixiye ah tan iyo markii...,"Waxa uu leeyahay Adeegga Boostada Maraykanku ma qaadin wax gargaar cashuur bixiye ah ilaa 1971, waxa ay maalgelisaa hawlaha gabi ahaan iibinta stamps iyo alaabta la xidhiidha oo waxa ay samaysaa faa'iido hawl gal sanadba sanadka ka dambeeya.",0
1881,"Qoysaska Maraykanku waxay ku dadaalaan inay helaan $4,250 bishii. Obama ayaa...","Qoysaska Maraykanku waxay ku dadaalaan inay helaan $4,250 bishii. Obama waxa uu ku kharash gareeyaa $18,972 bishii ilmo kasta oo sharci-darro ah.",0
1882,Waxay leedahay warbaahintu waxay abuurtay ereyga polar vortex iyo qabow ai...,Waxay leedahay warbaahintu waxay abuurtay ereyga polar vortex hawada qabowna waxay caddaynaysaa in barafku aanu dhalaalinayn.,0
1883,Wuxuu yiri tababaraha kubbadda cagta Rex Ryan wuxuu ku guuleystay horyaalada ...,"Waxa uu yidhi tababaraha kubada cagta ee xirfada leh Rex Ryan ayaa ku guulaystay horyaalada New York. AFC, waxaan filayaa, laba jeer.",0
1884,Musharaxa senate-ka Mareykanka Jack Kingston waxa uu ku qarash gareeyay doollarkayaga canshuurta...,Musharaxa senate-ka ee Maraykanka Jack Kingston waxa uu doollarkayaga cashuurta ku kharash gareeyey kumanyaal calaamado wasakh ah.,0
1885,Boqolkiiba 95 lacagta loo isticmaalo ururka shaqaalaha wor...,Boqolkiiba shan iyo sagaashan lacagta loo isticmaalo xarumaha tababarka shaqaalaha ee ay ku shaqeeyaan ururka waxay ka yimaadaan loo shaqeeyayaasha.,0
1886,"Wuxuu yidhi Mitt Romney wuxuu taageeray sharcia dhammaan ilmo iska soo rididda, e...","Wuxuu yidhi Mitt Romney wuxuu taageeray sharci mamnuucaya dhammaan ilmo iska soo rididda, xitaa kiisaska kufsiga iyo jinsiga.",0
1887,Ciidamada badda ayaa dacwad ku soo oogaya sarkaal ka tirsan ciidamada badda oo toogtay...,Ciidanka badda ayaa dacwad ku soo oogaya sarkaal ka tirsan ciidamada badda oo toogtay toogashadii Chattanooga ka dib markii uu si sharci darro ah hub ugu furay hanti federaal ah.,0
1888,"In ka badan 100,000 oo haween ah oo ku nool Texas ayaa isku dayay in ay iskood isu soo dhisaan.","In ka badan 100,000 oo haween ah oo ku nool Texas ayaa isku dayay inay iskood iska soo xaaqaan sannadkii la soo dhaafay oo keliya.",0
1889,"Hadda, Golaha Wakiilada, waxaan leenahay 40 kala duwan oo j...","Hadda, Golaha Wakiillada, waxaanu haynaa 40 xeer oo kala duwan oo shaqo ah oo la ansixiyay oo ku dhawaad ​​dhamaantood ahaayeen laba xisbi.",0
1890,Xildhibaanada Aqalka Sare ayaa meel mariyay mushaar kordhin dhan $10...,"Xubnaha Congress-ka waxay ku ansixiyeen mushaar kordhin dhan $10,000 muddo laba sano ah xitaa iyagoo u codeeyay inaanan kor loo qaadin macaashka Lambarka Bulshada 2010 iyo 2011.",0
1891,Canshuuraha guryuhu hadda 18% way ka sarreeyaan markii (Mark Sharpe) kow...,Canshuuraha guryuhu hadda 18% way ka sarreeyaan markii (Mark Sharpe) markii ugu horreysay ee uu xafiiska la wareegay.,0
1892,Wuxuu yiri xildhibaanka Miami Carlos Curbelo wuxuu taageersan yahay qodista qodista...,Waxa uu yidhi xildhibaanka Miami Carlos Curbelo waxa uu taageersan yahay qodista xeebaha waxana uu si isdaba joog ah uga codeeyay awoodda madaxweyne Obama ee la dagaalanka wasakhowga iyo la dagaalanka isbedelka cimilada.,0
1893,Boqolkiiba 95 lacagta loo isticmaalo ururka shaqaalaha wor...,Boqolkiiba shan iyo sagaashan lacagta loo isticmaalo xarumaha tababarka shaqaalaha ee ay ku shaqeeyaan ururka waxay ka yimaadaan loo shaqeeyayaasha.,0
1894,Waxaa jira kharashyo maamul oo sarreeya marka aad ku deeqdo Haiti...,Waxaa jira kharashyo maamul oo sarreeya marka aad ku deeqdo gargaarka Haiti iyada oo loo marayo Mareegta Aqalka Cad.,0
1895,Saddex meelood labo ka mid ah dadka ku nool Wisconsin ayaa si adag uga soo horjeeda...,Saddex meelood laba meel dadka Wisconsin ayaa si adag uga soo horjeeda fikradan ah in si joogto ah looga qaado xuquuqda dadka ee gorgortanka wadajirka ah.,0
1896,Waxaan bixinaa PhD-da sanad walba in ka badan jaamacad kale ee A...,Waxaan bixinaa PhDs ka badan sanad walba marka loo eego jaamacadaha kale ee Ameerika marka laga reebo Berkeley.,0
1897,"27-kii bilood ee la soo dhaafay, Madaxweyne Barack Obama waxa uu abuuray...","27-kii bilood ee la soo dhaafay, Madaxweyne Barack Obama waxa uu abuuray shaqooyin ka badan kuwa gaarka loo leeyahay marka loo eego soo kabashada Reagan.",0
1898,"Waxa uu sheegay in uu ahaa saldhigga gobolka Utah, uu markii la shaqeeyay s ...","Wuxuu sheegay in markii uu ahaa guddoomiyaha Utah, uu la shaqeeyay Sharci-dejinta gobolka si loo abuuro canshuur siman oo dhimaysa canshuurta dakhliga boqolkiiba 30.",0
1899,Sagaal boqol oo qof ayaa shaqada laga eryay tan iyo markii aan xoghayaha noqday...,Sagaal boqol oo qof ayaa shaqada laga eryay tan iyo markii aan xoghaye ka noqday (Arimaha Veterans). Waxa aanu helnay 60 qof oo aanu shaqada ka ceyrinay kuwaas oo wakhtiyada sugitaan wax-ka-qabtay.,0
1900,Saddex meelood labo meel Granite States ayaa kasoo horjeeda xisbiga Shaaha iyo xisbigiisa...,Saddex meelood laba meel Granite States waxay ka soo horjeedaan Xisbiga Shaaha iyo ajandihiisa ku saabsan ururada shaqaalaha.,0
1901,Musharaxa senate-ka Mareykanka Jack Kingston waxa uu ku qarash gareeyay doollarkayaga canshuurta...,Musharaxa senate-ka ee Maraykanka Jack Kingston waxa uu doollarkayaga cashuurta ku kharash gareeyey kumanyaal calaamado wasakh ah.,0
1902,Wuxuu sheegay in dib u habeynta daryeelka caafimaadka qaranka ay tahay mid ay dowladdu la wareegtay...,Waxa uu leeyahay dib u habaynta daryeelka caafimaadka qaranka waa la wareegida dawladda ee daryeelka caafimaadka.,0
1903,Waxa uu sheegay in Romney uu maalgashaday shirkad alaab ka samaysa Shiinaha oo...,Waxa uu yidhi Romney waxa uu maalgashaday shirkad alaabo ka samaynaysa Shiinaha oo laga samayn lahaa halkan America.,0
1904,Musharaxa senate-ka Mareykanka Jack Kingston waxa uu ku qarash gareeyay doollarkayaga canshuurta...,Musharaxa senate-ka ee Maraykanka Jack Kingston waxa uu doollarkayaga cashuurta ku kharash gareeyey kumanyaal calaamado wasakh ah.,0
1905,"McCain ""wuxuu u codeeyay inuu dhimo maalgelinta waxbarashada, isagoo ka soo horjeeda la xisaabtanka","McCain ""wuxuu u codeeyay inuu dhimo maalgelinta waxbarashada, isagoo ka soo horjeeda heerarka isla xisaabtanka. Wuxuu xitaa soo jeediyay in la baabi'iyo Waaxda Waxbarashada.""",0
1906,Ayaa sheegtay in dowladda federaalku ay amar ku bixisay in dadka aan galmoodka ahayn (sic) iyo h...,Ayaa sheegtay in dawladda federaalku ay amar ku bixinayso dadka aan isu galmoodin (sic) iyo khaniisiinta inay carruurta ku qabsanayaan aagagga khatarta ah ee shisheeyaha iyagoo adeegsanaya magaca ammaanka garoonka diyaaradaha.,0
1907,Codbixinta ayaa muujineysa in Floridians aysan dooneynin inay baabi'iyaan lacagta la awoodi karo…,Ra'yi ururintu waxay muujinayaan in Floridians aysan rabin inay tirtiraan Sharciga Daryeelka La awoodi karo.,0
1908,"Xiligii Madaxweyne Barack Obama, 8.3 (milyan) oo Maraykan ah ayaa ka yar ...","Xilligii Madaxweyne Barack Obama, 8.3 (milyan) oo Maraykan ah ayaa shaqeeya maanta in ka yar sidii ay ahaayeen afar sano ka hor.",0
1909,Codbixinta ayaa muujineysa in Floridians aysan dooneynin inay baabi'iyaan lacagta la awoodi karo…,Ra'yi ururintu waxay muujinayaan in Floridians aysan rabin inay tirtiraan Sharciga Daryeelka La awoodi karo.,0
1910,Bal eeg waxa uu agaasimaha FBI-da ka yidhi iyada (Hillary C...,Bal u fiirso waxa uu agaasimaha FBI-da ka yidhi (Hillary Clinton) dhaqan-xumada ay samaysay waa ceeb iyo ceeb dalkeena.,0
1911,Wuxuu sheegay in dib u habeynta daryeelka caafimaadka qaranka ay tahay mid ay dowladdu la wareegtay...,Waxa uu leeyahay dib u habaynta daryeelka caafimaadka qaranka waa la wareegida dawladda ee daryeelka caafimaadka.,0
1912,Waxa uu sheegay in Madaxweyne Barack Obama uu ballan qaaday inuu la shaqeyn doono...,"Waxa uu sheegay in iyada oo Madaxweyne Barack Obama uu ballan qaaday in uu la shaqayn doono loo-shaqeeyahaaga si uu hoos ugu dhigo khidmadahaaga $2,500 qoyskiiba sannadkii, sharcigiisa daryeelka caafimaadku waxa uu kor u qaadayaa khidmadaha suuqa gaarka ah $2,100 qoyskiiba.",0
1913,Wuxuu yiri tababaraha kubbadda cagta Rex Ryan wuxuu ku guuleystay horyaalada ...,"Waxa uu yidhi tababaraha kubada cagta ee xirfada leh Rex Ryan ayaa ku guulaystay horyaalada New York. AFC, waxaan filayaa, laba jeer.",0
1914,Wuxuu sheegay in uu ku guuleystay codka shacabka haddii aad ka jarto malaayiinta p...,Waxa uu sheegay in uu ku guulaystay codka shacabka haddii aad ka jarto malaayiinta qof ee sida sharci darrada ah u codeeyay.,0
1915,Musharaxa senate-ka Mareykanka Jack Kingston waxa uu ku qarash gareeyay doollarkayaga canshuurta...,Musharaxa senate-ka ee Maraykanka Jack Kingston waxa uu doollarkayaga cashuurta ku kharash gareeyey kumanyaal calaamado wasakh ah.,0
1916,"27-kii bilood ee la soo dhaafay, Madaxweyne Barack Obama waxa uu abuuray...","27-kii bilood ee la soo dhaafay, Madaxweyne Barack Obama waxa uu abuuray shaqooyin ka badan kuwa gaarka loo leeyahay marka loo eego soo kabashada Reagan.",0
1917,(Madaxweyne Barack Obama) ayaa sheegay in shaqo la’aantu aysan waligeed g...,(Madaxweyne Barack Obama) wuxuu sheegay in shaqo la'aantu aysan weligeed dhaafi doonin 8 boqolkiiba haddii aan gudbino qorshaha kicinta.,0
1918,"Inkasta oo ay ka soo horjeesteen naadiga qaranka ee kobaca, naadiga G...","In kasta oo ay ka soo horjeedaan Naadiga kobaca qaranka, Naadiga Kobaca Wisconsin ayaa u ansixiyay Senetka Mareykanka.",0
1919,Hindise sharciyeedka gobolka ayaa soo afjari doona shuruudihii muddada dheer ee ahaa in deegaanka...,Hindise-sharciyeedka gobolku waxa uu soo afjarayaa shuruudii muddada dheer u baahnayd ee ah in dawladaha hoose ay dayactiraan waddooyinka waaweyn iyo laamiyada-- oo ay ka horjoogsadaan muwaadiniinta dhaawaca ah in ay dacweeyaan dayactirka la dayacay.,0
1920,Waxaan bixinaa PhD-da sanad walba in ka badan jaamacad kale ee A...,Waxaan bixinaa PhDs ka badan sanad walba marka loo eego jaamacadaha kale ee Ameerika marka laga reebo Berkeley.,0
1921,"Qoysaska Maraykanku waxay ku dadaalaan inay helaan $4,250 bishii. Obama ayaa...","Qoysaska Maraykanku waxay ku dadaalaan inay helaan $4,250 bishii. Obama waxa uu ku kharash gareeyaa $18,972 bishii ilmo kasta oo sharci-darro ah.",0
1922,Canshuuraha guryuhu hadda 18% way ka sarreeyaan markii (Mark Sharpe) kow...,Canshuuraha guryuhu hadda 18% way ka sarreeyaan markii (Mark Sharpe) markii ugu horreysay ee uu xafiiska la wareegay.,0
1923,Haddii Madaxweyne Obama saxiixo daawaynta isbedelka cimilada ee Copenhagen...,"Haddii madaxweyne Obama uu saxiixo heshiiska isbeddelka cimilada ee Copenhagen, wuxuu ""sixiixi doonaa xorriyaddaada, dimoqraadiyaddaada, iyo barwaaqadaada weligiin, adiga iyo dawlad kasta oo ku xigta oo aad dooran karto ma lahaan doonto wax awood ah si ay dib ugu soo celiso.""",0
1924,"Keystone XL wuxuu u oggolaanayaa Kanada inay soo saarto saliiddooda, u dirto iyada oo loo marayo ...","Keystone XL wuxuu u oggolaanayaa Kanada inay soo saarto shidaalkooda, u dirto dhulkeena, ilaa Khaliijka, halkaas oo laga iibin doono meel kasta oo kale.",0
1925,Waxa uu yidhi Donald Trump waxa uu taageersan yahay ajande halkaas ka jira oo ah in si gaar loo leeyahay...,Waxa uu yidhi Donald Trump waxa uu taageerayaa ajande halkaa ka jira si gaar looga dhigo nidaamka daryeelka caafimaadka ee Arrimaha Veterans.,0
1926,(Madaxweyne Barack Obama) ayaa sheegay in shaqo la’aantu aysan waligeed g...,(Madaxweyne Barack Obama) wuxuu sheegay in shaqo la'aantu aysan weligeed dhaafi doonin 8 boqolkiiba haddii aan gudbino qorshaha kicinta.,0
1927,Musharaxa senate-ka Mareykanka Jack Kingston waxa uu ku qarash gareeyay doollarkayaga canshuurta...,Musharaxa senate-ka ee Maraykanka Jack Kingston waxa uu doollarkayaga cashuurta ku kharash gareeyey kumanyaal calaamado wasakh ah.,0
1928,"Waxa uu sheegay in uu ahaa saldhigga gobolka Utah, uu markii la shaqeeyay s ...","Wuxuu sheegay in markii uu ahaa guddoomiyaha Utah, uu la shaqeeyay Sharci-dejinta gobolka si loo abuuro canshuur siman oo dhimaysa canshuurta dakhliga boqolkiiba 30.",0
1929,(Madaxweyne Barack Obama) ayaa sheegay in shaqo la’aantu aysan waligeed g...,(Madaxweyne Barack Obama) wuxuu sheegay in shaqo la'aantu aysan weligeed dhaafi doonin 8 boqolkiiba haddii aan gudbino qorshaha kicinta.,0
1930,Ku dhawaad ​​800 oo qof ayaa diiday in laga baaro daroogada sababtoo ah...,Qiyaastii 800 oo qof ayaa diiday in la sameeyo baaris daroogo sababtoo ah waxay u joogaan mukhaadaraad.,0
1931,Pentagon-ka ayaa ka dhigtay geesinimada tan iyo markii la shaaciyay ee POW Jessi ...,Pentagon-ka ayaa ka dhigtay geesinimada tan iyo markii la shaaciyay ee POW Jessica Lynch iyada oo isku dayday in ay ka fogaato qabashada Ciraaq.,0
1932,Muwaadiniin Jarmal ah ayaa dawladoodii hub ka dhigis ku samaysay dhamaadkii...,"Muwaadiniinta Jarmalku waxa hub ka dhigis ku sameeyay dawladoodii dabayaaqadii 1930-meeyadii, taas oo u ogolaatay Naasiyiintii in ay fuliyaan ujeedooyinkooda xun iyaga oo iska caabin yar leh.",0
1933,"Barack Obama ""wuxuu doonayaa in dowladda ay la wareegto daryeelka caafimaadka,...","Barack Obama ""wuxuu rabaa in dowladdu ay la wareegto daryeelka caafimaadka, ku bixiso boqolaal bilyan oo doolar oo lacag cusub ah caymiska caafimaadka qof walba.""",0
1934,Wuxuu sheegay in ay jiraan doollar federaal ah oo badan oo ku jira Gov. John Kasichs bud...,Wuxuu sheegay in ay jiraan doollar federaali ah oo ka badan qorshaha miisaaniyadda Gov. John Kasichs marka loo eego miisaaniyaddii hore ee gobolka.,0
1935,"Xiligii Madaxweyne Barack Obama, 8.3 (milyan) oo Maraykan ah ayaa ka yar ...","Xilligii Madaxweyne Barack Obama, 8.3 (milyan) oo Maraykan ah ayaa shaqeeya maanta in ka yar sidii ay ahaayeen afar sano ka hor.",0
1936,Ayaa sheegay in Adeegga Boostada Maraykanku aanay qaadan wax gargaar cashuur bixiye ah tan iyo markii...,"Waxa uu leeyahay Adeegga Boostada Maraykanku ma qaadin wax gargaar cashuur bixiye ah ilaa 1971, waxa ay maalgelisaa hawlaha gabi ahaan iibinta stamps iyo alaabta la xidhiidha oo waxa ay samaysaa faa'iido hawl gal sanadba sanadka ka dambeeya.",0
1937,"Xiligii Madaxweyne Barack Obama, 8.3 (milyan) oo Maraykan ah ayaa ka yar ...","Xilligii Madaxweyne Barack Obama, 8.3 (milyan) oo Maraykan ah ayaa shaqeeya maanta in ka yar sidii ay ahaayeen afar sano ka hor.",0
1938,Wuxuu yiri xildhibaanka Miami Carlos Curbelo wuxuu taageersan yahay qodista qodista...,Waxa uu yidhi xildhibaanka Miami Carlos Curbelo waxa uu taageersan yahay qodista xeebaha waxana uu si isdaba joog ah uga codeeyay awoodda madaxweyne Obama ee la dagaalanka wasakhowga iyo la dagaalanka isbedelka cimilada.,0
1939,"Qaar ka mid ah kulliyadaha, oo ay ku jiraan AM, ayaa horey u dammaanad qaaday ...","Qaar ka mid ah kulliyadaha, oo ay ku jirto AM, ayaa horey u dammaanad qaaday inaysan kordhin doonin waxbarashadooda.",0
1940,Haddii Madaxweyne Obama saxiixo daawaynta isbedelka cimilada ee Copenhagen...,"Haddii madaxweyne Obama uu saxiixo heshiiska isbeddelka cimilada ee Copenhagen, wuxuu ""sixiixi doonaa xorriyaddaada, dimoqraadiyaddaada, iyo barwaaqadaada weligiin, adiga iyo dawlad kasta oo ku xigta oo aad dooran karto ma lahaan doonto wax awood ah si ay dib ugu soo celiso.""",0
1941,Nidaamka xogta ee la socda Common Core waxaa loo qaabeeyey t...,"Nidaamka xogta ee la socda Core Common waxaa loogu talagalay in lagu ururiyo ilaa 400 dhibcood ilmo kasta, taas oo ay ku jiri karto xogta shakhsi ahaan lagu aqoonsan karo.",0
1942,Waxay qaadataa tamar aad u badan si loo sameeyo panel cadceedda sida ay u badan tahay g...,Waxay qaadataa tamar aad u badan si loo sameeyo alwaax qoraxda sida ay u badan tahay inay soo saarto nolosheeda oo dhan.,0
1943,Bal eeg waxa uu agaasimaha FBI-da ka yidhi iyada (Hillary C...,Bal u fiirso waxa uu agaasimaha FBI-da ka yidhi (Hillary Clinton) dhaqan-xumada ay samaysay waa ceeb iyo ceeb dalkeena.,0
1944,Test news message,Test news message,0
1945,Barnaamij aan ku eegno wararkii ugu dambeeyay ee caalamka iy...,Barnaamij aan ku eegno wararkii ugu dambeeyay ee caalamka iyo Soomaalida. Barnaamij aan ku eegno wararkii ugu dambeeyay ee caalamka iyo Soomaalida. Barnaamijka aroornimo ee soo bandhiga wararka gogoldhaca u ah maalinta iyo cayaaraha. Barnaamij aan ku eegno wararkii ugu dambeeyay ee caalamka iyo Soomaalida. Barnaamijka aroornimo ee soo bandhiga wararka gogoldhaca u ah maalinta iyo cayaaraha.,0
1946,Mas’uuliyiinta dalka Imaaraadka Carabta ayaa sheegay in ugu ...,"Mas’uuliyiinta dalka Imaaraadka Carabta ayaa sheegay in ugu yaraan 16 gantaal oo ballistic ah iyo 121 diyaaradood oo aan duuliye lahayn (drones) maanta lagu soo weeraray dalka. Sida ay sheegeen saraakiisha, dhammaan gantaallada marka laga reebo mid badda ku dhacay ayaa la qabtay lana burburiyay. Sidoo kale ugu yaraan 119 drones ayaa la qabtay, halka labo drone ay ku dhaceen gudaha dhulka Imaaraadka Carabta. Tan iyo markii uu dagaalku bilaabmay, mas’uuliyiintu waxay sheegeen in la ogaaday: 221 gantaal oo ballistic ah, kuwaas oo 205 la burburiyay, 14-na ay badda ku dhaceen, halka labo ay ku dhaceen gudaha dalka Imaaraadka. 1,305 drones oo laga soo diray Iran, kuwaas oo 1,229 la qabtay, halka 76 ay ku dhaceen gudaha dalka. Sidoo kale siddeed gantaal oo cruise ah ayaa la ogaaday laguna guuleystay in la burburiyo. Weeraradan ayaa sababay dhimashada saddex qof oo kala ah muwaadiniin u dhashay Pakistan, Nepal iyo Bangladesh. Waxaa sidoo kale ku dhaawacmay dhaawacyo fudud 112 qof oo ka kala yimid dalal ay ka mid yihiin Imaaraadka, Masar, Itoobiya, Filibiin, Pakistan, Iran, Hindiya, Bangladesh, Sri Lanka, Azerbaijan, Yemen, Uganda, Eritrea, Lubnaan, Afghanistan, Bahrain, Comoros iyo Turkiga.",0
1947,Waajibaadka daryeelka caafimaadku waxay u baahan doontaa xad...,Waajibaadka daryeelka caafimaadku waxay u baahan doontaa xadhig iyo ganaax lacageed dadka Maraykanka ah ee aan awoodin inay iibsadaan caymis ama bixiyaan ganaaxyo culus oo dawladeed.,0
1948,Nidaamka xogta ee la socda Core Common waxaa loogu talagalay...,"Nidaamka xogta ee la socda Core Common waxaa loogu talagalay in lagu ururiyo ilaa 400 dhibcood ilmo kasta, taas oo ay ku jiri karto xogta shakhsi ahaan lagu aqoonsan karo.",0
1949,Guddoomiyihii hore ee Alaska Sarah Palin waxay ku saxsanayd ...,"Guddoomiyihii hore ee Alaska Sarah Palin waxay ku saxsanayd in sharciga daryeelka caafimaadka ee Madaxweyne Barack Obama uu abuuray waxa, dhab ahaan, noqon lahaa guddiyada dhimashada.",0
1950,"Ohio, waxaanu maal galinay caruurteena, anagoo ku kordhinay ...","Ohio, waxaanu maal galinay caruurteena, anagoo ku kordhinay maalgelinta dugsiga 5.5 boqolkiiba miisaaniyadii u dambaysay.",0
1951,"Mashruuca Buffalos SolarCity, Andrew Cuomo wuxuu abuuri doon...","Mashruuca Buffalos SolarCity, Andrew Cuomo wuxuu abuuri doonaa laga yaabee 500 shaqo haddii ay weligeed dhacdo, qiyaastii $1.5 milyan shaqa kasta.",0
1952,Keystone XL wuxuu u oggolaanayaa Kanada inay soo saarto shid...,"Keystone XL wuxuu u oggolaanayaa Kanada inay soo saarto shidaalkooda, u dirto dhulkeena, ilaa Khaliijka, halkaas oo laga iibin doono meel kasta oo kale.",0
1953,Boqolkiiba shan iyo sagaashan lacagta loo isticmaalo xarumah...,Boqolkiiba shan iyo sagaashan lacagta loo isticmaalo xarumaha tababarka shaqaalaha ee ay ku shaqeeyaan ururka waxay ka yimaadaan loo shaqeeyayaasha.,0
1954,Waxaan ka mid ahaa kuwii ugu horreeyay ee dhaleeceeya degdeg...,"Waxaan ka mid ahaa kuwii ugu horreeyay ee dhaleeceeya degdegga ah ee dagaalka (Ciraaq), iyo haa, xitaa ka hor inta uusan dagaalku bilaaban.",0
1955,Ummad kasta oo jirrab iyo hantaawilif ka muuqdo waa bulsho i...,"Ummad kasta oo jirrab iyo hantaawilif ka muuqdo waa bulsho ilaashan weydey haybteeda afeed, bedqabkeeda sooyaal, dhaxalkeeda isirnimo, toosnaanteeda diimeed, cududdeeda ciidan, karaamadeeda dadnimo, hab-dhaqankeeda akhlaaqeed iyo kobaceeda dhaqaale. Haddaba, kolka uu afku ka badbaado dhalan-rogga, barabixidda, barxidda iyo dhimaalka, uuna helo bedqab iyo ilaalin(language security)waxa badbaadaya kasmada iyo kasiista qofka(intellectual security). Sidaas darteed, haddii la helo bedqab afeed iyo mid fikir ba, waxaa la heli karaa bedqab qaran(national security). Mushkiladda qormadani,(Research problem)lagu bidhaaminayo iyo weyddiinta ay ka jawaabeyso waa; kaalinintee le eg ayey suugaantu ku leedahay bedqabka qofka Soomaaliga ahiyoilaalinta qarannimada? Sidoo kale,suurtagal ma tahay in la soo bandhigo tusaalayaal muujinaya doorka suugaanta Soomaaliyeed ku leedahay qaabaynta qofka Soomaaliga ah haybtiisa(identity).Qiimaynta maaddada suugaanta dugsiyada sare eeJamhuuriyadda Federaalka Soomaalia (JFS)sida ay tahayiyosida laga rabay? Ma tahay mid ka turjumeysa dib-u-dhiska dalka & dadka, nabadda, horumaraka bulshada, foolxumada xagjirka, nacaybka iyo hurgumada qabyaaladda, hoggaaminta, cadaalladda, fahanka doorashooshinka, xeerarka iyo heshiisyada dalka u qoran iyo ilaalinta danaha qaranka Soomaaliyeed. Ujeeddada(Objectives)bidhaamintani waa in la iftiimiyo kaalinta suugaantu ku leedahay dhowridda jiritaanka bulshada iyo ilaalinta danaha qaranka. Waxa kale oo iyana mudan in lagu soo bandhigo in ay suugaantu tahay mareegta iyo giraanta lagu kaydin karo afka, caadooyinka, dhaqanka, ciyaaraha, farshaxanka, hiddaha, fanka, taariikhda iyo hoggaaminta wanaagsan. Natiijada(results)qormadan ayaa tilmaamaysa in suugaantu tahay halbowlaha isku haya xidhiidhka ka dheexaya bulshada Soomaaliyeed iyo in suugaantu tarmiso afka hooyo, jihayso aragtida dadweynaha, keydiso dhaxal-dhaqameedka hoggaamineed. Sidoo kale, suugaanta lagu dhigto dugsiyada sare ayaa ah mid u janjeerta; dhaqanka miyig",0
1956,Musharaxa senate-ka ee Maraykanka Jack Kingston waxa uu dool...,Musharaxa senate-ka ee Maraykanka Jack Kingston waxa uu doollarkayaga cashuurta ku kharash gareeyey kumanyaal calaamado wasakh ah.,0
1957,Barnaamij aan ku eegno wararkii ugu dambeeyay ee caalamka iy...,Barnaamij aan ku eegno wararkii ugu dambeeyay ee caalamka iyo Soomaalida. Barnaamij aan ku eegno wararkii ugu dambeeyay ee caalamka iyo Soomaalida. Barnaamijka aroornimo ee soo bandhiga wararka gogoldhaca u ah maalinta iyo cayaaraha. Barnaamij aan ku eegno wararkii ugu dambeeyay ee caalamka iyo Soomaalida. Barnaamijka aroornimo ee soo bandhiga wararka gogoldhaca u ah maalinta iyo cayaaraha.,0
1958,Wuxuu sheegay in ay jiraan doollar federaali ah oo ka badan ...,Wuxuu sheegay in ay jiraan doollar federaali ah oo ka badan qorshaha miisaaniyadda Gov. John Kasichs marka loo eego miisaaniyaddii hore ee gobolka.,0
1959,"Barack Obama ""wuxuu rabaa in dowladdu ay la wareegto daryeel...","Barack Obama ""wuxuu rabaa in dowladdu ay la wareegto daryeelka caafimaadka, ku bixiso boqolaal bilyan oo doolar oo lacag cusub ah caymiska caafimaadka qof walba.""",0
1960,"In ka badan 100,000 oo haween ah oo ku nool Texas ayaa isku ...","In ka badan 100,000 oo haween ah oo ku nool Texas ayaa isku dayay inay iskood iska soo xaaqaan sannadkii la soo dhaafay oo keliya.",0
1961,Saraakiisha Medicare waxay ula dhaqmeen Humana iyo AARP si a...,Saraakiisha Medicare waxay ula dhaqmeen Humana iyo AARP si aan joogto ahayn sida ay ula xiriiri karaan waayeelka.,0
1962,Qiyaastii 800 oo qof ayaa diiday in la sameeyo baaris daroog...,Qiyaastii 800 oo qof ayaa diiday in la sameeyo baaris daroogo sababtoo ah waxay u joogaan mukhaadaraad.,0
1963,(Madaxweyne Barack Obama) wuxuu sheegay in shaqo la'aantu ay...,(Madaxweyne Barack Obama) wuxuu sheegay in shaqo la'aantu aysan weligeed dhaafi doonin 8 boqolkiiba haddii aan gudbino qorshaha kicinta.,0
1964,Musharaxa senate-ka ee Maraykanka Jack Kingston waxa uu dool...,Musharaxa senate-ka ee Maraykanka Jack Kingston waxa uu doollarkayaga cashuurta ku kharash gareeyey kumanyaal calaamado wasakh ah.,0
1965,Liverpool ayaa dhamaystirtay saxiixa weeraryahanka Newcastle...,"Liverpool ayaa dhamaystirtay saxiixa weeraryahanka Newcastle United, Alexander Isak, kadib markii labada kooxood ay ku heshiiyeen lacag rikoor ah oo dhan £125 milyan. Heshiiskan ayaa noqonaya kii ugu qaalisanaa abid ee Premier League, wuxuuna jebinayaa rikoodhkii hore ee £115 milyan oo Chelsea ay sanadkii hore ugu saxiixatay Moisés Caicedo. Wararka ka imaanaya Ingiriiska ayaa sheegaya in Isak uu u safri doono Liverpool si uu u maro baaritaanka caafimaadka, ka hor inta uusan qalinka ku duugin heshiis lix sano ah oo uu ku matali doono kooxda tababare Arne Slot. Liverpool ayaa hore ugu fashilantay dalabyo hore oo ka hooseeyay £110 milyan, balse Newcastle ugu dambeyn waa ay aqbashay lacagta rikoor jabinta ah. Isak oo 24 jir ah ayaa xilli ciyaareedkii hore dhaliyay goolal muhiim ah Newcastle, taas oo ka dhigtay mid ka mid ah weeraryahanada ugu qiimaha badan horyaalka Ingiriiska. Iibintiisa ayaa Newcastle ka caawin doonta inay buuxiso shuruudaha dhaqaale ee horyaalka, halka Liverpool ay ku darsanayso weeraryahan awood badan oo mustaqbal dheer leh. Heshiiskan ayaa la filayaa inuu si rasmi ah u dhammaado inta lagu jiro maalinta ugu dambeysa suuqa kala iibsiga, isagoo xoojinaya weerarka Liverpool isla markaana calaamad u noqonaya saxiixii ugu qaalisanaa taariikhda kubadda cagta Ingiriiska. Wararka24: 8-02-2026 Ururka caalamiga ah ee saxaafadda International Press Institute (IPI) ayaa si adag u cambaareeyay dilka weriye Soomaaliyeed... Warar ka imanaya waqooyiga Itoobiya ayaa sheegaya in kumannaan askari oo ka tirsan ciidamada federaalka dalkaasi ay ku... Wararka24: 8-02-2026 Waaxda Caddaaladda ee Mareykanka ayaa shaacisay in nin u dhashay Pakistan lagu helay dambi la xiriira... Wararka24: 19-02-2026 Wasiirka Arrimaha Dibadda ee Masar Badr Abdel Aty iyo dhiggiisa Mareykanka Marco Rubio ayaa yeeshay wada-hadal... Wararka24: 7-02-2026 Roobab mahiigaan ah oo tan iyo shalay ka da’ayay magaalada Nairobi ee caasimadda dalka Kenya ayaa... Wararka24: 7-02-2026 Xisbiga Himilo Qaran ee",0
1966,Qiyaastii 800 oo qof ayaa diiday in la sameeyo baaris daroog...,Qiyaastii 800 oo qof ayaa diiday in la sameeyo baaris daroogo sababtoo ah waxay u joogaan mukhaadaraad.,0
1967,Musharaxa senate-ka ee Maraykanka Jack Kingston waxa uu dool...,Musharaxa senate-ka ee Maraykanka Jack Kingston waxa uu doollarkayaga cashuurta ku kharash gareeyey kumanyaal calaamado wasakh ah.,0
1968,Marka kaliya ee shaqaalaynta dawladdu hoos u dhacday inta la...,Marka kaliya ee shaqaalaynta dawladdu hoos u dhacday inta lagu jiro dhaqaale-xumada ayaa aniga hoos ii dhacday.,0
1969,Waxa uu yidhi xildhibaanka Miami Carlos Curbelo waxa uu taag...,Waxa uu yidhi xildhibaanka Miami Carlos Curbelo waxa uu taageersan yahay qodista xeebaha waxana uu si isdaba joog ah uga codeeyay awoodda madaxweyne Obama ee la dagaalanka wasakhowga iyo la dagaalanka isbedelka cimilada.,0
1970,Nidaamka xogta ee la socda Core Common waxaa loogu talagalay...,"Nidaamka xogta ee la socda Core Common waxaa loogu talagalay in lagu ururiyo ilaa 400 dhibcood ilmo kasta, taas oo ay ku jiri karto xogta shakhsi ahaan lagu aqoonsan karo.",0
1971,Waxaan leenahay magaalooyin ku yaal Galbeedka Texas oo ay ka...,"Waxaan leenahay magaalooyin ku yaal Galbeedka Texas oo ay ka maqan yihiin biyaha, kuwaas oo ay tahay in ay biyo ku dhaamiyaan.",0
1972,Qofka iga soo horjeeda wuxuu ballan qaadayaa inuu soo celin ...,Qofka iga soo horjeeda wuxuu ballan qaadayaa inuu soo celin doono shaqooyin hore isagoo u rajeeyay dhaqaalaha adduunka.,0
1973,Walaalaha Koch keligood waxay siiyeen laba laab lacag ka bad...,Walaalaha Koch keligood waxay siiyeen laba laab lacag ka badan Scott Walker wadarta guud ee lacagta uu soo ururiyay Tom Barrett.,0
1974,Nidaamka xogta ee la socda Core Common waxaa loogu talagalay...,"Nidaamka xogta ee la socda Core Common waxaa loogu talagalay in lagu ururiyo ilaa 400 dhibcood ilmo kasta, taas oo ay ku jiri karto xogta shakhsi ahaan lagu aqoonsan karo.",0
1975,Mas’uuliyiinta dalka Imaaraadka Carabta ayaa sheegay in ugu ...,"Mas’uuliyiinta dalka Imaaraadka Carabta ayaa sheegay in ugu yaraan 16 gantaal oo ballistic ah iyo 121 diyaaradood oo aan duuliye lahayn (drones) maanta lagu soo weeraray dalka. Sida ay sheegeen saraakiisha, dhammaan gantaallada marka laga reebo mid badda ku dhacay ayaa la qabtay lana burburiyay. Sidoo kale ugu yaraan 119 drones ayaa la qabtay, halka labo drone ay ku dhaceen gudaha dhulka Imaaraadka Carabta. Tan iyo markii uu dagaalku bilaabmay, mas’uuliyiintu waxay sheegeen in la ogaaday: 221 gantaal oo ballistic ah, kuwaas oo 205 la burburiyay, 14-na ay badda ku dhaceen, halka labo ay ku dhaceen gudaha dalka Imaaraadka. 1,305 drones oo laga soo diray Iran, kuwaas oo 1,229 la qabtay, halka 76 ay ku dhaceen gudaha dalka. Sidoo kale siddeed gantaal oo cruise ah ayaa la ogaaday laguna guuleystay in la burburiyo. Weeraradan ayaa sababay dhimashada saddex qof oo kala ah muwaadiniin u dhashay Pakistan, Nepal iyo Bangladesh. Waxaa sidoo kale ku dhaawacmay dhaawacyo fudud 112 qof oo ka kala yimid dalal ay ka mid yihiin Imaaraadka, Masar, Itoobiya, Filibiin, Pakistan, Iran, Hindiya, Bangladesh, Sri Lanka, Azerbaijan, Yemen, Uganda, Eritrea, Lubnaan, Afghanistan, Bahrain, Comoros iyo Turkiga.",0
1976,Mareegta aad ka heshay boggan waxaa ilaalinaya Cloudflare. C...,"Mareegta aad ka heshay boggan waxaa ilaalinaya Cloudflare. Ciwaannada iimaylka ee boggaas waa la qariyay si looga ilaaliyo inay galaan bots xaasidnimo ah. Waa inaad awood u gelisaa Javascript gudaha browserkaaga si aad u dejiso e-mailka. Haddii aad leedahay degel oo aad xiisaynayso inaad u ilaaliso si la mid ah, waxaad isku qori kartaa Cloudflare. Cloudflare Ray ID:9d97e61b2da5750b• Your IP: Guji si aad u muujiso102.141.196.147•Performance & ammaanka byCloudflare",0
1977,Guddoomiyihii hore ee Alaska Sarah Palin waxay ku saxsanayd ...,"Guddoomiyihii hore ee Alaska Sarah Palin waxay ku saxsanayd in sharciga daryeelka caafimaadka ee Madaxweyne Barack Obama uu abuuray waxa, dhab ahaan, noqon lahaa guddiyada dhimashada.",0
1978,Waxa uu yidhi xildhibaanka Miami Carlos Curbelo waxa uu taag...,Waxa uu yidhi xildhibaanka Miami Carlos Curbelo waxa uu taageersan yahay qodista xeebaha waxana uu si isdaba joog ah uga codeeyay awoodda madaxweyne Obama ee la dagaalanka wasakhowga iyo la dagaalanka isbedelka cimilada.,0
1979,Haddii aad iibiso gurigaaga wixii ka dambeeya 2012 waxaad ka...,Haddii aad iibiso gurigaaga wixii ka dambeeya 2012 waxaad ka bixin doontaa boqolkiiba 3.8 canshuurta iibka.,0
1980,Ayaa sheegtay in dawladda federaalku ay amar ku bixinayso da...,Ayaa sheegtay in dawladda federaalku ay amar ku bixinayso dadka aan isu galmoodin (sic) iyo khaniisiinta inay carruurta ku qabsanayaan aagagga khatarta ah ee shisheeyaha iyagoo adeegsanaya magaca ammaanka garoonka diyaaradaha.,0
1981,"Barack Obama ""wuxuu rabaa in dowladdu ay la wareegto daryeel...","Barack Obama ""wuxuu rabaa in dowladdu ay la wareegto daryeelka caafimaadka, ku bixiso boqolaal bilyan oo doolar oo lacag cusub ah caymiska caafimaadka qof walba.""",0
1982,Walaalaha Koch keligood waxay siiyeen laba laab lacag ka bad...,Walaalaha Koch keligood waxay siiyeen laba laab lacag ka badan Scott Walker wadarta guud ee lacagta uu soo ururiyay Tom Barrett.,0
1983,Waxay tiri Cathy Jordan ayaa la xiray oo ay ka soo saareen g...,Waxay tiri Cathy Jordan ayaa la xiray oo ay ka soo saareen gurigeeda koox SWAT ah oo hooligan ah si ay u isticmaasho marijuana caafimaad.,0
1984,Waxa uu yidhi tababaraha kubada cagta ee xirfada leh Rex Rya...,"Waxa uu yidhi tababaraha kubada cagta ee xirfada leh Rex Ryan ayaa ku guulaystay horyaalada New York. AFC, waxaan filayaa, laba jeer.",0
1985,Waxa uu leeyahay Adeegga Boostada Maraykanku ma qaadin wax g...,"Waxa uu leeyahay Adeegga Boostada Maraykanku ma qaadin wax gargaar cashuur bixiye ah ilaa 1971, waxa ay maalgelisaa hawlaha gabi ahaan iibinta stamps iyo alaabta la xidhiidha oo waxa ay samaysaa faa'iido hawl gal sanadba sanadka ka dambeeya.",0
1986,"Ohio, waxaanu maal galinay caruurteena, anagoo ku kordhinay ...","Ohio, waxaanu maal galinay caruurteena, anagoo ku kordhinay maalgelinta dugsiga 5.5 boqolkiiba miisaaniyadii u dambaysay.",0
1987,Barnaamijka aroornimo ee soo bandhiga wararka gogoldhaca u a...,Barnaamijka aroornimo ee soo bandhiga wararka gogoldhaca u ah maalinta iyo cayaaraha. Barnaamij aan ku eegno wararkii ugu dambeeyay ee caalamka iyo Soomaalida. Barnaamijka aroornimo ee soo bandhiga wararka gogoldhaca u ah maalinta iyo cayaaraha. Barnaamij aan ku eegno wararkii ugu dambeeyay ee caalamka iyo Soomaalida. Barnaamijka aroornimo ee soo bandhiga wararka gogoldhaca u ah maalinta iyo cayaaraha.,0
1988,Xaaladda abaarta ee Soomaaliya ayaa maraysa heer aad u daran...,"Xaaladda abaarta ee Soomaaliya ayaa maraysa heer aad u daran iyadoo wararka soo baxaya ay sheegayaan in ay kordhayso tirada dadka u dhintay mushaakilka ay abaartu keentay. Wararkii ugu dambeeyey ayaa sheegaya in kiisas dhimasho ah laga soo sheegay deegaannada Jubbaland. Ila hadda waxaa la xaqiijiyey in dad gaaraya 10 ay ku dhinteen deegaannada Jubbaland sida ay BBC u xaqiijiyeen maamulka Jubbaland, ayadoo shalayna kiis geeri ah laga soo sheegay gobolka Mudug. Wasiirka arrimaha Bini'aadantimada iyo maaraynta Musiibooyinka ee Jubaland Cabdiraxmaan Maxamed Dhiriq ayaa khadka taleefanka ugu warramay Cabdishukri Haybe isaga oo sheegay in ay deegaannadaas qarka u saaran yihiin in looga dhawaaqo macaluul.",0
1989,"In kasta oo ay ka soo horjeedaan Naadiga kobaca qaranka, Naa...","In kasta oo ay ka soo horjeedaan Naadiga kobaca qaranka, Naadiga Kobaca Wisconsin ayaa u ansixiyay Senetka Mareykanka.",0
1990,Haddii madaxweyne Obama uu saxiixo heshiiska isbeddelka cimi...,"Haddii madaxweyne Obama uu saxiixo heshiiska isbeddelka cimilada ee Copenhagen, wuxuu ""sixiixi doonaa xorriyaddaada, dimoqraadiyaddaada, iyo barwaaqadaada weligiin, adiga iyo dawlad kasta oo ku xigta oo aad dooran karto ma lahaan doonto wax awood ah si ay dib ugu soo celiso.""",0
1991,Wendy Davis waxa ay Chicago ka samaynaysay dhaqaale ururin i...,Wendy Davis waxa ay Chicago ka samaynaysay dhaqaale ururin iyada oo la kaashanaysa ururka hantiwadaaga caalamiga ah.,0
1992,Is-dilku wuxuu ka yimaadaa dawladda dhexe ee waaweyn oo leh ...,Is-dilku wuxuu ka yimaadaa dawladda dhexe ee waaweyn oo leh waxba uma qalantid laakiin waxaad ku heli doontaa wax aan waxba ahayn.,0
1993,Shirkadda ay dawladdu kiraysanayso ee qiimeeya imtixaannada ...,Shirkadda ay dawladdu kiraysanayso ee qiimeeya imtixaannada ardayda ee gobolku waajibiyay waxay ku baxaysaa Craigslist si ay u hesho imtaxaanayaal si ay u akhriyaan qoraallada ardaydeenna.,0
1994,Ra'yi ururintu waxay muujinayaan in Floridians aysan rabin i...,Ra'yi ururintu waxay muujinayaan in Floridians aysan rabin inay tirtiraan Sharciga Daryeelka La awoodi karo.,0
1995,"Mashruuca Buffalos SolarCity, Andrew Cuomo wuxuu abuuri doon...","Mashruuca Buffalos SolarCity, Andrew Cuomo wuxuu abuuri doonaa laga yaabee 500 shaqo haddii ay weligeed dhacdo, qiyaastii $1.5 milyan shaqa kasta.",0
1996,Wuxuu yidhi Mitt Romney wuxuu taageeray sharci mamnuucaya dh...,"Wuxuu yidhi Mitt Romney wuxuu taageeray sharci mamnuucaya dhammaan ilmo iska soo rididda, xitaa kiisaska kufsiga iyo jinsiga.",0
1997,"Hadda, Golaha Wakiillada, waxaanu haynaa 40 xeer oo kala duw...","Hadda, Golaha Wakiillada, waxaanu haynaa 40 xeer oo kala duwan oo shaqo ah oo la ansixiyay oo ku dhawaad ​​dhamaantood ahaayeen laba xisbi.",0
1998,"Barack Obama ""wuxuu rabaa in dowladdu ay la wareegto daryeel...","Barack Obama ""wuxuu rabaa in dowladdu ay la wareegto daryeelka caafimaadka, ku bixiso boqolaal bilyan oo doolar oo lacag cusub ah caymiska caafimaadka qof walba.""",0
1999,Wuxuu yidhi Mitt Romney wuxuu taageeray sharci mamnuucaya dh...,"Wuxuu yidhi Mitt Romney wuxuu taageeray sharci mamnuucaya dhammaan ilmo iska soo rididda, xitaa kiisaska kufsiga iyo jinsiga.",0
2000,Ayaa sheegtay in dawladda federaalku ay amar ku bixinayso da...,Ayaa sheegtay in dawladda federaalku ay amar ku bixinayso dadka aan isu galmoodin (sic) iyo khaniisiinta inay carruurta ku qabsanayaan aagagga khatarta ah ee shisheeyaha iyagoo adeegsanaya magaca ammaanka garoonka diyaaradaha.,0
2001,"In ka badan 100,000 oo haween ah oo ku nool Texas ayaa isku ...","In ka badan 100,000 oo haween ah oo ku nool Texas ayaa isku dayay inay iskood iska soo xaaqaan sannadkii la soo dhaafay oo keliya.",0
2002,Xirmada dhiirigelinta waxaa ku jira sharci lid ku ah Masiixi...,"Xirmada dhiirigelinta waxaa ku jira sharci lid ku ah Masiixiyiinta kaas oo joojin doona kaniisadaha inay u isticmaalaan dugsiyada dadweynaha kulannada axada, iyo sidoo kale Boy Scouts iyo kooxaha ardada barta Kitaabka Quduuska ah.",0
2003,Tijaabo news message,Tijaabo news message,0
2004,Codbixinta ayaa muujineysa in Floridians aysan dooneynin inay baabi'iyaan lacagta la awoodi karo…,Ra'yi ururintu waxay muujinayaan in Floridians aysan rabin inay tirtiraan Sharciga Daryeelka La awoodi karo.,0
2005,"Mashruuca Buffalos SolarCity, Andrew Cuomo wuxuu abuuri doonaa laga yaabee ...","Mashruuca Buffalos SolarCity, Andrew Cuomo wuxuu abuuri doonaa laga yaabee 500 shaqo haddii ay weligeed dhacdo, qiyaastii $1.5 milyan shaqa kasta.",0
2006,Waxa uu yidhi Donald Trump waxa uu taageersan yahay ajande halkaas ka jira oo ah in si gaar loo leeyahay...,Waxa uu yidhi Donald Trump waxa uu taageerayaa ajande halkaa ka jira si gaar looga dhigo nidaamka daryeelka caafimaadka ee Arrimaha Veterans.,0
2007,"Qaar ka mid ah kulliyadaha, oo ay ku jiraan AM, ayaa horey u dammaanad qaaday ...","Qaar ka mid ah kulliyadaha, oo ay ku jirto AM, ayaa horey u dammaanad qaaday inaysan kordhin doonin waxbarashadooda.",0
2008,Pentagon-ka ayaa ka dhigtay geesinimada tan iyo markii la shaaciyay ee POW Jessi ...,Pentagon-ka ayaa ka dhigtay geesinimada tan iyo markii la shaaciyay ee POW Jessica Lynch iyada oo isku dayday in ay ka fogaato qabashada Ciraaq.,0
2009,"Qaar ka mid ah kulliyadaha, oo ay ku jiraan AM, ayaa horey u dammaanad qaaday ...","Qaar ka mid ah kulliyadaha, oo ay ku jirto AM, ayaa horey u dammaanad qaaday inaysan kordhin doonin waxbarashadooda.",0
2010,Wuxuu sheegay in uu ku guuleystay codka shacabka haddii aad ka jarto malaayiinta p...,Waxa uu sheegay in uu ku guulaystay codka shacabka haddii aad ka jarto malaayiinta qof ee sida sharci darrada ah u codeeyay.,0
2011,Saddex meelood labo ka mid ah dadka ku nool Wisconsin ayaa si adag uga soo horjeeda...,Saddex meelood laba meel dadka Wisconsin ayaa si adag uga soo horjeeda fikradan ah in si joogto ah looga qaado xuquuqda dadka ee gorgortanka wadajirka ah.,0
2012,Waxaan u dhimi karnaa shaqo la'aanta kala bar si fudud annaga oo dib u soo ceshanno j...,Waxaan shaqo la'aanta u dhimi karnaa kala bar si fudud innagoo dib u soo ceshanayna shaqooyinkii ay qabteen shaqaalaha sharci darrada ah.,0
2013,Waxay tiri Cathy Jordan waa la xiray oo laga soo saaray gurigeeda b...,Waxay tiri Cathy Jordan ayaa la xiray oo ay ka soo saareen gurigeeda koox SWAT ah oo hooligan ah si ay u isticmaasho marijuana caafimaad.,0
2014,Waxay leedahay warbaahintu waxay abuurtay ereyga polar vortex iyo qabow ai...,Waxay leedahay warbaahintu waxay abuurtay ereyga polar vortex hawada qabowna waxay caddaynaysaa in barafku aanu dhalaalinayn.,0
2015,"Ohio, waxaan ku maal galinay caruurteena, anagoo kordhinayna maalgelinta iskuulka...","Ohio, waxaanu maal galinay caruurteena, anagoo ku kordhinay maalgelinta dugsiga 5.5 boqolkiiba miisaaniyadii u dambaysay.",0
2016,Haddii aad iibiso gurigaaga wixii ka dambeeya 2012 waxaad bixin doontaa boqolkiiba 3.8...,Haddii aad iibiso gurigaaga wixii ka dambeeya 2012 waxaad ka bixin doontaa boqolkiiba 3.8 canshuurta iibka.,0
2017,Waxaa jira kharashyo maamul oo sarreeya marka aad ku deeqdo Haiti...,Waxaa jira kharashyo maamul oo sarreeya marka aad ku deeqdo gargaarka Haiti iyada oo loo marayo Mareegta Aqalka Cad.,0
2018,Frank Guinta ayaa u codeeyay in cashuur bixiyayaasha dabaqadda dhexe ay bixiyaan lacag ka badan...,"Frank Guinta ayaa u codeeyay in cashuur bixiyayaasha dabaqadda dhexe ay bixiyaan in ka badan $1,000 oo dheeraad ah sannadkii.",0
2019,Way adag tahay in dadka Portland ku nool ay Haa ugu codeeyaan mea...,"Way adag tahay in dadka Portland ku nool ay Haa ugu codeeyaan cabbirada codbixinta, gaar ahaan marka ay jiraan mucaarad.",0
2020,Waxa uu sheegay in Romney uu maalgashaday shirkad alaab ka samaysa Shiinaha oo...,Waxa uu yidhi Romney waxa uu maalgashaday shirkad alaabo ka samaynaysa Shiinaha oo laga samayn lahaa halkan America.,0
2021,"Wuxuu yidhi Mitt Romney wuxuu taageeray sharcia dhammaan ilmo iska soo rididda, e...","Wuxuu yidhi Mitt Romney wuxuu taageeray sharci mamnuucaya dhammaan ilmo iska soo rididda, xitaa kiisaska kufsiga iyo jinsiga.",0
2022,Xirmada dhiirigelinta waxaa ku jira sharci ka soo horjeeda Masiixi...,"Xirmada dhiirigelinta waxaa ku jira sharci lid ku ah Masiixiyiinta kaas oo joojin doona kaniisadaha inay u isticmaalaan dugsiyada dadweynaha kulannada axada, iyo sidoo kale Boy Scouts iyo kooxaha ardada barta Kitaabka Quduuska ah.",0
2023,"Keystone XL wuxuu u oggolaanayaa Kanada inay soo saarto saliiddooda, u dirto iyada oo loo marayo ...","Keystone XL wuxuu u oggolaanayaa Kanada inay soo saarto shidaalkooda, u dirto dhulkeena, ilaa Khaliijka, halkaas oo laga iibin doono meel kasta oo kale.",0
2024,Wendy Davis waxay kaliya ku samaynaysay lacag ururin Chicago,Wendy Davis waxa ay Chicago ka samaynaysay dhaqaale ururin iyada oo la kaashanaysa ururka hantiwadaaga caalamiga ah.,0
2025,Bal eeg waxa uu agaasimaha FBI-da ka yidhi iyada (Hillary C...,Bal u fiirso waxa uu agaasimaha FBI-da ka yidhi (Hillary Clinton) dhaqan-xumada ay samaysay waa ceeb iyo ceeb dalkeena.,0
2026,Waxa uu yidhi Donald Trump waxa uu taageersan yahay ajande halkaas ka jira oo ah in si gaar loo leeyahay...,Waxa uu yidhi Donald Trump waxa uu taageerayaa ajande halkaa ka jira si gaar looga dhigo nidaamka daryeelka caafimaadka ee Arrimaha Veterans.,0
2027,Qofka iga soo waxa uu ballan qaadayaa in uu soo celin doono shaqada hore isaga oo raba in uu iska tago...,Qofka iga soo horjeeda wuxuu ballan qaadayaa inuu soo celin doono shaqooyin hore isagoo u rajeeyay dhaqaalaha adduunka.,0
2028,Adigoo isticmaalaya daldaloolo yar oo la yaqaan ... Minions Obama waa la oggol yahay ...,Adigoo isticmaalaya daldaloolo yar oo la yaqaan ... Minions Obama waxay u oggolaanayaan Shirkadda Nestle inay ka dhoofiso biyaha macaan ee qaaliga ah harada Michigan.,0
2029,"Hadda, Golaha Wakiilada, waxaan leenahay 40 kala duwan oo j...","Hadda, Golaha Wakiillada, waxaanu haynaa 40 xeer oo kala duwan oo shaqo ah oo la ansixiyay oo ku dhawaad ​​dhamaantood ahaayeen laba xisbi.",0
2030,"Inkasta oo ay ka soo horjeesteen naadiga qaranka ee kobaca, naadiga G...","In kasta oo ay ka soo horjeedaan Naadiga kobaca qaranka, Naadiga Kobaca Wisconsin ayaa u ansixiyay Senetka Mareykanka.",0
2031,Waxa uu sheegay in Madaxweyne Barack Obama uu ballan qaaday inuu la shaqeyn doono...,"Waxa uu sheegay in iyada oo Madaxweyne Barack Obama uu ballan qaaday in uu la shaqayn doono loo-shaqeeyahaaga si uu hoos ugu dhigo khidmadahaaga $2,500 qoyskiiba sannadkii, sharcigiisa daryeelka caafimaadku waxa uu kor u qaadayaa khidmadaha suuqa gaarka ah $2,100 qoyskiiba.",0
2032,Waxaa jira kharashyo maamul oo sarreeya marka aad ku deeqdo Haiti...,Waxaa jira kharashyo maamul oo sarreeya marka aad ku deeqdo gargaarka Haiti iyada oo loo marayo Mareegta Aqalka Cad.,0
2033,"Wuxuu yidhi Mitt Romney wuxuu taageeray sharcia dhammaan ilmo iska soo rididda, e...","Wuxuu yidhi Mitt Romney wuxuu taageeray sharci mamnuucaya dhammaan ilmo iska soo rididda, xitaa kiisaska kufsiga iyo jinsiga.",0
2034,Ayaa sheegtay in dowladda federaalku ay amar ku bixisay in dadka aan galmoodka ahayn (sic) iyo h...,Ayaa sheegtay in dawladda federaalku ay amar ku bixinayso dadka aan isu galmoodin (sic) iyo khaniisiinta inay carruurta ku qabsanayaan aagagga khatarta ah ee shisheeyaha iyagoo adeegsanaya magaca ammaanka garoonka diyaaradaha.,0
2035,"Keystone XL wuxuu u oggolaanayaa Kanada inay soo saarto saliiddooda, u dirto iyada oo loo marayo ...","Keystone XL wuxuu u oggolaanayaa Kanada inay soo saarto shidaalkooda, u dirto dhulkeena, ilaa Khaliijka, halkaas oo laga iibin doono meel kasta oo kale.",0
2036,Musharaxa senate-ka Mareykanka Jack Kingston waxa uu ku qarash gareeyay doollarkayaga canshuurta...,Musharaxa senate-ka ee Maraykanka Jack Kingston waxa uu doollarkayaga cashuurta ku kharash gareeyey kumanyaal calaamado wasakh ah.,0
2037,"Wuxuu yidhi Mitt Romney wuxuu taageeray sharcia dhammaan ilmo iska soo rididda, e...","Wuxuu yidhi Mitt Romney wuxuu taageeray sharci mamnuucaya dhammaan ilmo iska soo rididda, xitaa kiisaska kufsiga iyo jinsiga.",0
2038,Waxa uu yidhi Madaxweyne Obama waxa uu afduubay biilka beeraha (oo) waxa uu u rogay i...,Waxa uu yidhi Madaxweyne Obama waxa uu afduubay biilka beeraha (oo) waxa uu ka dhigay biilka cuntada.,0
2039,Ayaa sheegay in Adeegga Boostada Maraykanku aanay qaadan wax gargaar cashuur bixiye ah tan iyo markii...,"Waxa uu leeyahay Adeegga Boostada Maraykanku ma qaadin wax gargaar cashuur bixiye ah ilaa 1971, waxa ay maalgelisaa hawlaha gabi ahaan iibinta stamps iyo alaabta la xidhiidha oo waxa ay samaysaa faa'iido hawl gal sanadba sanadka ka dambeeya.",0
2040,"Keystone XL wuxuu u oggolaanayaa Kanada inay soo saarto saliiddooda, u dirto iyada oo loo marayo ...","Keystone XL wuxuu u oggolaanayaa Kanada inay soo saarto shidaalkooda, u dirto dhulkeena, ilaa Khaliijka, halkaas oo laga iibin doono meel kasta oo kale.",0
2041,Haddii aad iibiso gurigaaga wixii ka dambeeya 2012 waxaad bixin doontaa boqolkiiba 3.8...,Haddii aad iibiso gurigaaga wixii ka dambeeya 2012 waxaad ka bixin doontaa boqolkiiba 3.8 canshuurta iibka.,0
2042,"Qaar ka mid ah kulliyadaha, oo ay ku jiraan AM, ayaa horey u dammaanad qaaday ...","Qaar ka mid ah kulliyadaha, oo ay ku jirto AM, ayaa horey u dammaanad qaaday inaysan kordhin doonin waxbarashadooda.",0
2043,"Si qarsoodi ah, iyadoo aan la ogeyn xubnaha Congress-ka, in ka badan $105 biil...","Si qarsoodi ah, iyadoo aan la ogeyn xubnaha Congress-ka, in ka badan 105 bilyan ayaa lagu qariyay sharciga Obamacare.",0
2044,"Waxa uu sheegay in uu ahaa saldhigga gobolka Utah, uu markii la shaqeeyay s ...","Wuxuu sheegay in markii uu ahaa guddoomiyaha Utah, uu la shaqeeyay Sharci-dejinta gobolka si loo abuuro canshuur siman oo dhimaysa canshuurta dakhliga boqolkiiba 30.",0
2045,"In ka badan 100,000 oo haween ah oo ku nool Texas ayaa isku dayay in ay iskood isu soo dhisaan.","In ka badan 100,000 oo haween ah oo ku nool Texas ayaa isku dayay inay iskood iska soo xaaqaan sannadkii la soo dhaafay oo keliya.",0
2046,Adigoo isticmaalaya daldaloolo yar oo la yaqaan ... Minions Obama waa la oggol yahay ...,Adigoo isticmaalaya daldaloolo yar oo la yaqaan ... Minions Obama waxay u oggolaanayaan Shirkadda Nestle inay ka dhoofiso biyaha macaan ee qaaliga ah harada Michigan.,0
2047,Wuxuu yiri Ron Johnson run ahaantii waxba ma uusan qaban si uu ula dagaallamo geesiga ...,Wuxuu yidhi Ron Johnson run ahaantii waxba ma uu samayn si uu ula dagaallamo balwadda heroin-ka iyo xad-gudubka opioid.,0
2048,Waxaa jira kharashyo maamul oo sarreeya marka aad ku deeqdo Haiti...,Waxaa jira kharashyo maamul oo sarreeya marka aad ku deeqdo gargaarka Haiti iyada oo loo marayo Mareegta Aqalka Cad.,0
2049,Waxa uu yidhi Madaxweyne Obama waxa uu afduubay biilka beeraha (oo) waxa uu u rogay i...,Waxa uu yidhi Madaxweyne Obama waxa uu afduubay biilka beeraha (oo) waxa uu ka dhigay biilka cuntada.,0
2050,Way adag tahay in dadka Portland ku nool ay Haa ugu codeeyaan mea...,"Way adag tahay in dadka Portland ku nool ay Haa ugu codeeyaan cabbirada codbixinta, gaar ahaan marka ay jiraan mucaarad.",0
2051,"Waxaan leenahay magaalooyin ku yaal Galbeedka Texas oo aan biyuhu lahayn, kuwaas oo ah ...","Waxaan leenahay magaalooyin ku yaal Galbeedka Texas oo ay ka maqan yihiin biyaha, kuwaas oo ay tahay in ay biyo ku dhaamiyaan.",0
2052,Maxay ahaayeen hoos u dhacii sanadlaha ahaa ee Jamhuuriga hadda...,Maxay ahaayeen khasaare sanadeedkii hore ee Jamhuuriyiinta ayaa hadda noqday hoos u dhacyada billaha ah ee hoos yimaada Dimuqraadiyiinta.,0
2053,Is-dilku wuxuu ka imaanayaa calaamad ah ee waaweyn oo leh ...,Is-dilku wuxuu ka yimaadaa dawladda dhexe ee waaweyn oo leh waxba uma qalantid laakiin waxaad ku heli doontaa wax aan waxba ahayn.,0
2054,Maxay ahaayeen hoos u dhacii sanadlaha ahaa ee Jamhuuriga hadda...,Maxay ahaayeen khasaare sanadeedkii hore ee Jamhuuriyiinta ayaa hadda noqday hoos u dhacyada billaha ah ee hoos yimaada Dimuqraadiyiinta.,0
2055,Wuxuu sheegay in qaraarka Senate-ka uu soo celin doono $140 bishiiba...,Wuxuu sheegay in qaraarka Senate-ka uu soo celin doono $140 lacagihii kaalmada guud ee bishii iyo ka hortagga dadka inay dambi galaan.,0
2056,Saddex meelood labo meel Granite States ayaa kasoo horjeeda xisbiga Shaaha iyo xisbigiisa...,Saddex meelood laba meel Granite States waxay ka soo horjeedaan Xisbiga Shaaha iyo ajandihiisa ku saabsan ururada shaqaalaha.,0
2057,"McCain ""wuxuu u codeeyay inuu dhimo maalgelinta waxbarashada, isagoo ka soo horjeeda la xisaabtanka","McCain ""wuxuu u codeeyay inuu dhimo maalgelinta waxbarashada, isagoo ka soo horjeeda heerarka isla xisaabtanka. Wuxuu xitaa soo jeediyay in la baabi'iyo Waaxda Waxbarashada.""",0
2058,Walaalaha Koch keligood waxay siiyeen lacag laba jibaar ka badan Scott Wa...,Walaalaha Koch keligood waxay siiyeen laba laab lacag ka badan Scott Walker wadarta guud ee lacagta uu soo ururiyay Tom Barrett.,0
2059,Waxa uu yidhi Mike Dovilla waxa uu taageersan yahay qorshe u ogolaan kara ajaanib...,Wuxuu yiri Mike Dovilla wuxuu taageersan yahay qorshe u oggolaanaya shirkad ajnabi ah inay la wareegto Ohio Turnpike,0
2060,Waxaan u dhimi karnaa shaqo la'aanta kala bar si fudud annaga oo dib u soo ceshanno j...,Waxaan shaqo la'aanta u dhimi karnaa kala bar si fudud innagoo dib u soo ceshanayna shaqooyinkii ay qabteen shaqaalaha sharci darrada ah.,0
2061,Guddiga dib u soo celinta dhaqangelinta ee gobolka ee dhawaan la sameeyay...,"Guddiga dib u eegista dhaqangelinta socdaalka ee gobolka ee dhawaan la sameeyay ayaa dhab ahaantii dacwayn kara, oo ku ridi kara [xukun] xabsiga, haddii aanu keenno xeer ilaaliyaha guud.",0
2062,Waajibaadka daryeelka caafimaadku wuxuu u baahan doonaa xadhig iyo ganaax...,Waajibaadka daryeelka caafimaadku waxay u baahan doontaa xadhig iyo ganaax lacageed dadka Maraykanka ah ee aan awoodin inay iibsadaan caymis ama bixiyaan ganaaxyo culus oo dawladeed.,0
2063,Ayaa sheegay in Adeegga Boostada Maraykanku aanay qaadan wax gargaar cashuur bixiye ah tan iyo markii...,"Waxa uu leeyahay Adeegga Boostada Maraykanku ma qaadin wax gargaar cashuur bixiye ah ilaa 1971, waxa ay maalgelisaa hawlaha gabi ahaan iibinta stamps iyo alaabta la xidhiidha oo waxa ay samaysaa faa'iido hawl gal sanadba sanadka ka dambeeya.",0
2064,Shirkadda ay dawladdu kiraysanayso ee qiimaynaysa ardayda ay dawladdu u xilsaartay...,Shirkadda ay dawladdu kiraysanayso ee qiimeeya imtixaannada ardayda ee gobolku waajibiyay waxay ku baxaysaa Craigslist si ay u hesho imtaxaanayaal si ay u akhriyaan qoraallada ardaydeenna.,0
2065,Ayaa sheegay in Adeegga Boostada Maraykanku aanay qaadan wax gargaar cashuur bixiye ah tan iyo markii...,"Waxa uu leeyahay Adeegga Boostada Maraykanku ma qaadin wax gargaar cashuur bixiye ah ilaa 1971, waxa ay maalgelisaa hawlaha gabi ahaan iibinta stamps iyo alaabta la xidhiidha oo waxa ay samaysaa faa'iido hawl gal sanadba sanadka ka dambeeya.",0
2066,Ayaa sheegtay in dowladda federaalku ay amar ku bixisay in dadka aan galmoodka ahayn (sic) iyo h...,Ayaa sheegtay in dawladda federaalku ay amar ku bixinayso dadka aan isu galmoodin (sic) iyo khaniisiinta inay carruurta ku qabsanayaan aagagga khatarta ah ee shisheeyaha iyagoo adeegsanaya magaca ammaanka garoonka diyaaradaha.,0
2067,Ku dhawaad ​​800 oo qof ayaa diiday in laga baaro daroogada sababtoo ah...,Qiyaastii 800 oo qof ayaa diiday in la sameeyo baaris daroogo sababtoo ah waxay u joogaan mukhaadaraad.,0
2068,Wuxuu yiri tababaraha kubbadda cagta Rex Ryan wuxuu ku guuleystay horyaalada ...,"Waxa uu yidhi tababaraha kubada cagta ee xirfada leh Rex Ryan ayaa ku guulaystay horyaalada New York. AFC, waxaan filayaa, laba jeer.",0
2069,Saddex meelood labo meel Granite States ayaa kasoo horjeeda xisbiga Shaaha iyo xisbigiisa...,Saddex meelood laba meel Granite States waxay ka soo horjeedaan Xisbiga Shaaha iyo ajandihiisa ku saabsan ururada shaqaalaha.,0
2070,Miisaaniyadda Madaxweyne Barack Obama ayaa khatar ku ah amniga qaranka b...,Miisaaniyadda Madaxweyne Barack Obamas waxay khatar ku tahay amniga qaranka isagoo soo jeedinaya Ciidan ka kooban shaqaale ka yar kuwii aan haysanay ka hor Pearl Harbor.,0
2071,Frank Guinta ayaa u codeeyay in cashuur bixiyayaasha dabaqadda dhexe ay bixiyaan lacag ka badan...,"Frank Guinta ayaa u codeeyay in cashuur bixiyayaasha dabaqadda dhexe ay bixiyaan in ka badan $1,000 oo dheeraad ah sannadkii.",0
2072,Xildhibaanada Aqalka Sare ayaa meel mariyay mushaar kordhin dhan $10...,"Xubnaha Congress-ka waxay ku ansixiyeen mushaar kordhin dhan $10,000 muddo laba sano ah xitaa iyagoo u codeeyay inaanan kor loo qaadin macaashka Lambarka Bulshada 2010 iyo 2011.",0
2073,Frank Guinta ayaa u codeeyay in cashuur bixiyayaasha dabaqadda dhexe ay bixiyaan lacag ka badan...,"Frank Guinta ayaa u codeeyay in cashuur bixiyayaasha dabaqadda dhexe ay bixiyaan in ka badan $1,000 oo dheeraad ah sannadkii.",0
2074,Adigoo isticmaalaya daldaloolo yar oo la yaqaan ... Minions Obama waa la oggol yahay ...,Adigoo isticmaalaya daldaloolo yar oo la yaqaan ... Minions Obama waxay u oggolaanayaan Shirkadda Nestle inay ka dhoofiso biyaha macaan ee qaaliga ah harada Michigan.,0
2075,"Mashruuca Buffalos SolarCity, Andrew Cuomo wuxuu abuuri doonaa laga yaabee ...","Mashruuca Buffalos SolarCity, Andrew Cuomo wuxuu abuuri doonaa laga yaabee 500 shaqo haddii ay weligeed dhacdo, qiyaastii $1.5 milyan shaqa kasta.",0
2076,Miisaaniyadda Madaxweyne Barack Obama ayaa khatar ku ah amniga qaranka b...,Miisaaniyadda Madaxweyne Barack Obamas waxay khatar ku tahay amniga qaranka isagoo soo jeedinaya Ciidan ka kooban shaqaale ka yar kuwii aan haysanay ka hor Pearl Harbor.,0
2077,Maraykanku kama mid ahayn 16 waddan oo David Pe...,Mareykanka ayaan ka mid ahayn 16 wadan oo David Perdue uu ku sheegay in Pillowtex uu shaqo ka abuuray.,0
2078,Bal eeg waxa uu agaasimaha FBI-da ka yidhi iyada (Hillary C...,Bal u fiirso waxa uu agaasimaha FBI-da ka yidhi (Hillary Clinton) dhaqan-xumada ay samaysay waa ceeb iyo ceeb dalkeena.,0
2079,Haddii aad iibiso gurigaaga wixii ka dambeeya 2012 waxaad bixin doontaa boqolkiiba 3.8...,Haddii aad iibiso gurigaaga wixii ka dambeeya 2012 waxaad ka bixin doontaa boqolkiiba 3.8 canshuurta iibka.,0
2080,Barasaabkii hore ee Alaska Sarah Palin ayaa ku saxnayd in madaxweynaha...,"Guddoomiyihii hore ee Alaska Sarah Palin waxay ku saxsanayd in sharciga daryeelka caafimaadka ee Madaxweyne Barack Obama uu abuuray waxa, dhab ahaan, noqon lahaa guddiyada dhimashada.",0
2081,"Wuxuu yidhi Mitt Romney wuxuu taageeray sharcia dhammaan ilmo iska soo rididda, e...","Wuxuu yidhi Mitt Romney wuxuu taageeray sharci mamnuucaya dhammaan ilmo iska soo rididda, xitaa kiisaska kufsiga iyo jinsiga.",0
2082,Sagaal boqol oo qof ayaa shaqada laga eryay tan iyo markii aan xoghayaha noqday...,Sagaal boqol oo qof ayaa shaqada laga eryay tan iyo markii aan xoghaye ka noqday (Arimaha Veterans). Waxa aanu helnay 60 qof oo aanu shaqada ka ceyrinay kuwaas oo wakhtiyada sugitaan wax-ka-qabtay.,0
2083,Haddii aad iibiso gurigaaga wixii ka dambeeya 2012 waxaad bixin doontaa boqolkiiba 3.8...,Haddii aad iibiso gurigaaga wixii ka dambeeya 2012 waxaad ka bixin doontaa boqolkiiba 3.8 canshuurta iibka.,0
2084,Codbixinta ayaa muujineysa in Floridians aysan dooneynin inay baabi'iyaan lacagta la awoodi karo…,Ra'yi ururintu waxay muujinayaan in Floridians aysan rabin inay tirtiraan Sharciga Daryeelka La awoodi karo.,0
2085,Ku dhawaad ​​800 oo qof ayaa diiday in laga baaro daroogada sababtoo ah...,Qiyaastii 800 oo qof ayaa diiday in la sameeyo baaris daroogo sababtoo ah waxay u joogaan mukhaadaraad.,0
2086,Musharaxa senate-ka ee Maraykanka Jack Kingston waxa uu dool...,Musharaxa senate-ka ee Maraykanka Jack Kingston waxa uu doollarkayaga cashuurta ku kharash gareeyey kumanyaal calaamado wasakh ah.,0
2087,Canshuuraha guryuhu hadda 18% way ka sarreeyaan markii (Mark Sharpe) kow...,Canshuuraha guryuhu hadda 18% way ka sarreeyaan markii (Mark Sharpe) markii ugu horreysay ee uu xafiiska la wareegay.,0
2088,Haddii Madaxweyne Obama saxiixo daawaynta isbedelka cimilada ee Copenhagen...,"Haddii madaxweyne Obama uu saxiixo heshiiska isbeddelka cimilada ee Copenhagen, wuxuu ""sixiixi doonaa xorriyaddaada, dimoqraadiyaddaada, iyo barwaaqadaada weligiin, adiga iyo dawlad kasta oo ku xigta oo aad dooran karto ma lahaan doonto wax awood ah si ay dib ugu soo celiso.""",0
2089,Wuxuu sheegay in ay jiraan doollar federaal ah oo badan oo ku jira Gov. John Kasichs bud...,Wuxuu sheegay in ay jiraan doollar federaali ah oo ka badan qorshaha miisaaniyadda Gov. John Kasichs marka loo eego miisaaniyaddii hore ee gobolka.,0
2090,Musharaxa senate-ka ee Maraykanka Jack Kingston waxa uu dool...,Musharaxa senate-ka ee Maraykanka Jack Kingston waxa uu doollarkayaga cashuurta ku kharash gareeyey kumanyaal calaamado wasakh ah.,0
2091,Muwaadiniin Jarmal ah ayaa dawladoodii hub ka dhigis ku samaysay dhamaadkii...,"Muwaadiniinta Jarmalku waxa hub ka dhigis ku sameeyay dawladoodii dabayaaqadii 1930-meeyadii, taas oo u ogolaatay Naasiyiintii in ay fuliyaan ujeedooyinkooda xun iyaga oo iska caabin yar leh.",0
2092,Waxaan bixinaa PhD-da sanad walba in ka badan jaamacad kale ee A...,Waxaan bixinaa PhDs ka badan sanad walba marka loo eego jaamacadaha kale ee Ameerika marka laga reebo Berkeley.,0
2093,Waxaan bixinaa PhD-da sanad walba in ka badan jaamacad kale ee A...,Waxaan bixinaa PhDs ka badan sanad walba marka loo eego jaamacadaha kale ee Ameerika marka laga reebo Berkeley.,0
2094,Wuxuu yiri tababaraha kubbadda cagta Rex Ryan wuxuu ku guuleystay horyaalada ...,"Waxa uu yidhi tababaraha kubada cagta ee xirfada leh Rex Ryan ayaa ku guulaystay horyaalada New York. AFC, waxaan filayaa, laba jeer.",0
2095,"27-kii bilood ee la soo dhaafay, Madaxweyne Barack Obama waxa uu abuuray...","27-kii bilood ee la soo dhaafay, Madaxweyne Barack Obama waxa uu abuuray shaqooyin ka badan kuwa gaarka loo leeyahay marka loo eego soo kabashada Reagan.",0
2096,Way adag tahay in dadka Portland ku nool ay Haa ugu codeeyaan mea...,"Way adag tahay in dadka Portland ku nool ay Haa ugu codeeyaan cabbirada codbixinta, gaar ahaan marka ay jiraan mucaarad.",0
2097,"McCain ""wuxuu u codeeyay inuu dhimo maalgelinta waxbarashada, isagoo ka soo horjeeda la xisaabtanka","McCain ""wuxuu u codeeyay inuu dhimo maalgelinta waxbarashada, isagoo ka soo horjeeda heerarka isla xisaabtanka. Wuxuu xitaa soo jeediyay in la baabi'iyo Waaxda Waxbarashada.""",0
2098,Ayaa sheegay in Adeegga Boostada Maraykanku aanay qaadan wax gargaar cashuur bixiye ah tan iyo markii...,"Waxa uu leeyahay Adeegga Boostada Maraykanku ma qaadin wax gargaar cashuur bixiye ah ilaa 1971, waxa ay maalgelisaa hawlaha gabi ahaan iibinta stamps iyo alaabta la xidhiidha oo waxa ay samaysaa faa'iido hawl gal sanadba sanadka ka dambeeya.",0
2099,Maraykanku kama mid ahayn 16 waddan oo David Pe...,Mareykanka ayaan ka mid ahayn 16 wadan oo David Perdue uu ku sheegay in Pillowtex uu shaqo ka abuuray.,0
2100,"In ka badan 100,000 oo haween ah oo ku nool Texas ayaa isku dayay in ay iskood isu soo dhisaan.","In ka badan 100,000 oo haween ah oo ku nool Texas ayaa isku dayay inay iskood iska soo xaaqaan sannadkii la soo dhaafay oo keliya.",0
2101,Waxa uu sheegay in Madaxweyne Barack Obama uu ballan qaaday inuu la shaqeyn doono...,"Waxa uu sheegay in iyada oo Madaxweyne Barack Obama uu ballan qaaday in uu la shaqayn doono loo-shaqeeyahaaga si uu hoos ugu dhigo khidmadahaaga $2,500 qoyskiiba sannadkii, sharcigiisa daryeelka caafimaadku waxa uu kor u qaadayaa khidmadaha suuqa gaarka ah $2,100 qoyskiiba.",0
2102,Wuxuu yiri xildhibaanka Miami Carlos Curbelo wuxuu taageersan yahay qodista qodista...,Waxa uu yidhi xildhibaanka Miami Carlos Curbelo waxa uu taageersan yahay qodista xeebaha waxana uu si isdaba joog ah uga codeeyay awoodda madaxweyne Obama ee la dagaalanka wasakhowga iyo la dagaalanka isbedelka cimilada.,0
2103,Waajibaadka daryeelka caafimaadku wuxuu u baahan doonaa xadhig iyo ganaax...,Waajibaadka daryeelka caafimaadku waxay u baahan doontaa xadhig iyo ganaax lacageed dadka Maraykanka ah ee aan awoodin inay iibsadaan caymis ama bixiyaan ganaaxyo culus oo dawladeed.,0
2104,Sen. Hutchison waxa uu ka tagey Jamhuuriyiintii oo uu la saftay Dimuqraadiga...,Sen. Hutchison wuu ka tagay Jamhuuriyiintii wuxuuna la istaagay Dimuqraadiyiinta si loo hubiyo in sharciga daryeelka caafimaadku si dhakhso ah u gudbi doono.,0
2105,Waxaan ka mid ahaa kuwii ugu horreeyay ee dhaleeceeya ku degdegista dagaalka (Ir...,"Waxaan ka mid ahaa kuwii ugu horreeyay ee dhaleeceeya degdegga ah ee dagaalka (Ciraaq), iyo haa, xitaa ka hor inta uusan dagaalku bilaaban.",0
2106,Waxay leedahay warbaahintu waxay abuurtay ereyga polar vortex iyo qabow ai...,Waxay leedahay warbaahintu waxay abuurtay ereyga polar vortex hawada qabowna waxay caddaynaysaa in barafku aanu dhalaalinayn.,0
2107,Nidaamka xogta ee la socda Common Core waxaa loo qaabeeyey t...,"Nidaamka xogta ee la socda Core Common waxaa loogu talagalay in lagu ururiyo ilaa 400 dhibcood ilmo kasta, taas oo ay ku jiri karto xogta shakhsi ahaan lagu aqoonsan karo.",0
2108,Walaalaha Koch keligood waxay siiyeen laba laab lacag ka bad...,Walaalaha Koch keligood waxay siiyeen laba laab lacag ka badan Scott Walker wadarta guud ee lacagta uu soo ururiyay Tom Barrett.,0
2109,Waxay tiri Cathy Jordan waa la xiray oo laga soo saaray gurigeeda b...,Waxay tiri Cathy Jordan ayaa la xiray oo ay ka soo saareen gurigeeda koox SWAT ah oo hooligan ah si ay u isticmaasho marijuana caafimaad.,0
2110,"Wuxuu yidhi Mitt Romney wuxuu taageeray sharcia dhammaan ilmo iska soo rididda, e...","Wuxuu yidhi Mitt Romney wuxuu taageeray sharci mamnuucaya dhammaan ilmo iska soo rididda, xitaa kiisaska kufsiga iyo jinsiga.",0
2111,Ciidamada badda ayaa dacwad ku soo oogaya sarkaal ka tirsan ciidamada badda oo toogtay...,Ciidanka badda ayaa dacwad ku soo oogaya sarkaal ka tirsan ciidamada badda oo toogtay toogashadii Chattanooga ka dib markii uu si sharci darro ah hub ugu furay hanti federaal ah.,0
2112,Ku dhawaad ​​800 oo qof ayaa diiday in laga baaro daroogada sababtoo ah...,Qiyaastii 800 oo qof ayaa diiday in la sameeyo baaris daroogo sababtoo ah waxay u joogaan mukhaadaraad.,0
2113,"Qaar ka mid ah kulliyadaha, oo ay ku jiraan AM, ayaa horey u dammaanad qaaday ...","Qaar ka mid ah kulliyadaha, oo ay ku jirto AM, ayaa horey u dammaanad qaaday inaysan kordhin doonin waxbarashadooda.",0
2114,Frank Guinta ayaa u codeeyay in cashuur bixiyayaasha dabaqadda dhexe ay bixiyaan lacag ka badan...,"Frank Guinta ayaa u codeeyay in cashuur bixiyayaasha dabaqadda dhexe ay bixiyaan in ka badan $1,000 oo dheeraad ah sannadkii.",0
2115,Saddex meelood labo ka mid ah dadka ku nool Wisconsin ayaa si adag uga soo horjeeda...,Saddex meelood laba meel dadka Wisconsin ayaa si adag uga soo horjeeda fikradan ah in si joogto ah looga qaado xuquuqda dadka ee gorgortanka wadajirka ah.,0
2116,Waxay qaadataa tamar aad u badan si loo sameeyo panel cadceedda sida ay u badan tahay g...,Waxay qaadataa tamar aad u badan si loo sameeyo alwaax qoraxda sida ay u badan tahay inay soo saarto nolosheeda oo dhan.,0
2117,Frank Guinta ayaa u codeeyay in cashuur bixiyayaasha dabaqadda dhexe ay bixiyaan lacag ka badan...,"Frank Guinta ayaa u codeeyay in cashuur bixiyayaasha dabaqadda dhexe ay bixiyaan in ka badan $1,000 oo dheeraad ah sannadkii.",0
2118,Wuxuu sheegay in dib u habeynta daryeelka caafimaadka qaranka ay tahay mid ay dowladdu la wareegtay...,Waxa uu leeyahay dib u habaynta daryeelka caafimaadka qaranka waa la wareegida dawladda ee daryeelka caafimaadka.,0
2119,Waxaan ka mid ahaa kuwii ugu horreeyay ee dhaleeceeya ku degdegista dagaalka (Ir...,"Waxaan ka mid ahaa kuwii ugu horreeyay ee dhaleeceeya degdegga ah ee dagaalka (Ciraaq), iyo haa, xitaa ka hor inta uusan dagaalku bilaaban.",0
2120,Waxay qaadataa tamar aad u badan si loo sameeyo panel cadceedda sida ay u badan tahay g...,Waxay qaadataa tamar aad u badan si loo sameeyo alwaax qoraxda sida ay u badan tahay inay soo saarto nolosheeda oo dhan.,0
2121,Bal eeg waxa uu agaasimaha FBI-da ka yidhi iyada (Hillary C...,Bal u fiirso waxa uu agaasimaha FBI-da ka yidhi (Hillary Clinton) dhaqan-xumada ay samaysay waa ceeb iyo ceeb dalkeena.,0
2122,Nidaamka xogta ee la socda Common Core waxaa loo qaabeeyey t...,"Nidaamka xogta ee la socda Core Common waxaa loogu talagalay in lagu ururiyo ilaa 400 dhibcood ilmo kasta, taas oo ay ku jiri karto xogta shakhsi ahaan lagu aqoonsan karo.",0
2123,Barasaabkii hore ee Alaska Sarah Palin ayaa ku saxnayd in madaxweynaha...,"Guddoomiyihii hore ee Alaska Sarah Palin waxay ku saxsanayd in sharciga daryeelka caafimaadka ee Madaxweyne Barack Obama uu abuuray waxa, dhab ahaan, noqon lahaa guddiyada dhimashada.",0
2124,Waxa uu sheegay in Madaxweyne Barack Obama uu ballan qaaday inuu la shaqeyn doono...,"Waxa uu sheegay in iyada oo Madaxweyne Barack Obama uu ballan qaaday in uu la shaqayn doono loo-shaqeeyahaaga si uu hoos ugu dhigo khidmadahaaga $2,500 qoyskiiba sannadkii, sharcigiisa daryeelka caafimaadku waxa uu kor u qaadayaa khidmadaha suuqa gaarka ah $2,100 qoyskiiba.",0
2125,Waxaan u dhimi karnaa shaqo la'aanta kala bar si fudud annaga oo dib u soo ceshanno j...,Waxaan shaqo la'aanta u dhimi karnaa kala bar si fudud innagoo dib u soo ceshanayna shaqooyinkii ay qabteen shaqaalaha sharci darrada ah.,0
2126,Frank Guinta ayaa u codeeyay in cashuur bixiyayaasha dabaqadda dhexe ay bixiyaan lacag ka badan...,"Frank Guinta ayaa u codeeyay in cashuur bixiyayaasha dabaqadda dhexe ay bixiyaan in ka badan $1,000 oo dheeraad ah sannadkii.",0
2127,Waxa uu sheegay in Romney uu maalgashaday shirkad alaab ka samaysa Shiinaha oo...,Waxa uu yidhi Romney waxa uu maalgashaday shirkad alaabo ka samaynaysa Shiinaha oo laga samayn lahaa halkan America.,0
2128,Mas’uuliyiinta dalka Imaaraadka Carabta ayaa sheegay in ugu ...,"Mas’uuliyiinta dalka Imaaraadka Carabta ayaa sheegay in ugu yaraan 16 gantaal oo ballistic ah iyo 121 diyaaradood oo aan duuliye lahayn (drones) maanta lagu soo weeraray dalka. Sida ay sheegeen saraakiisha, dhammaan gantaallada marka laga reebo mid badda ku dhacay ayaa la qabtay lana burburiyay. Sidoo kale ugu yaraan 119 drones ayaa la qabtay, halka labo drone ay ku dhaceen gudaha dhulka Imaaraadka Carabta. Tan iyo markii uu dagaalku bilaabmay, mas’uuliyiintu waxay sheegeen in la ogaaday: 221 gantaal oo ballistic ah, kuwaas oo 205 la burburiyay, 14-na ay badda ku dhaceen, halka labo ay ku dhaceen gudaha dalka Imaaraadka. 1,305 drones oo laga soo diray Iran, kuwaas oo 1,229 la qabtay, halka 76 ay ku dhaceen gudaha dalka. Sidoo kale siddeed gantaal oo cruise ah ayaa la ogaaday laguna guuleystay in la burburiyo. Weeraradan ayaa sababay dhimashada saddex qof oo kala ah muwaadiniin u dhashay Pakistan, Nepal iyo Bangladesh. Waxaa sidoo kale ku dhaawacmay dhaawacyo fudud 112 qof oo ka kala yimid dalal ay ka mid yihiin Imaaraadka, Masar, Itoobiya, Filibiin, Pakistan, Iran, Hindiya, Bangladesh, Sri Lanka, Azerbaijan, Yemen, Uganda, Eritrea, Lubnaan, Afghanistan, Bahrain, Comoros iyo Turkiga.",0
2129,Magaalada Pembroke Pines ayaan wax cod ah ku lahayn qorshe lagu b...,Magaalada Pembroke Pines ayaan wax cod ah ku lahayn qorshaha lagu dhisayo xarun dadka lagu hayo ee Koonfur Galbeed Ranches.,0
2130,Maraykanku kama mid ahayn 16 waddan oo David Pe...,Mareykanka ayaan ka mid ahayn 16 wadan oo David Perdue uu ku sheegay in Pillowtex uu shaqo ka abuuray.,0
2131,"McCain ""wuxuu u codeeyay inuu dhimo maalgelinta waxbarashada, isagoo ka soo horjeeda la xisaabtanka","McCain ""wuxuu u codeeyay inuu dhimo maalgelinta waxbarashada, isagoo ka soo horjeeda heerarka isla xisaabtanka. Wuxuu xitaa soo jeediyay in la baabi'iyo Waaxda Waxbarashada.""",0
2132,Marka kaliya ee shaqada dawladdu hoos u dhacday intii lagu jiray...,Marka kaliya ee shaqaalaynta dawladdu hoos u dhacday inta lagu jiro dhaqaale-xumada ayaa aniga hoos ii dhacday.,0
2133,Nidaamka xogta ee la socda Common Core waxaa loo qaabeeyey t...,"Nidaamka xogta ee la socda Core Common waxaa loogu talagalay in lagu ururiyo ilaa 400 dhibcood ilmo kasta, taas oo ay ku jiri karto xogta shakhsi ahaan lagu aqoonsan karo.",0
2134,Haddii aad iibiso gurigaaga wixii ka dambeeya 2012 waxaad bixin doontaa boqolkiiba 3.8...,Haddii aad iibiso gurigaaga wixii ka dambeeya 2012 waxaad ka bixin doontaa boqolkiiba 3.8 canshuurta iibka.,0
2135,"Barack Obama ""wuxuu doonayaa in dowladda ay la wareegto daryeelka caafimaadka,...","Barack Obama ""wuxuu rabaa in dowladdu ay la wareegto daryeelka caafimaadka, ku bixiso boqolaal bilyan oo doolar oo lacag cusub ah caymiska caafimaadka qof walba.""",0
2136,Wuxuu sheegay in ay jiraan doollar federaal ah oo badan oo ku jira Gov. John Kasichs bud...,Wuxuu sheegay in ay jiraan doollar federaali ah oo ka badan qorshaha miisaaniyadda Gov. John Kasichs marka loo eego miisaaniyaddii hore ee gobolka.,0
2137,"Hadda, Golaha Wakiilada, waxaan leenahay 40 kala duwan oo j...","Hadda, Golaha Wakiillada, waxaanu haynaa 40 xeer oo kala duwan oo shaqo ah oo la ansixiyay oo ku dhawaad ​​dhamaantood ahaayeen laba xisbi.",0
2138,Canshuuraha guryuhu hadda 18% way ka sarreeyaan markii (Mark Sharpe) kow...,Canshuuraha guryuhu hadda 18% way ka sarreeyaan markii (Mark Sharpe) markii ugu horreysay ee uu xafiiska la wareegay.,0
2139,"Qoysaska Maraykanku waxay ku dadaalaan inay helaan $4,250 bishii. Obama ayaa...","Qoysaska Maraykanku waxay ku dadaalaan inay helaan $4,250 bishii. Obama waxa uu ku kharash gareeyaa $18,972 bishii ilmo kasta oo sharci-darro ah.",0
2140,Saraakiisha Medicare waxay ula dhaqmeen Humana iyo AARP si aan is waafaqsanayn,Saraakiisha Medicare waxay ula dhaqmeen Humana iyo AARP si aan joogto ahayn sida ay ula xiriiri karaan waayeelka.,0
2141,Ayaa sheegay in Adeegga Boostada Maraykanku aanay qaadan wax gargaar cashuur bixiye ah tan iyo markii...,"Waxa uu leeyahay Adeegga Boostada Maraykanku ma qaadin wax gargaar cashuur bixiye ah ilaa 1971, waxa ay maalgelisaa hawlaha gabi ahaan iibinta stamps iyo alaabta la xidhiidha oo waxa ay samaysaa faa'iido hawl gal sanadba sanadka ka dambeeya.",0
2142,Wuxuu sheegay in qaraarka Senate-ka uu soo celin doono $140 bishiiba...,Wuxuu sheegay in qaraarka Senate-ka uu soo celin doono $140 lacagihii kaalmada guud ee bishii iyo ka hortagga dadka inay dambi galaan.,0
2143,"Hadda, Golaha Wakiilada, waxaan leenahay 40 kala duwan oo j...","Hadda, Golaha Wakiillada, waxaanu haynaa 40 xeer oo kala duwan oo shaqo ah oo la ansixiyay oo ku dhawaad ​​dhamaantood ahaayeen laba xisbi.",0
2144,Guddiga dib u soo celinta dhaqangelinta ee gobolka ee dhawaan la sameeyay...,"Guddiga dib u eegista dhaqangelinta socdaalka ee gobolka ee dhawaan la sameeyay ayaa dhab ahaantii dacwayn kara, oo ku ridi kara [xukun] xabsiga, haddii aanu keenno xeer ilaaliyaha guud.",0
2145,Magaalada Pembroke Pines ayaan wax cod ah ku lahayn qorshe lagu b...,Magaalada Pembroke Pines ayaan wax cod ah ku lahayn qorshaha lagu dhisayo xarun dadka lagu hayo ee Koonfur Galbeed Ranches.,0
2146,Wuxuu yiri xildhibaanka Miami Carlos Curbelo wuxuu taageersan yahay qodista qodista...,Waxa uu yidhi xildhibaanka Miami Carlos Curbelo waxa uu taageersan yahay qodista xeebaha waxana uu si isdaba joog ah uga codeeyay awoodda madaxweyne Obama ee la dagaalanka wasakhowga iyo la dagaalanka isbedelka cimilada.,0
2147,Wuxuu yiri tababaraha kubbadda cagta Rex Ryan wuxuu ku guuleystay horyaalada ...,"Waxa uu yidhi tababaraha kubada cagta ee xirfada leh Rex Ryan ayaa ku guulaystay horyaalada New York. AFC, waxaan filayaa, laba jeer.",0
2148,Waxa uu yidhi Mike Dovilla waxa uu taageersan yahay qorshe u ogolaan kara ajaanib...,Wuxuu yiri Mike Dovilla wuxuu taageersan yahay qorshe u oggolaanaya shirkad ajnabi ah inay la wareegto Ohio Turnpike,0
2149,Hindise sharciyeedka gobolka ayaa soo afjari doona shuruudihii muddada dheer ee ahaa in deegaanka...,Hindise-sharciyeedka gobolku waxa uu soo afjarayaa shuruudii muddada dheer u baahnayd ee ah in dawladaha hoose ay dayactiraan waddooyinka waaweyn iyo laamiyada-- oo ay ka horjoogsadaan muwaadiniinta dhaawaca ah in ay dacweeyaan dayactirka la dayacay.,0
2150,"Qoysaska Maraykanku waxay ku dadaalaan inay helaan $4,250 bishii. Obama ayaa...","Qoysaska Maraykanku waxay ku dadaalaan inay helaan $4,250 bishii. Obama waxa uu ku kharash gareeyaa $18,972 bishii ilmo kasta oo sharci-darro ah.",0
2151,"McCain ""wuxuu u codeeyay inuu dhimo maalgelinta waxbarashada, isagoo ka soo horjeeda la xisaabtanka","McCain ""wuxuu u codeeyay inuu dhimo maalgelinta waxbarashada, isagoo ka soo horjeeda heerarka isla xisaabtanka. Wuxuu xitaa soo jeediyay in la baabi'iyo Waaxda Waxbarashada.""",0
2152,Canshuuraha guryuhu hadda 18% way ka sarreeyaan markii (Mark Sharpe) kow...,Canshuuraha guryuhu hadda 18% way ka sarreeyaan markii (Mark Sharpe) markii ugu horreysay ee uu xafiiska la wareegay.,0
2153,Waxay tiri Cathy Jordan waa la xiray oo laga soo saaray gurigeeda b...,Waxay tiri Cathy Jordan ayaa la xiray oo ay ka soo saareen gurigeeda koox SWAT ah oo hooligan ah si ay u isticmaasho marijuana caafimaad.,0
2154,Miisaaniyadda Madaxweyne Barack Obama ayaa khatar ku ah amniga qaranka b...,Miisaaniyadda Madaxweyne Barack Obamas waxay khatar ku tahay amniga qaranka isagoo soo jeedinaya Ciidan ka kooban shaqaale ka yar kuwii aan haysanay ka hor Pearl Harbor.,0
2155,Waxaan u dhimi karnaa shaqo la'aanta kala bar si fudud annaga oo dib u soo ceshanno j...,Waxaan shaqo la'aanta u dhimi karnaa kala bar si fudud innagoo dib u soo ceshanayna shaqooyinkii ay qabteen shaqaalaha sharci darrada ah.,0
2156,Saraakiisha Medicare waxay ula dhaqmeen Humana iyo AARP si aan is waafaqsanayn,Saraakiisha Medicare waxay ula dhaqmeen Humana iyo AARP si aan joogto ahayn sida ay ula xiriiri karaan waayeelka.,0
2157,Waxa uu yidhi Mike Dovilla waxa uu taageersan yahay qorshe u ogolaan kara ajaanib...,Wuxuu yiri Mike Dovilla wuxuu taageersan yahay qorshe u oggolaanaya shirkad ajnabi ah inay la wareegto Ohio Turnpike,0
2158,Muwaadiniin Jarmal ah ayaa dawladoodii hub ka dhigis ku samaysay dhamaadkii...,"Muwaadiniinta Jarmalku waxa hub ka dhigis ku sameeyay dawladoodii dabayaaqadii 1930-meeyadii, taas oo u ogolaatay Naasiyiintii in ay fuliyaan ujeedooyinkooda xun iyaga oo iska caabin yar leh.",0
2159,Waxay tiri Cathy Jordan waa la xiray oo laga soo saaray gurigeeda b...,Waxay tiri Cathy Jordan ayaa la xiray oo ay ka soo saareen gurigeeda koox SWAT ah oo hooligan ah si ay u isticmaasho marijuana caafimaad.,0
2160,Is-dilku wuxuu ka imaanayaa calaamad ah ee waaweyn oo leh ...,Is-dilku wuxuu ka yimaadaa dawladda dhexe ee waaweyn oo leh waxba uma qalantid laakiin waxaad ku heli doontaa wax aan waxba ahayn.,0
2161,Guddiga dib u soo celinta dhaqangelinta ee gobolka ee dhawaan la sameeyay...,"Guddiga dib u eegista dhaqangelinta socdaalka ee gobolka ee dhawaan la sameeyay ayaa dhab ahaantii dacwayn kara, oo ku ridi kara [xukun] xabsiga, haddii aanu keenno xeer ilaaliyaha guud.",0
2162,"Qoysaska Maraykanku waxay ku dadaalaan inay helaan $4,250 bishii. Obama ayaa...","Qoysaska Maraykanku waxay ku dadaalaan inay helaan $4,250 bishii. Obama waxa uu ku kharash gareeyaa $18,972 bishii ilmo kasta oo sharci-darro ah.",0
2163,Guddiga dib u soo celinta dhaqangelinta ee gobolka ee dhawaan la sameeyay...,"Guddiga dib u eegista dhaqangelinta socdaalka ee gobolka ee dhawaan la sameeyay ayaa dhab ahaantii dacwayn kara, oo ku ridi kara [xukun] xabsiga, haddii aanu keenno xeer ilaaliyaha guud.",0
2164,Waxaan bixinaa PhD-da sanad walba in ka badan jaamacad kale ee A...,Waxaan bixinaa PhDs ka badan sanad walba marka loo eego jaamacadaha kale ee Ameerika marka laga reebo Berkeley.,0
2165,"Ohio, waxaan ku maal galinay caruurteena, anagoo kordhinayna maalgelinta iskuulka...","Ohio, waxaanu maal galinay caruurteena, anagoo ku kordhinay maalgelinta dugsiga 5.5 boqolkiiba miisaaniyadii u dambaysay.",0
2166,Saddex meelood labo ka mid ah dadka ku nool Wisconsin ayaa si adag uga soo horjeeda...,Saddex meelood laba meel dadka Wisconsin ayaa si adag uga soo horjeeda fikradan ah in si joogto ah looga qaado xuquuqda dadka ee gorgortanka wadajirka ah.,0
2167,"Waxaan leenahay magaalooyin ku yaal Galbeedka Texas oo aan biyuhu lahayn, kuwaas oo ah ...","Waxaan leenahay magaalooyin ku yaal Galbeedka Texas oo ay ka maqan yihiin biyaha, kuwaas oo ay tahay in ay biyo ku dhaamiyaan.",0
2168,Frank Guinta ayaa u codeeyay in cashuur bixiyayaasha dabaqadda dhexe ay bixiyaan lacag ka badan...,"Frank Guinta ayaa u codeeyay in cashuur bixiyayaasha dabaqadda dhexe ay bixiyaan in ka badan $1,000 oo dheeraad ah sannadkii.",0
2169,Wuxuu sheegay in dib u habeynta daryeelka caafimaadka qaranka ay tahay mid ay dowladdu la wareegtay...,Waxa uu leeyahay dib u habaynta daryeelka caafimaadka qaranka waa la wareegida dawladda ee daryeelka caafimaadka.,0
2170,Waxa uu sheegay in Madaxweyne Barack Obama uu ballan qaaday inuu la shaqeyn doono...,"Waxa uu sheegay in iyada oo Madaxweyne Barack Obama uu ballan qaaday in uu la shaqayn doono loo-shaqeeyahaaga si uu hoos ugu dhigo khidmadahaaga $2,500 qoyskiiba sannadkii, sharcigiisa daryeelka caafimaadku waxa uu kor u qaadayaa khidmadaha suuqa gaarka ah $2,100 qoyskiiba.",0
2171,"McCain ""wuxuu u codeeyay inuu dhimo maalgelinta waxbarashada, isagoo ka soo horjeeda la xisaabtanka","McCain ""wuxuu u codeeyay inuu dhimo maalgelinta waxbarashada, isagoo ka soo horjeeda heerarka isla xisaabtanka. Wuxuu xitaa soo jeediyay in la baabi'iyo Waaxda Waxbarashada.""",0
2172,"Hadda, Golaha Wakiilada, waxaan leenahay 40 kala duwan oo j...","Hadda, Golaha Wakiillada, waxaanu haynaa 40 xeer oo kala duwan oo shaqo ah oo la ansixiyay oo ku dhawaad ​​dhamaantood ahaayeen laba xisbi.",0
2173,(Madaxweyne Barack Obama) ayaa sheegay in shaqo la’aantu aysan waligeed g...,(Madaxweyne Barack Obama) wuxuu sheegay in shaqo la'aantu aysan weligeed dhaafi doonin 8 boqolkiiba haddii aan gudbino qorshaha kicinta.,0
2174,"Waxa uu sheegay in uu ahaa saldhigga gobolka Utah, uu markii la shaqeeyay s ...","Wuxuu sheegay in markii uu ahaa guddoomiyaha Utah, uu la shaqeeyay Sharci-dejinta gobolka si loo abuuro canshuur siman oo dhimaysa canshuurta dakhliga boqolkiiba 30.",0
2175,Waxaan bixinaa PhD-da sanad walba in ka badan jaamacad kale ee A...,Waxaan bixinaa PhDs ka badan sanad walba marka loo eego jaamacadaha kale ee Ameerika marka laga reebo Berkeley.,0
2176,"Barack Obama ""wuxuu doonayaa in dowladda ay la wareegto daryeelka caafimaadka,...","Barack Obama ""wuxuu rabaa in dowladdu ay la wareegto daryeelka caafimaadka, ku bixiso boqolaal bilyan oo doolar oo lacag cusub ah caymiska caafimaadka qof walba.""",0
2177,"Si qarsoodi ah, iyadoo aan la ogeyn xubnaha Congress-ka, in ka badan $105 biil...","Si qarsoodi ah, iyadoo aan la ogeyn xubnaha Congress-ka, in ka badan 105 bilyan ayaa lagu qariyay sharciga Obamacare.",0
2178,Muwaadiniin Jarmal ah ayaa dawladoodii hub ka dhigis ku samaysay dhamaadkii...,"Muwaadiniinta Jarmalku waxa hub ka dhigis ku sameeyay dawladoodii dabayaaqadii 1930-meeyadii, taas oo u ogolaatay Naasiyiintii in ay fuliyaan ujeedooyinkooda xun iyaga oo iska caabin yar leh.",0
2179,Wuxuu sheegay in eedeymaha ah inuu sameeyay galmo aan loo baahnayn oo ku saabsan ...,Waxa uu sheegay in eedeymaha ah in uu sameeyay galmo aan la rabin oo uu ku sameeyay haweeney ku xigeen shariif ah ay laba garsoore oo kala duwan ay ku heleen in aysan mudneyn.,0
2180,Nidaamka xogta ee la socda Common Core waxaa loo qaabeeyey t...,"Nidaamka xogta ee la socda Core Common waxaa loogu talagalay in lagu ururiyo ilaa 400 dhibcood ilmo kasta, taas oo ay ku jiri karto xogta shakhsi ahaan lagu aqoonsan karo.",0
2181,Musharaxa senate-ka ee Maraykanka Jack Kingston waxa uu dool...,Musharaxa senate-ka ee Maraykanka Jack Kingston waxa uu doollarkayaga cashuurta ku kharash gareeyey kumanyaal calaamado wasakh ah.,0
2182,Saddex meelood labo ka mid ah dadka ku nool Wisconsin ayaa si adag uga soo horjeeda...,Saddex meelood laba meel dadka Wisconsin ayaa si adag uga soo horjeeda fikradan ah in si joogto ah looga qaado xuquuqda dadka ee gorgortanka wadajirka ah.,0
2183,Barasaabkii hore ee Alaska Sarah Palin ayaa ku saxnayd in madaxweynaha...,"Guddoomiyihii hore ee Alaska Sarah Palin waxay ku saxsanayd in sharciga daryeelka caafimaadka ee Madaxweyne Barack Obama uu abuuray waxa, dhab ahaan, noqon lahaa guddiyada dhimashada.",0
2184,"Hadda, Golaha Wakiilada, waxaan leenahay 40 kala duwan oo j...","Hadda, Golaha Wakiillada, waxaanu haynaa 40 xeer oo kala duwan oo shaqo ah oo la ansixiyay oo ku dhawaad ​​dhamaantood ahaayeen laba xisbi.",0
2185,Waxa uu yidhi Madaxweyne Obama waxa uu afduubay biilka beeraha (oo) waxa uu u rogay i...,Waxa uu yidhi Madaxweyne Obama waxa uu afduubay biilka beeraha (oo) waxa uu ka dhigay biilka cuntada.,0
2186,Wendy Davis waxay kaliya ku samaynaysay lacag ururin Chicago,Wendy Davis waxa ay Chicago ka samaynaysay dhaqaale ururin iyada oo la kaashanaysa ururka hantiwadaaga caalamiga ah.,0
2187,Frank Guinta ayaa u codeeyay in cashuur bixiyayaasha dabaqadda dhexe ay bixiyaan lacag ka badan...,"Frank Guinta ayaa u codeeyay in cashuur bixiyayaasha dabaqadda dhexe ay bixiyaan in ka badan $1,000 oo dheeraad ah sannadkii.",0
2188,Waxaan bixinaa PhD-da sanad walba in ka badan jaamacad kale ee A...,Waxaan bixinaa PhDs ka badan sanad walba marka loo eego jaamacadaha kale ee Ameerika marka laga reebo Berkeley.,0
2189,Adigoo isticmaalaya daldaloolo yar oo la yaqaan ... Minions Obama waa la oggol yahay ...,Adigoo isticmaalaya daldaloolo yar oo la yaqaan ... Minions Obama waxay u oggolaanayaan Shirkadda Nestle inay ka dhoofiso biyaha macaan ee qaaliga ah harada Michigan.,0
2190,(Madaxweyne Barack Obama) ayaa sheegay in shaqo la’aantu aysan waligeed g...,(Madaxweyne Barack Obama) wuxuu sheegay in shaqo la'aantu aysan weligeed dhaafi doonin 8 boqolkiiba haddii aan gudbino qorshaha kicinta.,0
2191,Ayaa sheegay in Adeegga Boostada Maraykanku aanay qaadan wax gargaar cashuur bixiye ah tan iyo markii...,"Waxa uu leeyahay Adeegga Boostada Maraykanku ma qaadin wax gargaar cashuur bixiye ah ilaa 1971, waxa ay maalgelisaa hawlaha gabi ahaan iibinta stamps iyo alaabta la xidhiidha oo waxa ay samaysaa faa'iido hawl gal sanadba sanadka ka dambeeya.",0
2192,Waxa uu sheegay in Romney uu maalgashaday shirkad alaab ka samaysa Shiinaha oo...,Waxa uu yidhi Romney waxa uu maalgashaday shirkad alaabo ka samaynaysa Shiinaha oo laga samayn lahaa halkan America.,0
2193,Waxay qaadataa tamar aad u badan si loo sameeyo panel cadceedda sida ay u badan tahay g...,Waxay qaadataa tamar aad u badan si loo sameeyo alwaax qoraxda sida ay u badan tahay inay soo saarto nolosheeda oo dhan.,0
2194,Musharaxa senate-ka Mareykanka Jack Kingston waxa uu ku qarash gareeyay doollarkayaga canshuurta...,Musharaxa senate-ka ee Maraykanka Jack Kingston waxa uu doollarkayaga cashuurta ku kharash gareeyey kumanyaal calaamado wasakh ah.,0
2195,Waxay leedahay warbaahintu waxay abuurtay ereyga polar vortex iyo qabow ai...,Waxay leedahay warbaahintu waxay abuurtay ereyga polar vortex hawada qabowna waxay caddaynaysaa in barafku aanu dhalaalinayn.,0
2196,Haddii Madaxweyne Obama saxiixo daawaynta isbedelka cimilada ee Copenhagen...,"Haddii madaxweyne Obama uu saxiixo heshiiska isbeddelka cimilada ee Copenhagen, wuxuu ""sixiixi doonaa xorriyaddaada, dimoqraadiyaddaada, iyo barwaaqadaada weligiin, adiga iyo dawlad kasta oo ku xigta oo aad dooran karto ma lahaan doonto wax awood ah si ay dib ugu soo celiso.""",0
2197,(Madaxweyne Barack Obama) ayaa sheegay in shaqo la’aantu aysan waligeed g...,(Madaxweyne Barack Obama) wuxuu sheegay in shaqo la'aantu aysan weligeed dhaafi doonin 8 boqolkiiba haddii aan gudbino qorshaha kicinta.,0
2198,Waxa uu sheegay in Madaxweyne Barack Obama uu ballan qaaday inuu la shaqeyn doono...,"Waxa uu sheegay in iyada oo Madaxweyne Barack Obama uu ballan qaaday in uu la shaqayn doono loo-shaqeeyahaaga si uu hoos ugu dhigo khidmadahaaga $2,500 qoyskiiba sannadkii, sharcigiisa daryeelka caafimaadku waxa uu kor u qaadayaa khidmadaha suuqa gaarka ah $2,100 qoyskiiba.",0
2199,Wuxuu sheegay in dib u habeynta daryeelka caafimaadka qaranka ay tahay mid ay dowladdu la wareegtay...,Waxa uu leeyahay dib u habaynta daryeelka caafimaadka qaranka waa la wareegida dawladda ee daryeelka caafimaadka.,0
2200,Waxaa jira kharashyo maamul oo sarreeya marka aad ku deeqdo Haiti...,Waxaa jira kharashyo maamul oo sarreeya marka aad ku deeqdo gargaarka Haiti iyada oo loo marayo Mareegta Aqalka Cad.,0
2201,Shirkadda ay dawladdu kiraysanayso ee qiimaynaysa ardayda ay dawladdu u xilsaartay...,Shirkadda ay dawladdu kiraysanayso ee qiimeeya imtixaannada ardayda ee gobolku waajibiyay waxay ku baxaysaa Craigslist si ay u hesho imtaxaanayaal si ay u akhriyaan qoraallada ardaydeenna.,0
2202,"Qoysaska Maraykanku waxay ku dadaalaan inay helaan $4,250 bishii. Obama ayaa...","Qoysaska Maraykanku waxay ku dadaalaan inay helaan $4,250 bishii. Obama waxa uu ku kharash gareeyaa $18,972 bishii ilmo kasta oo sharci-darro ah.",0
2203,Sagaal boqol oo qof ayaa shaqada laga eryay tan iyo markii aan xoghayaha noqday...,Sagaal boqol oo qof ayaa shaqada laga eryay tan iyo markii aan xoghaye ka noqday (Arimaha Veterans). Waxa aanu helnay 60 qof oo aanu shaqada ka ceyrinay kuwaas oo wakhtiyada sugitaan wax-ka-qabtay.,0
2204,Ku dhawaad ​​800 oo qof ayaa diiday in laga baaro daroogada sababtoo ah...,Qiyaastii 800 oo qof ayaa diiday in la sameeyo baaris daroogo sababtoo ah waxay u joogaan mukhaadaraad.,0
2205,Wuxuu sheegay in dib u habeynta daryeelka caafimaadka qaranka ay tahay mid ay dowladdu la wareegtay...,Waxa uu leeyahay dib u habaynta daryeelka caafimaadka qaranka waa la wareegida dawladda ee daryeelka caafimaadka.,0
2206,Waxaan bixinaa PhD-da sanad walba in ka badan jaamacad kale ee A...,Waxaan bixinaa PhDs ka badan sanad walba marka loo eego jaamacadaha kale ee Ameerika marka laga reebo Berkeley.,0
2207,"Keystone XL wuxuu u oggolaanayaa Kanada inay soo saarto saliiddooda, u dirto iyada oo loo marayo ...","Keystone XL wuxuu u oggolaanayaa Kanada inay soo saarto shidaalkooda, u dirto dhulkeena, ilaa Khaliijka, halkaas oo laga iibin doono meel kasta oo kale.",0
2208,Shirkadda ay dawladdu kiraysanayso ee qiimaynaysa ardayda ay dawladdu u xilsaartay...,Shirkadda ay dawladdu kiraysanayso ee qiimeeya imtixaannada ardayda ee gobolku waajibiyay waxay ku baxaysaa Craigslist si ay u hesho imtaxaanayaal si ay u akhriyaan qoraallada ardaydeenna.,0
2209,Waxa uu yidhi Mike Dovilla waxa uu taageersan yahay qorshe u ogolaan kara ajaanib...,Wuxuu yiri Mike Dovilla wuxuu taageersan yahay qorshe u oggolaanaya shirkad ajnabi ah inay la wareegto Ohio Turnpike,0
2210,Bal eeg waxa uu agaasimaha FBI-da ka yidhi iyada (Hillary C...,Bal u fiirso waxa uu agaasimaha FBI-da ka yidhi (Hillary Clinton) dhaqan-xumada ay samaysay waa ceeb iyo ceeb dalkeena.,0
2211,Waxa uu yidhi Mike Dovilla waxa uu taageersan yahay qorshe u ogolaan kara ajaanib...,Wuxuu yiri Mike Dovilla wuxuu taageersan yahay qorshe u oggolaanaya shirkad ajnabi ah inay la wareegto Ohio Turnpike,0
2212,Maraykanku kama mid ahayn 16 waddan oo David Pe...,Mareykanka ayaan ka mid ahayn 16 wadan oo David Perdue uu ku sheegay in Pillowtex uu shaqo ka abuuray.,0
2213,"Hadda, Golaha Wakiilada, waxaan leenahay 40 kala duwan oo j...","Hadda, Golaha Wakiillada, waxaanu haynaa 40 xeer oo kala duwan oo shaqo ah oo la ansixiyay oo ku dhawaad ​​dhamaantood ahaayeen laba xisbi.",0
2214,Marka kaliya ee shaqada dawladdu hoos u dhacday intii lagu jiray...,Marka kaliya ee shaqaalaynta dawladdu hoos u dhacday inta lagu jiro dhaqaale-xumada ayaa aniga hoos ii dhacday.,0
2215,Waxay tiri Cathy Jordan waa la xiray oo laga soo saaray gurigeeda b...,Waxay tiri Cathy Jordan ayaa la xiray oo ay ka soo saareen gurigeeda koox SWAT ah oo hooligan ah si ay u isticmaasho marijuana caafimaad.,0
2216,Muwaadiniin Jarmal ah ayaa dawladoodii hub ka dhigis ku samaysay dhamaadkii...,"Muwaadiniinta Jarmalku waxa hub ka dhigis ku sameeyay dawladoodii dabayaaqadii 1930-meeyadii, taas oo u ogolaatay Naasiyiintii in ay fuliyaan ujeedooyinkooda xun iyaga oo iska caabin yar leh.",0
2217,Waxa uu sheegay in Romney uu maalgashaday shirkad alaab ka samaysa Shiinaha oo...,Waxa uu yidhi Romney waxa uu maalgashaday shirkad alaabo ka samaynaysa Shiinaha oo laga samayn lahaa halkan America.,0
2218,Wuxuu sheegay in qaraarka Senate-ka uu soo celin doono $140 bishiiba...,Wuxuu sheegay in qaraarka Senate-ka uu soo celin doono $140 lacagihii kaalmada guud ee bishii iyo ka hortagga dadka inay dambi galaan.,0
2219,Saraakiisha Medicare waxay ula dhaqmeen Humana iyo AARP si aan is waafaqsanayn,Saraakiisha Medicare waxay ula dhaqmeen Humana iyo AARP si aan joogto ahayn sida ay ula xiriiri karaan waayeelka.,0
2220,"27-kii bilood ee la soo dhaafay, Madaxweyne Barack Obama waxa uu abuuray...","27-kii bilood ee la soo dhaafay, Madaxweyne Barack Obama waxa uu abuuray shaqooyin ka badan kuwa gaarka loo leeyahay marka loo eego soo kabashada Reagan.",0
2221,Wuxuu yiri xildhibaanka Miami Carlos Curbelo wuxuu taageersan yahay qodista qodista...,Waxa uu yidhi xildhibaanka Miami Carlos Curbelo waxa uu taageersan yahay qodista xeebaha waxana uu si isdaba joog ah uga codeeyay awoodda madaxweyne Obama ee la dagaalanka wasakhowga iyo la dagaalanka isbedelka cimilada.,0
2222,Saddex meelood labo ka mid ah dadka ku nool Wisconsin ayaa si adag uga soo horjeeda...,Saddex meelood laba meel dadka Wisconsin ayaa si adag uga soo horjeeda fikradan ah in si joogto ah looga qaado xuquuqda dadka ee gorgortanka wadajirka ah.,0
2223,"27-kii bilood ee la soo dhaafay, Madaxweyne Barack Obama waxa uu abuuray...","27-kii bilood ee la soo dhaafay, Madaxweyne Barack Obama waxa uu abuuray shaqooyin ka badan kuwa gaarka loo leeyahay marka loo eego soo kabashada Reagan.",0
2224,Miisaaniyadda Madaxweyne Barack Obama ayaa khatar ku ah amniga qaranka b...,Miisaaniyadda Madaxweyne Barack Obamas waxay khatar ku tahay amniga qaranka isagoo soo jeedinaya Ciidan ka kooban shaqaale ka yar kuwii aan haysanay ka hor Pearl Harbor.,0
2225,Is-dilku wuxuu ka imaanayaa calaamad ah ee waaweyn oo leh ...,Is-dilku wuxuu ka yimaadaa dawladda dhexe ee waaweyn oo leh waxba uma qalantid laakiin waxaad ku heli doontaa wax aan waxba ahayn.,0
2226,"Xiligii Madaxweyne Barack Obama, 8.3 (milyan) oo Maraykan ah ayaa ka yar ...","Xilligii Madaxweyne Barack Obama, 8.3 (milyan) oo Maraykan ah ayaa shaqeeya maanta in ka yar sidii ay ahaayeen afar sano ka hor.",0
2227,Waxa uu sheegay in Madaxweyne Barack Obama uu ballan qaaday inuu la shaqeyn doono...,"Waxa uu sheegay in iyada oo Madaxweyne Barack Obama uu ballan qaaday in uu la shaqayn doono loo-shaqeeyahaaga si uu hoos ugu dhigo khidmadahaaga $2,500 qoyskiiba sannadkii, sharcigiisa daryeelka caafimaadku waxa uu kor u qaadayaa khidmadaha suuqa gaarka ah $2,100 qoyskiiba.",0
2228,Guddoomiyihii hore ee Alaska Sarah Palin waxay ku saxsanayd ...,"Guddoomiyihii hore ee Alaska Sarah Palin waxay ku saxsanayd in sharciga daryeelka caafimaadka ee Madaxweyne Barack Obama uu abuuray waxa, dhab ahaan, noqon lahaa guddiyada dhimashada.",0
2229,"Mashruuca Buffalos SolarCity, Andrew Cuomo wuxuu abuuri doonaa laga yaabee ...","Mashruuca Buffalos SolarCity, Andrew Cuomo wuxuu abuuri doonaa laga yaabee 500 shaqo haddii ay weligeed dhacdo, qiyaastii $1.5 milyan shaqa kasta.",0
2230,"Si qarsoodi ah, iyadoo aan la ogeyn xubnaha Congress-ka, in ka badan $105 biil...","Si qarsoodi ah, iyadoo aan la ogeyn xubnaha Congress-ka, in ka badan 105 bilyan ayaa lagu qariyay sharciga Obamacare.",0
2231,(Madaxweyne Barack Obama) ayaa sheegay in shaqo la’aantu aysan waligeed g...,(Madaxweyne Barack Obama) wuxuu sheegay in shaqo la'aantu aysan weligeed dhaafi doonin 8 boqolkiiba haddii aan gudbino qorshaha kicinta.,0
2232,Is-dilku wuxuu ka imaanayaa calaamad ah ee waaweyn oo leh ...,Is-dilku wuxuu ka yimaadaa dawladda dhexe ee waaweyn oo leh waxba uma qalantid laakiin waxaad ku heli doontaa wax aan waxba ahayn.,0
2233,Walaalaha Koch keligood waxay siiyeen lacag laba jibaar ka badan Scott Wa...,Walaalaha Koch keligood waxay siiyeen laba laab lacag ka badan Scott Walker wadarta guud ee lacagta uu soo ururiyay Tom Barrett.,0
2234,Waxaan ka mid ahaa kuwii ugu horreeyay ee dhaleeceeya ku degdegista dagaalka (Ir...,"Waxaan ka mid ahaa kuwii ugu horreeyay ee dhaleeceeya degdegga ah ee dagaalka (Ciraaq), iyo haa, xitaa ka hor inta uusan dagaalku bilaaban.",0
2235,Bal eeg waxa uu agaasimaha FBI-da ka yidhi iyada (Hillary C...,Bal u fiirso waxa uu agaasimaha FBI-da ka yidhi (Hillary Clinton) dhaqan-xumada ay samaysay waa ceeb iyo ceeb dalkeena.,0
2236,Waxa uu yidhi Mike Dovilla waxa uu taageersan yahay qorshe u ogolaan kara ajaanib...,Wuxuu yiri Mike Dovilla wuxuu taageersan yahay qorshe u oggolaanaya shirkad ajnabi ah inay la wareegto Ohio Turnpike,0
2237,Walaalaha Koch keligood waxay siiyeen laba laab lacag ka bad...,Walaalaha Koch keligood waxay siiyeen laba laab lacag ka badan Scott Walker wadarta guud ee lacagta uu soo ururiyay Tom Barrett.,0
2238,Wuxuu yiri tababaraha kubbadda cagta Rex Ryan wuxuu ku guuleystay horyaalada ...,"Waxa uu yidhi tababaraha kubada cagta ee xirfada leh Rex Ryan ayaa ku guulaystay horyaalada New York. AFC, waxaan filayaa, laba jeer.",0
2239,Waxaan ka mid ahaa kuwii ugu horreeyay ee dhaleeceeya ku degdegista dagaalka (Ir...,"Waxaan ka mid ahaa kuwii ugu horreeyay ee dhaleeceeya degdegga ah ee dagaalka (Ciraaq), iyo haa, xitaa ka hor inta uusan dagaalku bilaaban.",0
2240,Maxay ahaayeen hoos u dhacii sanadlaha ahaa ee Jamhuuriga hadda...,Maxay ahaayeen khasaare sanadeedkii hore ee Jamhuuriyiinta ayaa hadda noqday hoos u dhacyada billaha ah ee hoos yimaada Dimuqraadiyiinta.,0
2241,Saddex meelood labo ka mid ah dadka ku nool Wisconsin ayaa si adag uga soo horjeeda...,Saddex meelood laba meel dadka Wisconsin ayaa si adag uga soo horjeeda fikradan ah in si joogto ah looga qaado xuquuqda dadka ee gorgortanka wadajirka ah.,0
2242,Haddii Madaxweyne Obama saxiixo daawaynta isbedelka cimilada ee Copenhagen...,"Haddii madaxweyne Obama uu saxiixo heshiiska isbeddelka cimilada ee Copenhagen, wuxuu ""sixiixi doonaa xorriyaddaada, dimoqraadiyaddaada, iyo barwaaqadaada weligiin, adiga iyo dawlad kasta oo ku xigta oo aad dooran karto ma lahaan doonto wax awood ah si ay dib ugu soo celiso.""",0
2243,Wuxuu sheegay in qaraarka Senate-ka uu soo celin doono $140 bishiiba...,Wuxuu sheegay in qaraarka Senate-ka uu soo celin doono $140 lacagihii kaalmada guud ee bishii iyo ka hortagga dadka inay dambi galaan.,0
2244,"Waxaan leenahay magaalooyin ku yaal Galbeedka Texas oo aan biyuhu lahayn, kuwaas oo ah ...","Waxaan leenahay magaalooyin ku yaal Galbeedka Texas oo ay ka maqan yihiin biyaha, kuwaas oo ay tahay in ay biyo ku dhaamiyaan.",0
2245,Shirkadda ay dawladdu kiraysanayso ee qiimaynaysa ardayda ay dawladdu u xilsaartay...,Shirkadda ay dawladdu kiraysanayso ee qiimeeya imtixaannada ardayda ee gobolku waajibiyay waxay ku baxaysaa Craigslist si ay u hesho imtaxaanayaal si ay u akhriyaan qoraallada ardaydeenna.,0
2246,Canshuuraha guryuhu hadda 18% way ka sarreeyaan markii (Mark Sharpe) kow...,Canshuuraha guryuhu hadda 18% way ka sarreeyaan markii (Mark Sharpe) markii ugu horreysay ee uu xafiiska la wareegay.,0
2247,Saddex meelood labo ka mid ah dadka ku nool Wisconsin ayaa si adag uga soo horjeeda...,Saddex meelood laba meel dadka Wisconsin ayaa si adag uga soo horjeeda fikradan ah in si joogto ah looga qaado xuquuqda dadka ee gorgortanka wadajirka ah.,0
2248,Waxay leedahay warbaahintu waxay abuurtay ereyga polar vortex iyo qabow ai...,Waxay leedahay warbaahintu waxay abuurtay ereyga polar vortex hawada qabowna waxay caddaynaysaa in barafku aanu dhalaalinayn.,0
2249,Walaalaha Koch keligood waxay siiyeen laba laab lacag ka bad...,Walaalaha Koch keligood waxay siiyeen laba laab lacag ka badan Scott Walker wadarta guud ee lacagta uu soo ururiyay Tom Barrett.,0
2250,Haddii aad iibiso gurigaaga wixii ka dambeeya 2012 waxaad bixin doontaa boqolkiiba 3.8...,Haddii aad iibiso gurigaaga wixii ka dambeeya 2012 waxaad ka bixin doontaa boqolkiiba 3.8 canshuurta iibka.,0
2251,"Qaar ka mid ah kulliyadaha, oo ay ku jiraan AM, ayaa horey u dammaanad qaaday ...","Qaar ka mid ah kulliyadaha, oo ay ku jirto AM, ayaa horey u dammaanad qaaday inaysan kordhin doonin waxbarashadooda.",0
2252,Hindise sharciyeedka gobolka ayaa soo afjari doona shuruudihii muddada dheer ee ahaa in deegaanka...,Hindise-sharciyeedka gobolku waxa uu soo afjarayaa shuruudii muddada dheer u baahnayd ee ah in dawladaha hoose ay dayactiraan waddooyinka waaweyn iyo laamiyada-- oo ay ka horjoogsadaan muwaadiniinta dhaawaca ah in ay dacweeyaan dayactirka la dayacay.,0
2253,Qofka iga soo waxa uu ballan qaadayaa in uu soo celin doono shaqada hore isaga oo raba in uu iska tago...,Qofka iga soo horjeeda wuxuu ballan qaadayaa inuu soo celin doono shaqooyin hore isagoo u rajeeyay dhaqaalaha adduunka.,0
2254,Wuxuu sheegay in dib u habeynta daryeelka caafimaadka qaranka ay tahay mid ay dowladdu la wareegtay...,Waxa uu leeyahay dib u habaynta daryeelka caafimaadka qaranka waa la wareegida dawladda ee daryeelka caafimaadka.,0
2255,Xildhibaanada Aqalka Sare ayaa meel mariyay mushaar kordhin dhan $10...,"Xubnaha Congress-ka waxay ku ansixiyeen mushaar kordhin dhan $10,000 muddo laba sano ah xitaa iyagoo u codeeyay inaanan kor loo qaadin macaashka Lambarka Bulshada 2010 iyo 2011.",0
2256,Hindise sharciyeedka gobolka ayaa soo afjari doona shuruudihii muddada dheer ee ahaa in deegaanka...,Hindise-sharciyeedka gobolku waxa uu soo afjarayaa shuruudii muddada dheer u baahnayd ee ah in dawladaha hoose ay dayactiraan waddooyinka waaweyn iyo laamiyada-- oo ay ka horjoogsadaan muwaadiniinta dhaawaca ah in ay dacweeyaan dayactirka la dayacay.,0
2257,Waxa uu yidhi Mike Dovilla waxa uu taageersan yahay qorshe u ogolaan kara ajaanib...,Wuxuu yiri Mike Dovilla wuxuu taageersan yahay qorshe u oggolaanaya shirkad ajnabi ah inay la wareegto Ohio Turnpike,0
2258,Maraykanku kama mid ahayn 16 waddan oo David Pe...,Mareykanka ayaan ka mid ahayn 16 wadan oo David Perdue uu ku sheegay in Pillowtex uu shaqo ka abuuray.,0
2259,Ayaa sheegtay in dowladda federaalku ay amar ku bixisay in dadka aan galmoodka ahayn (sic) iyo h...,Ayaa sheegtay in dawladda federaalku ay amar ku bixinayso dadka aan isu galmoodin (sic) iyo khaniisiinta inay carruurta ku qabsanayaan aagagga khatarta ah ee shisheeyaha iyagoo adeegsanaya magaca ammaanka garoonka diyaaradaha.,0
2260,Guddiga dib u soo celinta dhaqangelinta ee gobolka ee dhawaan la sameeyay...,"Guddiga dib u eegista dhaqangelinta socdaalka ee gobolka ee dhawaan la sameeyay ayaa dhab ahaantii dacwayn kara, oo ku ridi kara [xukun] xabsiga, haddii aanu keenno xeer ilaaliyaha guud.",0
2261,Musharaxa senate-ka Mareykanka Jack Kingston waxa uu ku qarash gareeyay doollarkayaga canshuurta...,Musharaxa senate-ka ee Maraykanka Jack Kingston waxa uu doollarkayaga cashuurta ku kharash gareeyey kumanyaal calaamado wasakh ah.,0
2262,Shirkadda ay dawladdu kiraysanayso ee qiimaynaysa ardayda ay dawladdu u xilsaartay...,Shirkadda ay dawladdu kiraysanayso ee qiimeeya imtixaannada ardayda ee gobolku waajibiyay waxay ku baxaysaa Craigslist si ay u hesho imtaxaanayaal si ay u akhriyaan qoraallada ardaydeenna.,0
2263,Ayaa sheegay in Adeegga Boostada Maraykanku aanay qaadan wax gargaar cashuur bixiye ah tan iyo markii...,"Waxa uu leeyahay Adeegga Boostada Maraykanku ma qaadin wax gargaar cashuur bixiye ah ilaa 1971, waxa ay maalgelisaa hawlaha gabi ahaan iibinta stamps iyo alaabta la xidhiidha oo waxa ay samaysaa faa'iido hawl gal sanadba sanadka ka dambeeya.",0
2264,"Mashruuca Buffalos SolarCity, Andrew Cuomo wuxuu abuuri doonaa laga yaabee ...","Mashruuca Buffalos SolarCity, Andrew Cuomo wuxuu abuuri doonaa laga yaabee 500 shaqo haddii ay weligeed dhacdo, qiyaastii $1.5 milyan shaqa kasta.",0
2265,"Waxa uu sheegay in uu ahaa saldhigga gobolka Utah, uu markii la shaqeeyay s ...","Wuxuu sheegay in markii uu ahaa guddoomiyaha Utah, uu la shaqeeyay Sharci-dejinta gobolka si loo abuuro canshuur siman oo dhimaysa canshuurta dakhliga boqolkiiba 30.",0
2266,Frank Guinta ayaa u codeeyay in cashuur bixiyayaasha dabaqadda dhexe ay bixiyaan lacag ka badan...,"Frank Guinta ayaa u codeeyay in cashuur bixiyayaasha dabaqadda dhexe ay bixiyaan in ka badan $1,000 oo dheeraad ah sannadkii.",0
2267,Wuxuu yidhi Mitt Romney wuxuu taageeray sharci mamnuucaya dh...,"Wuxuu yidhi Mitt Romney wuxuu taageeray sharci mamnuucaya dhammaan ilmo iska soo rididda, xitaa kiisaska kufsiga iyo jinsiga.",0
2268,"Mashruuca Buffalos SolarCity, Andrew Cuomo wuxuu abuuri doonaa laga yaabee ...","Mashruuca Buffalos SolarCity, Andrew Cuomo wuxuu abuuri doonaa laga yaabee 500 shaqo haddii ay weligeed dhacdo, qiyaastii $1.5 milyan shaqa kasta.",0
2269,"Waxa uu sheegay in uu ahaa saldhigga gobolka Utah, uu markii la shaqeeyay s ...","Wuxuu sheegay in markii uu ahaa guddoomiyaha Utah, uu la shaqeeyay Sharci-dejinta gobolka si loo abuuro canshuur siman oo dhimaysa canshuurta dakhliga boqolkiiba 30.",0
2270,Magaalada Pembroke Pines ayaan wax cod ah ku lahayn qorshe lagu b...,Magaalada Pembroke Pines ayaan wax cod ah ku lahayn qorshaha lagu dhisayo xarun dadka lagu hayo ee Koonfur Galbeed Ranches.,0
2271,Saddex meelood labo meel Granite States ayaa kasoo horjeeda xisbiga Shaaha iyo xisbigiisa...,Saddex meelood laba meel Granite States waxay ka soo horjeedaan Xisbiga Shaaha iyo ajandihiisa ku saabsan ururada shaqaalaha.,0
2272,Magaalada Pembroke Pines ayaan wax cod ah ku lahayn qorshe lagu b...,Magaalada Pembroke Pines ayaan wax cod ah ku lahayn qorshaha lagu dhisayo xarun dadka lagu hayo ee Koonfur Galbeed Ranches.,0
2273,Xirmada dhiirigelinta waxaa ku jira sharci ka soo horjeeda Masiixi...,"Xirmada dhiirigelinta waxaa ku jira sharci lid ku ah Masiixiyiinta kaas oo joojin doona kaniisadaha inay u isticmaalaan dugsiyada dadweynaha kulannada axada, iyo sidoo kale Boy Scouts iyo kooxaha ardada barta Kitaabka Quduuska ah.",0
2274,(Madaxweyne Barack Obama) ayaa sheegay in shaqo la’aantu aysan waligeed g...,(Madaxweyne Barack Obama) wuxuu sheegay in shaqo la'aantu aysan weligeed dhaafi doonin 8 boqolkiiba haddii aan gudbino qorshaha kicinta.,0
2275,Musharaxa senate-ka Mareykanka Jack Kingston waxa uu ku qarash gareeyay doollarkayaga canshuurta...,Musharaxa senate-ka ee Maraykanka Jack Kingston waxa uu doollarkayaga cashuurta ku kharash gareeyey kumanyaal calaamado wasakh ah.,0
2276,Donald Trump ayaa sheegay in dowladda ay bixineyso qarashka ku baxaya...,Wuxuu yidhi Donald Trump wuxuu sheegay in dawladdu ay bixinayso kharashka qof walba si uu u helo daryeel caafimaad.,0
2277,Waxaa jira kharashyo maamul oo sarreeya marka aad ku deeqdo Haiti...,Waxaa jira kharashyo maamul oo sarreeya marka aad ku deeqdo gargaarka Haiti iyada oo loo marayo Mareegta Aqalka Cad.,0
2278,"Waxa uu sheegay in uu ahaa saldhigga gobolka Utah, uu markii la shaqeeyay s ...","Wuxuu sheegay in markii uu ahaa guddoomiyaha Utah, uu la shaqeeyay Sharci-dejinta gobolka si loo abuuro canshuur siman oo dhimaysa canshuurta dakhliga boqolkiiba 30.",0
2279,Ku dhawaad ​​800 oo qof ayaa diiday in laga baaro daroogada sababtoo ah...,Qiyaastii 800 oo qof ayaa diiday in la sameeyo baaris daroogo sababtoo ah waxay u joogaan mukhaadaraad.,0
2280,"Hadda, Golaha Wakiilada, waxaan leenahay 40 kala duwan oo j...","Hadda, Golaha Wakiillada, waxaanu haynaa 40 xeer oo kala duwan oo shaqo ah oo la ansixiyay oo ku dhawaad ​​dhamaantood ahaayeen laba xisbi.",0
2281,Ayaa sheegay in Adeegga Boostada Maraykanku aanay qaadan wax gargaar cashuur bixiye ah tan iyo markii...,"Waxa uu leeyahay Adeegga Boostada Maraykanku ma qaadin wax gargaar cashuur bixiye ah ilaa 1971, waxa ay maalgelisaa hawlaha gabi ahaan iibinta stamps iyo alaabta la xidhiidha oo waxa ay samaysaa faa'iido hawl gal sanadba sanadka ka dambeeya.",0
2282,(Madaxweyne Barack Obama) ayaa sheegay in shaqo la’aantu aysan waligeed g...,(Madaxweyne Barack Obama) wuxuu sheegay in shaqo la'aantu aysan weligeed dhaafi doonin 8 boqolkiiba haddii aan gudbino qorshaha kicinta.,0
2283,Marka kaliya ee shaqada dawladdu hoos u dhacday intii lagu jiray...,Marka kaliya ee shaqaalaynta dawladdu hoos u dhacday inta lagu jiro dhaqaale-xumada ayaa aniga hoos ii dhacday.,0
2284,Barasaabkii hore ee Alaska Sarah Palin ayaa ku saxnayd in madaxweynaha...,"Guddoomiyihii hore ee Alaska Sarah Palin waxay ku saxsanayd in sharciga daryeelka caafimaadka ee Madaxweyne Barack Obama uu abuuray waxa, dhab ahaan, noqon lahaa guddiyada dhimashada.",0
2285,Musharaxa senate-ka Mareykanka Jack Kingston waxa uu ku qarash gareeyay doollarkayaga canshuurta...,Musharaxa senate-ka ee Maraykanka Jack Kingston waxa uu doollarkayaga cashuurta ku kharash gareeyey kumanyaal calaamado wasakh ah.,0
2286,Saraakiisha Medicare waxay ula dhaqmeen Humana iyo AARP si aan is waafaqsanayn,Saraakiisha Medicare waxay ula dhaqmeen Humana iyo AARP si aan joogto ahayn sida ay ula xiriiri karaan waayeelka.,0
2287,Haddii Madaxweyne Obama saxiixo daawaynta isbedelka cimilada ee Copenhagen...,"Haddii madaxweyne Obama uu saxiixo heshiiska isbeddelka cimilada ee Copenhagen, wuxuu ""sixiixi doonaa xorriyaddaada, dimoqraadiyaddaada, iyo barwaaqadaada weligiin, adiga iyo dawlad kasta oo ku xigta oo aad dooran karto ma lahaan doonto wax awood ah si ay dib ugu soo celiso.""",0
2288,Waxaan bixinaa PhD-da sanad walba in ka badan jaamacad kale ee A...,Waxaan bixinaa PhDs ka badan sanad walba marka loo eego jaamacadaha kale ee Ameerika marka laga reebo Berkeley.,0
2289,Wuxuu sheegay in ay jiraan doollar federaal ah oo badan oo ku jira Gov. John Kasichs bud...,Wuxuu sheegay in ay jiraan doollar federaali ah oo ka badan qorshaha miisaaniyadda Gov. John Kasichs marka loo eego miisaaniyaddii hore ee gobolka.,0
2290,Walaalaha Koch keligood waxay siiyeen lacag laba jibaar ka badan Scott Wa...,Walaalaha Koch keligood waxay siiyeen laba laab lacag ka badan Scott Walker wadarta guud ee lacagta uu soo ururiyay Tom Barrett.,0
2291,Frank Guinta ayaa u codeeyay in cashuur bixiyayaasha dabaqadda dhexe ay bixiyaan lacag ka badan...,"Frank Guinta ayaa u codeeyay in cashuur bixiyayaasha dabaqadda dhexe ay bixiyaan in ka badan $1,000 oo dheeraad ah sannadkii.",0
2292,Boqolkiiba 95 lacagta loo isticmaalo ururka shaqaalaha wor...,Boqolkiiba shan iyo sagaashan lacagta loo isticmaalo xarumaha tababarka shaqaalaha ee ay ku shaqeeyaan ururka waxay ka yimaadaan loo shaqeeyayaasha.,0
2293,Boqolkiiba 95 lacagta loo isticmaalo ururka shaqaalaha wor...,Boqolkiiba shan iyo sagaashan lacagta loo isticmaalo xarumaha tababarka shaqaalaha ee ay ku shaqeeyaan ururka waxay ka yimaadaan loo shaqeeyayaasha.,0
2294,Haddii aad iibiso gurigaaga wixii ka dambeeya 2012 waxaad bixin doontaa boqolkiiba 3.8...,Haddii aad iibiso gurigaaga wixii ka dambeeya 2012 waxaad ka bixin doontaa boqolkiiba 3.8 canshuurta iibka.,0
2295,Waxaa jira kharashyo maamul oo sarreeya marka aad ku deeqdo Haiti...,Waxaa jira kharashyo maamul oo sarreeya marka aad ku deeqdo gargaarka Haiti iyada oo loo marayo Mareegta Aqalka Cad.,0
2296,"Keystone XL wuxuu u oggolaanayaa Kanada inay soo saarto saliiddooda, u dirto iyada oo loo marayo ...","Keystone XL wuxuu u oggolaanayaa Kanada inay soo saarto shidaalkooda, u dirto dhulkeena, ilaa Khaliijka, halkaas oo laga iibin doono meel kasta oo kale.",0
2297,Wuxuu yiri tababaraha kubbadda cagta Rex Ryan wuxuu ku guuleystay horyaalada ...,"Waxa uu yidhi tababaraha kubada cagta ee xirfada leh Rex Ryan ayaa ku guulaystay horyaalada New York. AFC, waxaan filayaa, laba jeer.",0
2298,Shirkadda ay dawladdu kiraysanayso ee qiimaynaysa ardayda ay dawladdu u xilsaartay...,Shirkadda ay dawladdu kiraysanayso ee qiimeeya imtixaannada ardayda ee gobolku waajibiyay waxay ku baxaysaa Craigslist si ay u hesho imtaxaanayaal si ay u akhriyaan qoraallada ardaydeenna.,0
2299,Magaalada Pembroke Pines ayaan wax cod ah ku lahayn qorshe lagu b...,Magaalada Pembroke Pines ayaan wax cod ah ku lahayn qorshaha lagu dhisayo xarun dadka lagu hayo ee Koonfur Galbeed Ranches.,0
2300,Wendy Davis waxay kaliya ku samaynaysay lacag ururin Chicago,Wendy Davis waxa ay Chicago ka samaynaysay dhaqaale ururin iyada oo la kaashanaysa ururka hantiwadaaga caalamiga ah.,0
2301,Maraykanku kama mid ahayn 16 waddan oo David Pe...,Mareykanka ayaan ka mid ahayn 16 wadan oo David Perdue uu ku sheegay in Pillowtex uu shaqo ka abuuray.,0
2302,"Hadda, Golaha Wakiilada, waxaan leenahay 40 kala duwan oo j...","Hadda, Golaha Wakiillada, waxaanu haynaa 40 xeer oo kala duwan oo shaqo ah oo la ansixiyay oo ku dhawaad ​​dhamaantood ahaayeen laba xisbi.",0
2303,Frank Guinta ayaa u codeeyay in cashuur bixiyayaasha dabaqadda dhexe ay bixiyaan lacag ka badan...,"Frank Guinta ayaa u codeeyay in cashuur bixiyayaasha dabaqadda dhexe ay bixiyaan in ka badan $1,000 oo dheeraad ah sannadkii.",0
2304,Qofka iga soo waxa uu ballan qaadayaa in uu soo celin doono shaqada hore isaga oo raba in uu iska tago...,Qofka iga soo horjeeda wuxuu ballan qaadayaa inuu soo celin doono shaqooyin hore isagoo u rajeeyay dhaqaalaha adduunka.,0
2305,Sen. Hutchison waxa uu ka tagey Jamhuuriyiintii oo uu la saftay Dimuqraadiga...,Sen. Hutchison wuu ka tagay Jamhuuriyiintii wuxuuna la istaagay Dimuqraadiyiinta si loo hubiyo in sharciga daryeelka caafimaadku si dhakhso ah u gudbi doono.,0
2306,Magaalada Pembroke Pines ayaan wax cod ah ku lahayn qorshe lagu b...,Magaalada Pembroke Pines ayaan wax cod ah ku lahayn qorshaha lagu dhisayo xarun dadka lagu hayo ee Koonfur Galbeed Ranches.,0
2307,Waxay qaadataa tamar aad u badan si loo sameeyo panel cadceedda sida ay u badan tahay g...,Waxay qaadataa tamar aad u badan si loo sameeyo alwaax qoraxda sida ay u badan tahay inay soo saarto nolosheeda oo dhan.,0
2308,Muwaadiniin Jarmal ah ayaa dawladoodii hub ka dhigis ku samaysay dhamaadkii...,"Muwaadiniinta Jarmalku waxa hub ka dhigis ku sameeyay dawladoodii dabayaaqadii 1930-meeyadii, taas oo u ogolaatay Naasiyiintii in ay fuliyaan ujeedooyinkooda xun iyaga oo iska caabin yar leh.",0
2309,"Ohio, waxaan ku maal galinay caruurteena, anagoo kordhinayna maalgelinta iskuulka...","Ohio, waxaanu maal galinay caruurteena, anagoo ku kordhinay maalgelinta dugsiga 5.5 boqolkiiba miisaaniyadii u dambaysay.",0
2310,Wendy Davis waxay kaliya ku samaynaysay lacag ururin Chicago,Wendy Davis waxa ay Chicago ka samaynaysay dhaqaale ururin iyada oo la kaashanaysa ururka hantiwadaaga caalamiga ah.,0
2311,"27-kii bilood ee la soo dhaafay, Madaxweyne Barack Obama waxa uu abuuray...","27-kii bilood ee la soo dhaafay, Madaxweyne Barack Obama waxa uu abuuray shaqooyin ka badan kuwa gaarka loo leeyahay marka loo eego soo kabashada Reagan.",0
2312,"Si qarsoodi ah, iyadoo aan la ogeyn xubnaha Congress-ka, in ka badan $105 biil...","Si qarsoodi ah, iyadoo aan la ogeyn xubnaha Congress-ka, in ka badan 105 bilyan ayaa lagu qariyay sharciga Obamacare.",0
2313,Miisaaniyadda Madaxweyne Barack Obama ayaa khatar ku ah amniga qaranka b...,Miisaaniyadda Madaxweyne Barack Obamas waxay khatar ku tahay amniga qaranka isagoo soo jeedinaya Ciidan ka kooban shaqaale ka yar kuwii aan haysanay ka hor Pearl Harbor.,0
2314,"Xiligii Madaxweyne Barack Obama, 8.3 (milyan) oo Maraykan ah ayaa ka yar ...","Xilligii Madaxweyne Barack Obama, 8.3 (milyan) oo Maraykan ah ayaa shaqeeya maanta in ka yar sidii ay ahaayeen afar sano ka hor.",0
2315,"Waxa uu sheegay in uu ahaa saldhigga gobolka Utah, uu markii la shaqeeyay s ...","Wuxuu sheegay in markii uu ahaa guddoomiyaha Utah, uu la shaqeeyay Sharci-dejinta gobolka si loo abuuro canshuur siman oo dhimaysa canshuurta dakhliga boqolkiiba 30.",0
2316,Waxaan bixinaa PhD-da sanad walba in ka badan jaamacad kale ee A...,Waxaan bixinaa PhDs ka badan sanad walba marka loo eego jaamacadaha kale ee Ameerika marka laga reebo Berkeley.,0
2317,"Keystone XL wuxuu u oggolaanayaa Kanada inay soo saarto saliiddooda, u dirto iyada oo loo marayo ...","Keystone XL wuxuu u oggolaanayaa Kanada inay soo saarto shidaalkooda, u dirto dhulkeena, ilaa Khaliijka, halkaas oo laga iibin doono meel kasta oo kale.",0
2318,Waxa uu yidhi Madaxweyne Obama waxa uu afduubay biilka beeraha (oo) waxa uu u rogay i...,Waxa uu yidhi Madaxweyne Obama waxa uu afduubay biilka beeraha (oo) waxa uu ka dhigay biilka cuntada.,0
2319,Nidaamka xogta ee la socda Common Core waxaa loo qaabeeyey t...,"Nidaamka xogta ee la socda Core Common waxaa loogu talagalay in lagu ururiyo ilaa 400 dhibcood ilmo kasta, taas oo ay ku jiri karto xogta shakhsi ahaan lagu aqoonsan karo.",0
2320,Waxaan u dhimi karnaa shaqo la'aanta kala bar si fudud annaga oo dib u soo ceshanno j...,Waxaan shaqo la'aanta u dhimi karnaa kala bar si fudud innagoo dib u soo ceshanayna shaqooyinkii ay qabteen shaqaalaha sharci darrada ah.,0
2321,Waxay qaadataa tamar aad u badan si loo sameeyo panel cadceedda sida ay u badan tahay g...,Waxay qaadataa tamar aad u badan si loo sameeyo alwaax qoraxda sida ay u badan tahay inay soo saarto nolosheeda oo dhan.,0
2322,Ayaa sheegtay in dowladda federaalku ay amar ku bixisay in dadka aan galmoodka ahayn (sic) iyo h...,Ayaa sheegtay in dawladda federaalku ay amar ku bixinayso dadka aan isu galmoodin (sic) iyo khaniisiinta inay carruurta ku qabsanayaan aagagga khatarta ah ee shisheeyaha iyagoo adeegsanaya magaca ammaanka garoonka diyaaradaha.,0
2323,"McCain ""wuxuu u codeeyay inuu dhimo maalgelinta waxbarashada, isagoo ka soo horjeeda la xisaabtanka","McCain ""wuxuu u codeeyay inuu dhimo maalgelinta waxbarashada, isagoo ka soo horjeeda heerarka isla xisaabtanka. Wuxuu xitaa soo jeediyay in la baabi'iyo Waaxda Waxbarashada.""",0
2324,Pentagon-ka ayaa ka dhigtay geesinimada tan iyo markii la shaaciyay ee POW Jessi ...,Pentagon-ka ayaa ka dhigtay geesinimada tan iyo markii la shaaciyay ee POW Jessica Lynch iyada oo isku dayday in ay ka fogaato qabashada Ciraaq.,0
2325,"In ka badan 100,000 oo haween ah oo ku nool Texas ayaa isku dayay in ay iskood isu soo dhisaan.","In ka badan 100,000 oo haween ah oo ku nool Texas ayaa isku dayay inay iskood iska soo xaaqaan sannadkii la soo dhaafay oo keliya.",0
2326,Saddex meelood labo ka mid ah dadka ku nool Wisconsin ayaa si adag uga soo horjeeda...,Saddex meelood laba meel dadka Wisconsin ayaa si adag uga soo horjeeda fikradan ah in si joogto ah looga qaado xuquuqda dadka ee gorgortanka wadajirka ah.,0
2327,Waxaa jira kharashyo maamul oo sarreeya marka aad ku deeqdo Haiti...,Waxaa jira kharashyo maamul oo sarreeya marka aad ku deeqdo gargaarka Haiti iyada oo loo marayo Mareegta Aqalka Cad.,0
2328,Wendy Davis waxay kaliya ku samaynaysay lacag ururin Chicago,Wendy Davis waxa ay Chicago ka samaynaysay dhaqaale ururin iyada oo la kaashanaysa ururka hantiwadaaga caalamiga ah.,0
2329,"Wuxuu yidhi Mitt Romney wuxuu taageeray sharcia dhammaan ilmo iska soo rididda, e...","Wuxuu yidhi Mitt Romney wuxuu taageeray sharci mamnuucaya dhammaan ilmo iska soo rididda, xitaa kiisaska kufsiga iyo jinsiga.",0
2330,"Mashruuca Buffalos SolarCity, Andrew Cuomo wuxuu abuuri doonaa laga yaabee ...","Mashruuca Buffalos SolarCity, Andrew Cuomo wuxuu abuuri doonaa laga yaabee 500 shaqo haddii ay weligeed dhacdo, qiyaastii $1.5 milyan shaqa kasta.",0
2331,"Xiligii Madaxweyne Barack Obama, 8.3 (milyan) oo Maraykan ah ayaa ka yar ...","Xilligii Madaxweyne Barack Obama, 8.3 (milyan) oo Maraykan ah ayaa shaqeeya maanta in ka yar sidii ay ahaayeen afar sano ka hor.",0
2332,Ayaa sheegtay in dowladda federaalku ay amar ku bixisay in dadka aan galmoodka ahayn (sic) iyo h...,Ayaa sheegtay in dawladda federaalku ay amar ku bixinayso dadka aan isu galmoodin (sic) iyo khaniisiinta inay carruurta ku qabsanayaan aagagga khatarta ah ee shisheeyaha iyagoo adeegsanaya magaca ammaanka garoonka diyaaradaha.,0
2333,"Hadda, Golaha Wakiilada, waxaan leenahay 40 kala duwan oo j...","Hadda, Golaha Wakiillada, waxaanu haynaa 40 xeer oo kala duwan oo shaqo ah oo la ansixiyay oo ku dhawaad ​​dhamaantood ahaayeen laba xisbi.",0
2334,Saddex meelood labo ka mid ah dadka ku nool Wisconsin ayaa si adag uga soo horjeeda...,Saddex meelood laba meel dadka Wisconsin ayaa si adag uga soo horjeeda fikradan ah in si joogto ah looga qaado xuquuqda dadka ee gorgortanka wadajirka ah.,0
2335,Miisaaniyadda Madaxweyne Barack Obama ayaa khatar ku ah amniga qaranka b...,Miisaaniyadda Madaxweyne Barack Obamas waxay khatar ku tahay amniga qaranka isagoo soo jeedinaya Ciidan ka kooban shaqaale ka yar kuwii aan haysanay ka hor Pearl Harbor.,0
2336,Wuxuu sheegay in dib u habeynta daryeelka caafimaadka qaranka ay tahay mid ay dowladdu la wareegtay...,Waxa uu leeyahay dib u habaynta daryeelka caafimaadka qaranka waa la wareegida dawladda ee daryeelka caafimaadka.,0
2337,Maraykanku kama mid ahayn 16 waddan oo David Pe...,Mareykanka ayaan ka mid ahayn 16 wadan oo David Perdue uu ku sheegay in Pillowtex uu shaqo ka abuuray.,0
2338,Ciidamada badda ayaa dacwad ku soo oogaya sarkaal ka tirsan ciidamada badda oo toogtay...,Ciidanka badda ayaa dacwad ku soo oogaya sarkaal ka tirsan ciidamada badda oo toogtay toogashadii Chattanooga ka dib markii uu si sharci darro ah hub ugu furay hanti federaal ah.,0
2339,Musharaxa senate-ka ee Maraykanka Jack Kingston waxa uu dool...,Musharaxa senate-ka ee Maraykanka Jack Kingston waxa uu doollarkayaga cashuurta ku kharash gareeyey kumanyaal calaamado wasakh ah.,0
2340,Xirmada dhiirigelinta waxaa ku jira sharci ka soo horjeeda Masiixi...,"Xirmada dhiirigelinta waxaa ku jira sharci lid ku ah Masiixiyiinta kaas oo joojin doona kaniisadaha inay u isticmaalaan dugsiyada dadweynaha kulannada axada, iyo sidoo kale Boy Scouts iyo kooxaha ardada barta Kitaabka Quduuska ah.",0
2341,"Mashruuca Buffalos SolarCity, Andrew Cuomo wuxuu abuuri doonaa laga yaabee ...","Mashruuca Buffalos SolarCity, Andrew Cuomo wuxuu abuuri doonaa laga yaabee 500 shaqo haddii ay weligeed dhacdo, qiyaastii $1.5 milyan shaqa kasta.",0
2342,Barnaamijka aroornimo ee soo bandhiga wararka gogoldhaca u a...,Barnaamijka aroornimo ee soo bandhiga wararka gogoldhaca u ah maalinta iyo cayaaraha. Barnaamij aan ku eegno wararkii ugu dambeeyay ee caalamka iyo Soomaalida. Barnaamijka aroornimo ee soo bandhiga wararka gogoldhaca u ah maalinta iyo cayaaraha. Barnaamij aan ku eegno wararkii ugu dambeeyay ee caalamka iyo Soomaalida. Barnaamijka aroornimo ee soo bandhiga wararka gogoldhaca u ah maalinta iyo cayaaraha.,0
2343,"In ka badan 100,000 oo haween ah oo ku nool Texas ayaa isku dayay in ay iskood isu soo dhisaan.","In ka badan 100,000 oo haween ah oo ku nool Texas ayaa isku dayay inay iskood iska soo xaaqaan sannadkii la soo dhaafay oo keliya.",0
2344,Musharaxa senate-ka Mareykanka Jack Kingston waxa uu ku qarash gareeyay doollarkayaga canshuurta...,Musharaxa senate-ka ee Maraykanka Jack Kingston waxa uu doollarkayaga cashuurta ku kharash gareeyey kumanyaal calaamado wasakh ah.,0
2345,Madaxweyne Obama ayaa sheegay in shaqo la’aanta ay ka hooseyso 8...,Waxa uu yidhi Madaxweyne Obama waxa uu ballan qaaday in shaqo la'aanta ay ka hoosayso 8 boqolkiiba haddii kicinta la dhaafo.,0
2346,Shirkadda ay dawladdu kiraysanayso ee qiimaynaysa ardayda ay dawladdu u xilsaartay...,Shirkadda ay dawladdu kiraysanayso ee qiimeeya imtixaannada ardayda ee gobolku waajibiyay waxay ku baxaysaa Craigslist si ay u hesho imtaxaanayaal si ay u akhriyaan qoraallada ardaydeenna.,0
2347,Hindise sharciyeedka gobolka ayaa soo afjari doona shuruudihii muddada dheer ee ahaa in deegaanka...,Hindise-sharciyeedka gobolku waxa uu soo afjarayaa shuruudii muddada dheer u baahnayd ee ah in dawladaha hoose ay dayactiraan waddooyinka waaweyn iyo laamiyada-- oo ay ka horjoogsadaan muwaadiniinta dhaawaca ah in ay dacweeyaan dayactirka la dayacay.,0
2348,"Hadda, Golaha Wakiilada, waxaan leenahay 40 kala duwan oo j...","Hadda, Golaha Wakiillada, waxaanu haynaa 40 xeer oo kala duwan oo shaqo ah oo la ansixiyay oo ku dhawaad ​​dhamaantood ahaayeen laba xisbi.",0
2349,Ku dhawaad ​​800 oo qof ayaa diiday in laga baaro daroogada sababtoo ah...,Qiyaastii 800 oo qof ayaa diiday in la sameeyo baaris daroogo sababtoo ah waxay u joogaan mukhaadaraad.,0
2350,Haddii aad iibiso gurigaaga wixii ka dambeeya 2012 waxaad bixin doontaa boqolkiiba 3.8...,Haddii aad iibiso gurigaaga wixii ka dambeeya 2012 waxaad ka bixin doontaa boqolkiiba 3.8 canshuurta iibka.,0
2351,"In ka badan 100,000 oo haween ah oo ku nool Texas ayaa isku ...","In ka badan 100,000 oo haween ah oo ku nool Texas ayaa isku dayay inay iskood iska soo xaaqaan sannadkii la soo dhaafay oo keliya.",0
2352,Waxaan ka mid ahaa kuwii ugu horreeyay ee dhaleeceeya ku degdegista dagaalka (Ir...,"Waxaan ka mid ahaa kuwii ugu horreeyay ee dhaleeceeya degdegga ah ee dagaalka (Ciraaq), iyo haa, xitaa ka hor inta uusan dagaalku bilaaban.",0
2353,Frank Guinta ayaa u codeeyay in cashuur bixiyayaasha dabaqadda dhexe ay bixiyaan lacag ka badan...,"Frank Guinta ayaa u codeeyay in cashuur bixiyayaasha dabaqadda dhexe ay bixiyaan in ka badan $1,000 oo dheeraad ah sannadkii.",0
2354,Waxa uu sheegay in Madaxweyne Barack Obama uu ballan qaaday inuu la shaqeyn doono...,"Waxa uu sheegay in iyada oo Madaxweyne Barack Obama uu ballan qaaday in uu la shaqayn doono loo-shaqeeyahaaga si uu hoos ugu dhigo khidmadahaaga $2,500 qoyskiiba sannadkii, sharcigiisa daryeelka caafimaadku waxa uu kor u qaadayaa khidmadaha suuqa gaarka ah $2,100 qoyskiiba.",0
2355,"Wuxuu yidhi Mitt Romney wuxuu taageeray sharcia dhammaan ilmo iska soo rididda, e...","Wuxuu yidhi Mitt Romney wuxuu taageeray sharci mamnuucaya dhammaan ilmo iska soo rididda, xitaa kiisaska kufsiga iyo jinsiga.",0
2356,Ayaa sheegay in Adeegga Boostada Maraykanku aanay qaadan wax gargaar cashuur bixiye ah tan iyo markii...,"Waxa uu leeyahay Adeegga Boostada Maraykanku ma qaadin wax gargaar cashuur bixiye ah ilaa 1971, waxa ay maalgelisaa hawlaha gabi ahaan iibinta stamps iyo alaabta la xidhiidha oo waxa ay samaysaa faa'iido hawl gal sanadba sanadka ka dambeeya.",0
2357,Xildhibaanada Aqalka Sare ayaa meel mariyay mushaar kordhin dhan $10...,"Xubnaha Congress-ka waxay ku ansixiyeen mushaar kordhin dhan $10,000 muddo laba sano ah xitaa iyagoo u codeeyay inaanan kor loo qaadin macaashka Lambarka Bulshada 2010 iyo 2011.",0
2358,Guddoomiyihii hore ee Alaska Sarah Palin waxay ku saxsanayd ...,"Guddoomiyihii hore ee Alaska Sarah Palin waxay ku saxsanayd in sharciga daryeelka caafimaadka ee Madaxweyne Barack Obama uu abuuray waxa, dhab ahaan, noqon lahaa guddiyada dhimashada.",0
2359,Magaalada Pembroke Pines ayaan wax cod ah ku lahayn qorshe lagu b...,Magaalada Pembroke Pines ayaan wax cod ah ku lahayn qorshaha lagu dhisayo xarun dadka lagu hayo ee Koonfur Galbeed Ranches.,0
2360,Nidaamka xogta ee la socda Core Common waxaa loogu talagalay...,"Nidaamka xogta ee la socda Core Common waxaa loogu talagalay in lagu ururiyo ilaa 400 dhibcood ilmo kasta, taas oo ay ku jiri karto xogta shakhsi ahaan lagu aqoonsan karo.",0
2361,Saddex meelood labo ka mid ah dadka ku nool Wisconsin ayaa si adag uga soo horjeeda...,Saddex meelood laba meel dadka Wisconsin ayaa si adag uga soo horjeeda fikradan ah in si joogto ah looga qaado xuquuqda dadka ee gorgortanka wadajirka ah.,0
2362,Waxa uu yidhi Madaxweyne Obama waxa uu afduubay biilka beeraha (oo) waxa uu u rogay i...,Waxa uu yidhi Madaxweyne Obama waxa uu afduubay biilka beeraha (oo) waxa uu ka dhigay biilka cuntada.,0
2363,Madaxweyne Obama ayaa sheegay in shaqo la’aanta ay ka hooseyso 8...,Waxa uu yidhi Madaxweyne Obama waxa uu ballan qaaday in shaqo la'aanta ay ka hoosayso 8 boqolkiiba haddii kicinta la dhaafo.,0
2364,"Qaar ka mid ah kulliyadaha, oo ay ku jiraan AM, ayaa horey u dammaanad qaaday ...","Qaar ka mid ah kulliyadaha, oo ay ku jirto AM, ayaa horey u dammaanad qaaday inaysan kordhin doonin waxbarashadooda.",0
2365,Waxaa jira kharashyo maamul oo sarreeya marka aad ku deeqdo Haiti...,Waxaa jira kharashyo maamul oo sarreeya marka aad ku deeqdo gargaarka Haiti iyada oo loo marayo Mareegta Aqalka Cad.,0
2366,Wendy Davis waxay kaliya ku samaynaysay lacag ururin Chicago,Wendy Davis waxa ay Chicago ka samaynaysay dhaqaale ururin iyada oo la kaashanaysa ururka hantiwadaaga caalamiga ah.,0
2367,Waxaa jira kharashyo maamul oo sarreeya marka aad ku deeqdo Haiti...,Waxaa jira kharashyo maamul oo sarreeya marka aad ku deeqdo gargaarka Haiti iyada oo loo marayo Mareegta Aqalka Cad.,0
2368,Waxay tiri Cathy Jordan waa la xiray oo laga soo saaray gurigeeda b...,Waxay tiri Cathy Jordan ayaa la xiray oo ay ka soo saareen gurigeeda koox SWAT ah oo hooligan ah si ay u isticmaasho marijuana caafimaad.,0
2369,"Keystone XL wuxuu u oggolaanayaa Kanada inay soo saarto saliiddooda, u dirto iyada oo loo marayo ...","Keystone XL wuxuu u oggolaanayaa Kanada inay soo saarto shidaalkooda, u dirto dhulkeena, ilaa Khaliijka, halkaas oo laga iibin doono meel kasta oo kale.",0
2370,Wuxuu sheegay in dib u habeynta daryeelka caafimaadka qaranka ay tahay mid ay dowladdu la wareegtay...,Waxa uu leeyahay dib u habaynta daryeelka caafimaadka qaranka waa la wareegida dawladda ee daryeelka caafimaadka.,0
2371,Bal eeg waxa uu agaasimaha FBI-da ka yidhi iyada (Hillary C...,Bal u fiirso waxa uu agaasimaha FBI-da ka yidhi (Hillary Clinton) dhaqan-xumada ay samaysay waa ceeb iyo ceeb dalkeena.,0
2372,Guddiga dib u soo celinta dhaqangelinta ee gobolka ee dhawaan la sameeyay...,"Guddiga dib u eegista dhaqangelinta socdaalka ee gobolka ee dhawaan la sameeyay ayaa dhab ahaantii dacwayn kara, oo ku ridi kara [xukun] xabsiga, haddii aanu keenno xeer ilaaliyaha guud.",0
2373,Boqolkiiba 95 lacagta loo isticmaalo ururka shaqaalaha wor...,Boqolkiiba shan iyo sagaashan lacagta loo isticmaalo xarumaha tababarka shaqaalaha ee ay ku shaqeeyaan ururka waxay ka yimaadaan loo shaqeeyayaasha.,0
2374,Barasaabkii hore ee Alaska Sarah Palin ayaa ku saxnayd in madaxweynaha...,"Guddoomiyihii hore ee Alaska Sarah Palin waxay ku saxsanayd in sharciga daryeelka caafimaadka ee Madaxweyne Barack Obama uu abuuray waxa, dhab ahaan, noqon lahaa guddiyada dhimashada.",0
2375,"McCain ""wuxuu u codeeyay inuu dhimo maalgelinta waxbarashada, isagoo ka soo horjeeda la xisaabtanka","McCain ""wuxuu u codeeyay inuu dhimo maalgelinta waxbarashada, isagoo ka soo horjeeda heerarka isla xisaabtanka. Wuxuu xitaa soo jeediyay in la baabi'iyo Waaxda Waxbarashada.""",0
2376,Waxa uu yidhi Mike Dovilla waxa uu taageersan yahay qorshe u ogolaan kara ajaanib...,Wuxuu yiri Mike Dovilla wuxuu taageersan yahay qorshe u oggolaanaya shirkad ajnabi ah inay la wareegto Ohio Turnpike,0
2377,"Wuxuu yidhi Mitt Romney wuxuu taageeray sharcia dhammaan ilmo iska soo rididda, e...","Wuxuu yidhi Mitt Romney wuxuu taageeray sharci mamnuucaya dhammaan ilmo iska soo rididda, xitaa kiisaska kufsiga iyo jinsiga.",0
2378,Madaxweyne Obama ayaa sheegay in shaqo la’aanta ay ka hooseyso 8...,Waxa uu yidhi Madaxweyne Obama waxa uu ballan qaaday in shaqo la'aanta ay ka hoosayso 8 boqolkiiba haddii kicinta la dhaafo.,0
2379,Waxay tiri Cathy Jordan waa la xiray oo laga soo saaray gurigeeda b...,Waxay tiri Cathy Jordan ayaa la xiray oo ay ka soo saareen gurigeeda koox SWAT ah oo hooligan ah si ay u isticmaasho marijuana caafimaad.,0
2380,Wuxuu sheegay in qaraarka Senate-ka uu soo celin doono $140 bishiiba...,Wuxuu sheegay in qaraarka Senate-ka uu soo celin doono $140 lacagihii kaalmada guud ee bishii iyo ka hortagga dadka inay dambi galaan.,0
2381,Maxay ahaayeen hoos u dhacii sanadlaha ahaa ee Jamhuuriga hadda...,Maxay ahaayeen khasaare sanadeedkii hore ee Jamhuuriyiinta ayaa hadda noqday hoos u dhacyada billaha ah ee hoos yimaada Dimuqraadiyiinta.,0
2382,Wuxuu yiri tababaraha kubbadda cagta Rex Ryan wuxuu ku guuleystay horyaalada ...,"Waxa uu yidhi tababaraha kubada cagta ee xirfada leh Rex Ryan ayaa ku guulaystay horyaalada New York. AFC, waxaan filayaa, laba jeer.",0
2383,Xirmada dhiirigelinta waxaa ku jira sharci ka soo horjeeda Masiixi...,"Xirmada dhiirigelinta waxaa ku jira sharci lid ku ah Masiixiyiinta kaas oo joojin doona kaniisadaha inay u isticmaalaan dugsiyada dadweynaha kulannada axada, iyo sidoo kale Boy Scouts iyo kooxaha ardada barta Kitaabka Quduuska ah.",0
2384,Waxa uu sheegay in Madaxweyne Barack Obama uu ballan qaaday inuu la shaqeyn doono...,"Waxa uu sheegay in iyada oo Madaxweyne Barack Obama uu ballan qaaday in uu la shaqayn doono loo-shaqeeyahaaga si uu hoos ugu dhigo khidmadahaaga $2,500 qoyskiiba sannadkii, sharcigiisa daryeelka caafimaadku waxa uu kor u qaadayaa khidmadaha suuqa gaarka ah $2,100 qoyskiiba.",0
2385,Ku dhawaad ​​800 oo qof ayaa diiday in laga baaro daroogada sababtoo ah...,Qiyaastii 800 oo qof ayaa diiday in la sameeyo baaris daroogo sababtoo ah waxay u joogaan mukhaadaraad.,0
2386,Ku dhawaad ​​800 oo qof ayaa diiday in laga baaro daroogada sababtoo ah...,Qiyaastii 800 oo qof ayaa diiday in la sameeyo baaris daroogo sababtoo ah waxay u joogaan mukhaadaraad.,0
2387,Saddex meelood labo ka mid ah dadka ku nool Wisconsin ayaa si adag uga soo horjeeda...,Saddex meelood laba meel dadka Wisconsin ayaa si adag uga soo horjeeda fikradan ah in si joogto ah looga qaado xuquuqda dadka ee gorgortanka wadajirka ah.,0
2388,Guddiga dib u soo celinta dhaqangelinta ee gobolka ee dhawaan la sameeyay...,"Guddiga dib u eegista dhaqangelinta socdaalka ee gobolka ee dhawaan la sameeyay ayaa dhab ahaantii dacwayn kara, oo ku ridi kara [xukun] xabsiga, haddii aanu keenno xeer ilaaliyaha guud.",0
2389,"Barack Obama ""wuxuu doonayaa in dowladda ay la wareegto daryeelka caafimaadka,...","Barack Obama ""wuxuu rabaa in dowladdu ay la wareegto daryeelka caafimaadka, ku bixiso boqolaal bilyan oo doolar oo lacag cusub ah caymiska caafimaadka qof walba.""",0
2390,(Madaxweyne Barack Obama) ayaa sheegay in shaqo la’aantu aysan waligeed g...,(Madaxweyne Barack Obama) wuxuu sheegay in shaqo la'aantu aysan weligeed dhaafi doonin 8 boqolkiiba haddii aan gudbino qorshaha kicinta.,0
2391,Codbixinta ayaa muujineysa in Floridians aysan dooneynin inay baabi'iyaan lacagta la awoodi karo…,Ra'yi ururintu waxay muujinayaan in Floridians aysan rabin inay tirtiraan Sharciga Daryeelka La awoodi karo.,0
2392,Waajibaadka daryeelka caafimaadku wuxuu u baahan doonaa xadhig iyo ganaax...,Waajibaadka daryeelka caafimaadku waxay u baahan doontaa xadhig iyo ganaax lacageed dadka Maraykanka ah ee aan awoodin inay iibsadaan caymis ama bixiyaan ganaaxyo culus oo dawladeed.,0
2393,"Waxaan leenahay magaalooyin ku yaal Galbeedka Texas oo aan biyuhu lahayn, kuwaas oo ah ...","Waxaan leenahay magaalooyin ku yaal Galbeedka Texas oo ay ka maqan yihiin biyaha, kuwaas oo ay tahay in ay biyo ku dhaamiyaan.",0
2394,Test news message,Test news message,0
2395,"Qaar ka mid ah kulliyadaha, oo ay ku jiraan AM, ayaa horey u dammaanad qaaday ...","Qaar ka mid ah kulliyadaha, oo ay ku jirto AM, ayaa horey u dammaanad qaaday inaysan kordhin doonin waxbarashadooda.",0
2396,"Waxaan leenahay magaalooyin ku yaal Galbeedka Texas oo aan biyuhu lahayn, kuwaas oo ah ...","Waxaan leenahay magaalooyin ku yaal Galbeedka Texas oo ay ka maqan yihiin biyaha, kuwaas oo ay tahay in ay biyo ku dhaamiyaan.",0
2397,Haddii Madaxweyne Obama saxiixo daawaynta isbedelka cimilada ee Copenhagen...,"Haddii madaxweyne Obama uu saxiixo heshiiska isbeddelka cimilada ee Copenhagen, wuxuu ""sixiixi doonaa xorriyaddaada, dimoqraadiyaddaada, iyo barwaaqadaada weligiin, adiga iyo dawlad kasta oo ku xigta oo aad dooran karto ma lahaan doonto wax awood ah si ay dib ugu soo celiso.""",0
2398,Is-dilku wuxuu ka yimaadaa dawladda dhexe ee waaweyn oo leh ...,Is-dilku wuxuu ka yimaadaa dawladda dhexe ee waaweyn oo leh waxba uma qalantid laakiin waxaad ku heli doontaa wax aan waxba ahayn.,0
2399,Shirkadda ay dawladdu kiraysanayso ee qiimaynaysa ardayda ay dawladdu u xilsaartay...,Shirkadda ay dawladdu kiraysanayso ee qiimeeya imtixaannada ardayda ee gobolku waajibiyay waxay ku baxaysaa Craigslist si ay u hesho imtaxaanayaal si ay u akhriyaan qoraallada ardaydeenna.,0
2400,"Barack Obama ""wuxuu doonayaa in dowladda ay la wareegto daryeelka caafimaadka,...","Barack Obama ""wuxuu rabaa in dowladdu ay la wareegto daryeelka caafimaadka, ku bixiso boqolaal bilyan oo doolar oo lacag cusub ah caymiska caafimaadka qof walba.""",0
2401,"27-kii bilood ee la soo dhaafay, Madaxweyne Barack Obama waxa uu abuuray...","27-kii bilood ee la soo dhaafay, Madaxweyne Barack Obama waxa uu abuuray shaqooyin ka badan kuwa gaarka loo leeyahay marka loo eego soo kabashada Reagan.",0
2402,Waxa uu sheegay in Madaxweyne Barack Obama uu ballan qaaday inuu la shaqeyn doono...,"Waxa uu sheegay in iyada oo Madaxweyne Barack Obama uu ballan qaaday in uu la shaqayn doono loo-shaqeeyahaaga si uu hoos ugu dhigo khidmadahaaga $2,500 qoyskiiba sannadkii, sharcigiisa daryeelka caafimaadku waxa uu kor u qaadayaa khidmadaha suuqa gaarka ah $2,100 qoyskiiba.",0
2403,Waxa uu yidhi Mike Dovilla waxa uu taageersan yahay qorshe u ogolaan kara ajaanib...,Wuxuu yiri Mike Dovilla wuxuu taageersan yahay qorshe u oggolaanaya shirkad ajnabi ah inay la wareegto Ohio Turnpike,0
2404,Wuxuu sheegay in qaraarka Senate-ka uu soo celin doono $140 bishiiba...,Wuxuu sheegay in qaraarka Senate-ka uu soo celin doono $140 lacagihii kaalmada guud ee bishii iyo ka hortagga dadka inay dambi galaan.,0
2405,Waxaa jira kharashyo maamul oo sarreeya marka aad ku deeqdo Haiti...,Waxaa jira kharashyo maamul oo sarreeya marka aad ku deeqdo gargaarka Haiti iyada oo loo marayo Mareegta Aqalka Cad.,0
2406,Madaxweyne Obama ayaa sheegay in shaqo la’aanta ay ka hooseyso 8...,Waxa uu yidhi Madaxweyne Obama waxa uu ballan qaaday in shaqo la'aanta ay ka hoosayso 8 boqolkiiba haddii kicinta la dhaafo.,0
2407,Haddii Madaxweyne Obama saxiixo daawaynta isbedelka cimilada ee Copenhagen...,"Haddii madaxweyne Obama uu saxiixo heshiiska isbeddelka cimilada ee Copenhagen, wuxuu ""sixiixi doonaa xorriyaddaada, dimoqraadiyaddaada, iyo barwaaqadaada weligiin, adiga iyo dawlad kasta oo ku xigta oo aad dooran karto ma lahaan doonto wax awood ah si ay dib ugu soo celiso.""",0
2408,(Madaxweyne Barack Obama) ayaa sheegay in shaqo la’aantu aysan waligeed g...,(Madaxweyne Barack Obama) wuxuu sheegay in shaqo la'aantu aysan weligeed dhaafi doonin 8 boqolkiiba haddii aan gudbino qorshaha kicinta.,0
2409,Hindise sharciyeedka gobolka ayaa soo afjari doona shuruudihii muddada dheer ee ahaa in deegaanka...,Hindise-sharciyeedka gobolku waxa uu soo afjarayaa shuruudii muddada dheer u baahnayd ee ah in dawladaha hoose ay dayactiraan waddooyinka waaweyn iyo laamiyada-- oo ay ka horjoogsadaan muwaadiniinta dhaawaca ah in ay dacweeyaan dayactirka la dayacay.,0
2410,Boqolkiiba 95 lacagta loo isticmaalo ururka shaqaalaha wor...,Boqolkiiba shan iyo sagaashan lacagta loo isticmaalo xarumaha tababarka shaqaalaha ee ay ku shaqeeyaan ururka waxay ka yimaadaan loo shaqeeyayaasha.,0
2411,Waxa uu sheegay in Madaxweyne Barack Obama uu ballan qaaday inuu la shaqeyn doono...,"Waxa uu sheegay in iyada oo Madaxweyne Barack Obama uu ballan qaaday in uu la shaqayn doono loo-shaqeeyahaaga si uu hoos ugu dhigo khidmadahaaga $2,500 qoyskiiba sannadkii, sharcigiisa daryeelka caafimaadku waxa uu kor u qaadayaa khidmadaha suuqa gaarka ah $2,100 qoyskiiba.",0
2412,Waxaan bixinaa PhD-da sanad walba in ka badan jaamacad kale ee A...,Waxaan bixinaa PhDs ka badan sanad walba marka loo eego jaamacadaha kale ee Ameerika marka laga reebo Berkeley.,0
2413,Musharaxa senate-ka Mareykanka Jack Kingston waxa uu ku qarash gareeyay doollarkayaga canshuurta...,Musharaxa senate-ka ee Maraykanka Jack Kingston waxa uu doollarkayaga cashuurta ku kharash gareeyey kumanyaal calaamado wasakh ah.,0
2414,Waxa uu sheegay in Madaxweyne Barack Obama uu ballan qaaday inuu la shaqeyn doono...,"Waxa uu sheegay in iyada oo Madaxweyne Barack Obama uu ballan qaaday in uu la shaqayn doono loo-shaqeeyahaaga si uu hoos ugu dhigo khidmadahaaga $2,500 qoyskiiba sannadkii, sharcigiisa daryeelka caafimaadku waxa uu kor u qaadayaa khidmadaha suuqa gaarka ah $2,100 qoyskiiba.",0
2415,"Barack Obama ""wuxuu doonayaa in dowladda ay la wareegto daryeelka caafimaadka,...","Barack Obama ""wuxuu rabaa in dowladdu ay la wareegto daryeelka caafimaadka, ku bixiso boqolaal bilyan oo doolar oo lacag cusub ah caymiska caafimaadka qof walba.""",0
2416,Waxaan ka mid ahaa kuwii ugu horreeyay ee dhaleeceeya ku degdegista dagaalka (Ir...,"Waxaan ka mid ahaa kuwii ugu horreeyay ee dhaleeceeya degdegga ah ee dagaalka (Ciraaq), iyo haa, xitaa ka hor inta uusan dagaalku bilaaban.",0
2417,Waxay tiri Cathy Jordan waa la xiray oo laga soo saaray gurigeeda b...,Waxay tiri Cathy Jordan ayaa la xiray oo ay ka soo saareen gurigeeda koox SWAT ah oo hooligan ah si ay u isticmaasho marijuana caafimaad.,0
2418,Wuxuu yiri xildhibaanka Miami Carlos Curbelo wuxuu taageersan yahay qodista qodista...,Waxa uu yidhi xildhibaanka Miami Carlos Curbelo waxa uu taageersan yahay qodista xeebaha waxana uu si isdaba joog ah uga codeeyay awoodda madaxweyne Obama ee la dagaalanka wasakhowga iyo la dagaalanka isbedelka cimilada.,0
2419,(Madaxweyne Barack Obama) ayaa sheegay in shaqo la’aantu aysan waligeed g...,(Madaxweyne Barack Obama) wuxuu sheegay in shaqo la'aantu aysan weligeed dhaafi doonin 8 boqolkiiba haddii aan gudbino qorshaha kicinta.,0
2420,Guddiga dib u soo celinta dhaqangelinta ee gobolka ee dhawaan la sameeyay...,"Guddiga dib u eegista dhaqangelinta socdaalka ee gobolka ee dhawaan la sameeyay ayaa dhab ahaantii dacwayn kara, oo ku ridi kara [xukun] xabsiga, haddii aanu keenno xeer ilaaliyaha guud.",0
2421,Wuxuu sheegay in ay jiraan doollar federaal ah oo badan oo ku jira Gov. John Kasichs bud...,Wuxuu sheegay in ay jiraan doollar federaali ah oo ka badan qorshaha miisaaniyadda Gov. John Kasichs marka loo eego miisaaniyaddii hore ee gobolka.,0
2422,Waxay leedahay warbaahintu waxay abuurtay ereyga polar vortex iyo qabow ai...,Waxay leedahay warbaahintu waxay abuurtay ereyga polar vortex hawada qabowna waxay caddaynaysaa in barafku aanu dhalaalinayn.,0
2423,Codbixinta ayaa muujineysa in Floridians aysan dooneynin inay baabi'iyaan lacagta la awoodi karo…,Ra'yi ururintu waxay muujinayaan in Floridians aysan rabin inay tirtiraan Sharciga Daryeelka La awoodi karo.,0
2424,Adigoo isticmaalaya daldaloolo yar oo la yaqaan ... Minions Obama waa la oggol yahay ...,Adigoo isticmaalaya daldaloolo yar oo la yaqaan ... Minions Obama waxay u oggolaanayaan Shirkadda Nestle inay ka dhoofiso biyaha macaan ee qaaliga ah harada Michigan.,0
2425,Maxay ahaayeen hoos u dhacii sanadlaha ahaa ee Jamhuuriga hadda...,Maxay ahaayeen khasaare sanadeedkii hore ee Jamhuuriyiinta ayaa hadda noqday hoos u dhacyada billaha ah ee hoos yimaada Dimuqraadiyiinta.,0
2426,Ku dhawaad ​​800 oo qof ayaa diiday in laga baaro daroogada sababtoo ah...,Qiyaastii 800 oo qof ayaa diiday in la sameeyo baaris daroogo sababtoo ah waxay u joogaan mukhaadaraad.,0
2427,Haddii Madaxweyne Obama saxiixo daawaynta isbedelka cimilada ee Copenhagen...,"Haddii madaxweyne Obama uu saxiixo heshiiska isbeddelka cimilada ee Copenhagen, wuxuu ""sixiixi doonaa xorriyaddaada, dimoqraadiyaddaada, iyo barwaaqadaada weligiin, adiga iyo dawlad kasta oo ku xigta oo aad dooran karto ma lahaan doonto wax awood ah si ay dib ugu soo celiso.""",0
2428,Wuxuu yiri xildhibaanka Miami Carlos Curbelo wuxuu taageersan yahay qodista qodista...,Waxa uu yidhi xildhibaanka Miami Carlos Curbelo waxa uu taageersan yahay qodista xeebaha waxana uu si isdaba joog ah uga codeeyay awoodda madaxweyne Obama ee la dagaalanka wasakhowga iyo la dagaalanka isbedelka cimilada.,0
2429,Waxaan bixinaa PhD-da sanad walba in ka badan jaamacad kale ee A...,Waxaan bixinaa PhDs ka badan sanad walba marka loo eego jaamacadaha kale ee Ameerika marka laga reebo Berkeley.,0
2430,Walaalaha Koch keligood waxay siiyeen lacag laba jibaar ka badan Scott Wa...,Walaalaha Koch keligood waxay siiyeen laba laab lacag ka badan Scott Walker wadarta guud ee lacagta uu soo ururiyay Tom Barrett.,0
2431,"Inkasta oo ay ka soo horjeesteen naadiga qaranka ee kobaca, naadiga G...","In kasta oo ay ka soo horjeedaan Naadiga kobaca qaranka, Naadiga Kobaca Wisconsin ayaa u ansixiyay Senetka Mareykanka.",0
2432,Wuxuu yiri Ron Johnson run ahaantii waxba ma uusan qaban si uu ula dagaallamo geesiga ...,Wuxuu yidhi Ron Johnson run ahaantii waxba ma uu samayn si uu ula dagaallamo balwadda heroin-ka iyo xad-gudubka opioid.,0
2433,"Waxa uu sheegay in uu ahaa saldhigga gobolka Utah, uu markii la shaqeeyay s ...","Wuxuu sheegay in markii uu ahaa guddoomiyaha Utah, uu la shaqeeyay Sharci-dejinta gobolka si loo abuuro canshuur siman oo dhimaysa canshuurta dakhliga boqolkiiba 30.",0
2434,Marka kaliya ee shaqada dawladdu hoos u dhacday intii lagu jiray...,Marka kaliya ee shaqaalaynta dawladdu hoos u dhacday inta lagu jiro dhaqaale-xumada ayaa aniga hoos ii dhacday.,0
2435,Saddex meelood labo ka mid ah dadka ku nool Wisconsin ayaa si adag uga soo horjeeda...,Saddex meelood laba meel dadka Wisconsin ayaa si adag uga soo horjeeda fikradan ah in si joogto ah looga qaado xuquuqda dadka ee gorgortanka wadajirka ah.,0
2436,Shirkadda ay dawladdu kiraysanayso ee qiimaynaysa ardayda ay dawladdu u xilsaartay...,Shirkadda ay dawladdu kiraysanayso ee qiimeeya imtixaannada ardayda ee gobolku waajibiyay waxay ku baxaysaa Craigslist si ay u hesho imtaxaanayaal si ay u akhriyaan qoraallada ardaydeenna.,0
2437,Musharaxa senate-ka Mareykanka Jack Kingston waxa uu ku qarash gareeyay doollarkayaga canshuurta...,Musharaxa senate-ka ee Maraykanka Jack Kingston waxa uu doollarkayaga cashuurta ku kharash gareeyey kumanyaal calaamado wasakh ah.,0
2438,Ciidamada badda ayaa dacwad ku soo oogaya sarkaal ka tirsan ciidamada badda oo toogtay...,Ciidanka badda ayaa dacwad ku soo oogaya sarkaal ka tirsan ciidamada badda oo toogtay toogashadii Chattanooga ka dib markii uu si sharci darro ah hub ugu furay hanti federaal ah.,0
2439,Codbixinta ayaa muujineysa in Floridians aysan dooneynin inay baabi'iyaan lacagta la awoodi karo…,Ra'yi ururintu waxay muujinayaan in Floridians aysan rabin inay tirtiraan Sharciga Daryeelka La awoodi karo.,0
2440,Nidaamka xogta ee la socda Common Core waxaa loo qaabeeyey t...,"Nidaamka xogta ee la socda Core Common waxaa loogu talagalay in lagu ururiyo ilaa 400 dhibcood ilmo kasta, taas oo ay ku jiri karto xogta shakhsi ahaan lagu aqoonsan karo.",0
2441,"Barack Obama ""wuxuu doonayaa in dowladda ay la wareegto daryeelka caafimaadka,...","Barack Obama ""wuxuu rabaa in dowladdu ay la wareegto daryeelka caafimaadka, ku bixiso boqolaal bilyan oo doolar oo lacag cusub ah caymiska caafimaadka qof walba.""",0
2442,"Waxa uu sheegay in uu ahaa saldhigga gobolka Utah, uu markii la shaqeeyay s ...","Wuxuu sheegay in markii uu ahaa guddoomiyaha Utah, uu la shaqeeyay Sharci-dejinta gobolka si loo abuuro canshuur siman oo dhimaysa canshuurta dakhliga boqolkiiba 30.",0
2443,Muwaadiniin Jarmal ah ayaa dawladoodii hub ka dhigis ku samaysay dhamaadkii...,"Muwaadiniinta Jarmalku waxa hub ka dhigis ku sameeyay dawladoodii dabayaaqadii 1930-meeyadii, taas oo u ogolaatay Naasiyiintii in ay fuliyaan ujeedooyinkooda xun iyaga oo iska caabin yar leh.",0
2444,Wuxuu yiri Ron Johnson run ahaantii waxba ma uusan qaban si uu ula dagaallamo geesiga ...,Wuxuu yidhi Ron Johnson run ahaantii waxba ma uu samayn si uu ula dagaallamo balwadda heroin-ka iyo xad-gudubka opioid.,0
2445,Ku dhawaad ​​800 oo qof ayaa diiday in laga baaro daroogada sababtoo ah...,Qiyaastii 800 oo qof ayaa diiday in la sameeyo baaris daroogo sababtoo ah waxay u joogaan mukhaadaraad.,0
2446,Waajibaadka daryeelka caafimaadku wuxuu u baahan doonaa xadhig iyo ganaax...,Waajibaadka daryeelka caafimaadku waxay u baahan doontaa xadhig iyo ganaax lacageed dadka Maraykanka ah ee aan awoodin inay iibsadaan caymis ama bixiyaan ganaaxyo culus oo dawladeed.,0
2447,Waxa uu yidhi Madaxweyne Obama waxa uu afduubay biilka beeraha (oo) waxa uu u rogay i...,Waxa uu yidhi Madaxweyne Obama waxa uu afduubay biilka beeraha (oo) waxa uu ka dhigay biilka cuntada.,0
2448,Wuxuu sheegay in qaraarka Senate-ka uu soo celin doono $140 bishiiba...,Wuxuu sheegay in qaraarka Senate-ka uu soo celin doono $140 lacagihii kaalmada guud ee bishii iyo ka hortagga dadka inay dambi galaan.,0
2449,"Ohio, waxaan ku maal galinay caruurteena, anagoo kordhinayna maalgelinta iskuulka...","Ohio, waxaanu maal galinay caruurteena, anagoo ku kordhinay maalgelinta dugsiga 5.5 boqolkiiba miisaaniyadii u dambaysay.",0
2450,Maraykanku kama mid ahayn 16 waddan oo David Pe...,Mareykanka ayaan ka mid ahayn 16 wadan oo David Perdue uu ku sheegay in Pillowtex uu shaqo ka abuuray.,0
2451,Waxay leedahay warbaahintu waxay abuurtay ereyga polar vortex iyo qabow ai...,Waxay leedahay warbaahintu waxay abuurtay ereyga polar vortex hawada qabowna waxay caddaynaysaa in barafku aanu dhalaalinayn.,0
2452,Guddiga dib u soo celinta dhaqangelinta ee gobolka ee dhawaan la sameeyay...,"Guddiga dib u eegista dhaqangelinta socdaalka ee gobolka ee dhawaan la sameeyay ayaa dhab ahaantii dacwayn kara, oo ku ridi kara [xukun] xabsiga, haddii aanu keenno xeer ilaaliyaha guud.",0
2453,Waajibaadka daryeelka caafimaadku wuxuu u baahan doonaa xadhig iyo ganaax...,Waajibaadka daryeelka caafimaadku waxay u baahan doontaa xadhig iyo ganaax lacageed dadka Maraykanka ah ee aan awoodin inay iibsadaan caymis ama bixiyaan ganaaxyo culus oo dawladeed.,0
2454,Maxay ahaayeen hoos u dhacii sanadlaha ahaa ee Jamhuuriga hadda...,Maxay ahaayeen khasaare sanadeedkii hore ee Jamhuuriyiinta ayaa hadda noqday hoos u dhacyada billaha ah ee hoos yimaada Dimuqraadiyiinta.,0
2455,Wuxuu sheegay in eedeymaha ah inuu sameeyay galmo aan loo baahnayn oo ku saabsan ...,Waxa uu sheegay in eedeymaha ah in uu sameeyay galmo aan la rabin oo uu ku sameeyay haweeney ku xigeen shariif ah ay laba garsoore oo kala duwan ay ku heleen in aysan mudneyn.,0
2456,Waxa uu sheegay in Madaxweyne Barack Obama uu ballan qaaday inuu la shaqeyn doono...,"Waxa uu sheegay in iyada oo Madaxweyne Barack Obama uu ballan qaaday in uu la shaqayn doono loo-shaqeeyahaaga si uu hoos ugu dhigo khidmadahaaga $2,500 qoyskiiba sannadkii, sharcigiisa daryeelka caafimaadku waxa uu kor u qaadayaa khidmadaha suuqa gaarka ah $2,100 qoyskiiba.",0
2457,Saddex meelood labo ka mid ah dadka ku nool Wisconsin ayaa si adag uga soo horjeeda...,Saddex meelood laba meel dadka Wisconsin ayaa si adag uga soo horjeeda fikradan ah in si joogto ah looga qaado xuquuqda dadka ee gorgortanka wadajirka ah.,0
2458,Waxaan u dhimi karnaa shaqo la'aanta kala bar si fudud annaga oo dib u soo ceshanno j...,Waxaan shaqo la'aanta u dhimi karnaa kala bar si fudud innagoo dib u soo ceshanayna shaqooyinkii ay qabteen shaqaalaha sharci darrada ah.,0
2459,Wuxuu sheegay in eedeymaha ah inuu sameeyay galmo aan loo baahnayn oo ku saabsan ...,Waxa uu sheegay in eedeymaha ah in uu sameeyay galmo aan la rabin oo uu ku sameeyay haweeney ku xigeen shariif ah ay laba garsoore oo kala duwan ay ku heleen in aysan mudneyn.,0
2460,(Madaxweyne Barack Obama) ayaa sheegay in shaqo la’aantu aysan waligeed g...,(Madaxweyne Barack Obama) wuxuu sheegay in shaqo la'aantu aysan weligeed dhaafi doonin 8 boqolkiiba haddii aan gudbino qorshaha kicinta.,0
2461,Madaxweyne Obama ayaa sheegay in shaqo la’aanta ay ka hooseyso 8...,Waxa uu yidhi Madaxweyne Obama waxa uu ballan qaaday in shaqo la'aanta ay ka hoosayso 8 boqolkiiba haddii kicinta la dhaafo.,0
2462,"Barack Obama ""wuxuu doonayaa in dowladda ay la wareegto daryeelka caafimaadka,...","Barack Obama ""wuxuu rabaa in dowladdu ay la wareegto daryeelka caafimaadka, ku bixiso boqolaal bilyan oo doolar oo lacag cusub ah caymiska caafimaadka qof walba.""",0
2463,Wuxuu sheegay in dib u habeynta daryeelka caafimaadka qaranka ay tahay mid ay dowladdu la wareegtay...,Waxa uu leeyahay dib u habaynta daryeelka caafimaadka qaranka waa la wareegida dawladda ee daryeelka caafimaadka.,0
2464,Ku dhawaad ​​800 oo qof ayaa diiday in laga baaro daroogada sababtoo ah...,Qiyaastii 800 oo qof ayaa diiday in la sameeyo baaris daroogo sababtoo ah waxay u joogaan mukhaadaraad.,0
2465,Waxa uu sheegay in Romney uu maalgashaday shirkad alaab ka samaysa Shiinaha oo...,Waxa uu yidhi Romney waxa uu maalgashaday shirkad alaabo ka samaynaysa Shiinaha oo laga samayn lahaa halkan America.,0
2466,Is-dilku wuxuu ka imaanayaa calaamad ah ee waaweyn oo leh ...,Is-dilku wuxuu ka yimaadaa dawladda dhexe ee waaweyn oo leh waxba uma qalantid laakiin waxaad ku heli doontaa wax aan waxba ahayn.,0
2467,Bal eeg waxa uu agaasimaha FBI-da ka yidhi iyada (Hillary C...,Bal u fiirso waxa uu agaasimaha FBI-da ka yidhi (Hillary Clinton) dhaqan-xumada ay samaysay waa ceeb iyo ceeb dalkeena.,0
2468,Waxaa jira kharashyo maamul oo sarreeya marka aad ku deeqdo Haiti...,Waxaa jira kharashyo maamul oo sarreeya marka aad ku deeqdo gargaarka Haiti iyada oo loo marayo Mareegta Aqalka Cad.,0
2469,Musharaxa senate-ka Mareykanka Jack Kingston waxa uu ku qarash gareeyay doollarkayaga canshuurta...,Musharaxa senate-ka ee Maraykanka Jack Kingston waxa uu doollarkayaga cashuurta ku kharash gareeyey kumanyaal calaamado wasakh ah.,0
2470,Haddii aad iibiso gurigaaga wixii ka dambeeya 2012 waxaad bixin doontaa boqolkiiba 3.8...,Haddii aad iibiso gurigaaga wixii ka dambeeya 2012 waxaad ka bixin doontaa boqolkiiba 3.8 canshuurta iibka.,0
2471,Saddex meelood labo ka mid ah dadka ku nool Wisconsin ayaa si adag uga soo horjeeda...,Saddex meelood laba meel dadka Wisconsin ayaa si adag uga soo horjeeda fikradan ah in si joogto ah looga qaado xuquuqda dadka ee gorgortanka wadajirka ah.,0
2472,Ku dhawaad ​​800 oo qof ayaa diiday in laga baaro daroogada sababtoo ah...,Qiyaastii 800 oo qof ayaa diiday in la sameeyo baaris daroogo sababtoo ah waxay u joogaan mukhaadaraad.,0
2473,Codbixinta ayaa muujineysa in Floridians aysan dooneynin inay baabi'iyaan lacagta la awoodi karo…,Ra'yi ururintu waxay muujinayaan in Floridians aysan rabin inay tirtiraan Sharciga Daryeelka La awoodi karo.,0
2474,"Waxaan leenahay magaalooyin ku yaal Galbeedka Texas oo aan biyuhu lahayn, kuwaas oo ah ...","Waxaan leenahay magaalooyin ku yaal Galbeedka Texas oo ay ka maqan yihiin biyaha, kuwaas oo ay tahay in ay biyo ku dhaamiyaan.",0
2475,Saddex meelood labo ka mid ah dadka ku nool Wisconsin ayaa si adag uga soo horjeeda...,Saddex meelood laba meel dadka Wisconsin ayaa si adag uga soo horjeeda fikradan ah in si joogto ah looga qaado xuquuqda dadka ee gorgortanka wadajirka ah.,0
2476,Miisaaniyadda Madaxweyne Barack Obama ayaa khatar ku ah amniga qaranka b...,Miisaaniyadda Madaxweyne Barack Obamas waxay khatar ku tahay amniga qaranka isagoo soo jeedinaya Ciidan ka kooban shaqaale ka yar kuwii aan haysanay ka hor Pearl Harbor.,0
2477,Way adag tahay in dadka Portland ku nool ay Haa ugu codeeyaan mea...,"Way adag tahay in dadka Portland ku nool ay Haa ugu codeeyaan cabbirada codbixinta, gaar ahaan marka ay jiraan mucaarad.",0
2478,"Ohio, waxaan ku maal galinay caruurteena, anagoo kordhinayna maalgelinta iskuulka...","Ohio, waxaanu maal galinay caruurteena, anagoo ku kordhinay maalgelinta dugsiga 5.5 boqolkiiba miisaaniyadii u dambaysay.",0
2479,(Madaxweyne Barack Obama) ayaa sheegay in shaqo la’aantu aysan waligeed g...,(Madaxweyne Barack Obama) wuxuu sheegay in shaqo la'aantu aysan weligeed dhaafi doonin 8 boqolkiiba haddii aan gudbino qorshaha kicinta.,0
2480,"27-kii bilood ee la soo dhaafay, Madaxweyne Barack Obama waxa uu abuuray...","27-kii bilood ee la soo dhaafay, Madaxweyne Barack Obama waxa uu abuuray shaqooyin ka badan kuwa gaarka loo leeyahay marka loo eego soo kabashada Reagan.",0
2481,Qofka iga soo waxa uu ballan qaadayaa in uu soo celin doono shaqada hore isaga oo raba in uu iska tago...,Qofka iga soo horjeeda wuxuu ballan qaadayaa inuu soo celin doono shaqooyin hore isagoo u rajeeyay dhaqaalaha adduunka.,0
2482,Waxay tiri Cathy Jordan waa la xiray oo laga soo saaray gurigeeda b...,Waxay tiri Cathy Jordan ayaa la xiray oo ay ka soo saareen gurigeeda koox SWAT ah oo hooligan ah si ay u isticmaasho marijuana caafimaad.,0
2483,Waxa uu yidhi Madaxweyne Obama waxa uu afduubay biilka beeraha (oo) waxa uu u rogay i...,Waxa uu yidhi Madaxweyne Obama waxa uu afduubay biilka beeraha (oo) waxa uu ka dhigay biilka cuntada.,0
2484,Saddex meelood labo ka mid ah dadka ku nool Wisconsin ayaa si adag uga soo horjeeda...,Saddex meelood laba meel dadka Wisconsin ayaa si adag uga soo horjeeda fikradan ah in si joogto ah looga qaado xuquuqda dadka ee gorgortanka wadajirka ah.,0
2485,Waxa uu yidhi Mike Dovilla waxa uu taageersan yahay qorshe u ogolaan kara ajaanib...,Wuxuu yiri Mike Dovilla wuxuu taageersan yahay qorshe u oggolaanaya shirkad ajnabi ah inay la wareegto Ohio Turnpike,0
2486,Waxa uu yidhi Donald Trump waxa uu taageersan yahay ajande halkaas ka jira oo ah in si gaar loo leeyahay...,Waxa uu yidhi Donald Trump waxa uu taageerayaa ajande halkaa ka jira si gaar looga dhigo nidaamka daryeelka caafimaadka ee Arrimaha Veterans.,0
2487,"Mashruuca Buffalos SolarCity, Andrew Cuomo wuxuu abuuri doonaa laga yaabee ...","Mashruuca Buffalos SolarCity, Andrew Cuomo wuxuu abuuri doonaa laga yaabee 500 shaqo haddii ay weligeed dhacdo, qiyaastii $1.5 milyan shaqa kasta.",0
2488,"In ka badan 100,000 oo haween ah oo ku nool Texas ayaa isku dayay in ay iskood isu soo dhisaan.","In ka badan 100,000 oo haween ah oo ku nool Texas ayaa isku dayay inay iskood iska soo xaaqaan sannadkii la soo dhaafay oo keliya.",0
2489,Waxa uu sheegay in Madaxweyne Barack Obama uu ballan qaaday inuu la shaqeyn doono...,"Waxa uu sheegay in iyada oo Madaxweyne Barack Obama uu ballan qaaday in uu la shaqayn doono loo-shaqeeyahaaga si uu hoos ugu dhigo khidmadahaaga $2,500 qoyskiiba sannadkii, sharcigiisa daryeelka caafimaadku waxa uu kor u qaadayaa khidmadaha suuqa gaarka ah $2,100 qoyskiiba.",0
2490,Waxaa jira kharashyo maamul oo sarreeya marka aad ku deeqdo Haiti...,Waxaa jira kharashyo maamul oo sarreeya marka aad ku deeqdo gargaarka Haiti iyada oo loo marayo Mareegta Aqalka Cad.,0
2491,Saddex meelood labo ka mid ah dadka ku nool Wisconsin ayaa si adag uga soo horjeeda...,Saddex meelood laba meel dadka Wisconsin ayaa si adag uga soo horjeeda fikradan ah in si joogto ah looga qaado xuquuqda dadka ee gorgortanka wadajirka ah.,0
2492,Waxaan ka mid ahaa kuwii ugu horreeyay ee dhaleeceeya ku degdegista dagaalka (Ir...,"Waxaan ka mid ahaa kuwii ugu horreeyay ee dhaleeceeya degdegga ah ee dagaalka (Ciraaq), iyo haa, xitaa ka hor inta uusan dagaalku bilaaban.",0
2493,Wendy Davis waxay kaliya ku samaynaysay lacag ururin Chicago,Wendy Davis waxa ay Chicago ka samaynaysay dhaqaale ururin iyada oo la kaashanaysa ururka hantiwadaaga caalamiga ah.,0
2494,Ayaa sheegay in Adeegga Boostada Maraykanku aanay qaadan wax gargaar cashuur bixiye ah tan iyo markii...,"Waxa uu leeyahay Adeegga Boostada Maraykanku ma qaadin wax gargaar cashuur bixiye ah ilaa 1971, waxa ay maalgelisaa hawlaha gabi ahaan iibinta stamps iyo alaabta la xidhiidha oo waxa ay samaysaa faa'iido hawl gal sanadba sanadka ka dambeeya.",0
2495,Frank Guinta ayaa u codeeyay in cashuur bixiyayaasha dabaqadda dhexe ay bixiyaan lacag ka badan...,"Frank Guinta ayaa u codeeyay in cashuur bixiyayaasha dabaqadda dhexe ay bixiyaan in ka badan $1,000 oo dheeraad ah sannadkii.",0
2496,Maraykanku kama mid ahayn 16 waddan oo David Pe...,Mareykanka ayaan ka mid ahayn 16 wadan oo David Perdue uu ku sheegay in Pillowtex uu shaqo ka abuuray.,0
2497,"Keystone XL wuxuu u oggolaanayaa Kanada inay soo saarto saliiddooda, u dirto iyada oo loo marayo ...","Keystone XL wuxuu u oggolaanayaa Kanada inay soo saarto shidaalkooda, u dirto dhulkeena, ilaa Khaliijka, halkaas oo laga iibin doono meel kasta oo kale.",0
2498,Waxa uu yidhi Mike Dovilla waxa uu taageersan yahay qorshe u ogolaan kara ajaanib...,Wuxuu yiri Mike Dovilla wuxuu taageersan yahay qorshe u oggolaanaya shirkad ajnabi ah inay la wareegto Ohio Turnpike,0
2499,Waxa uu sheegay in Madaxweyne Barack Obama uu ballan qaaday inuu la shaqeyn doono...,"Waxa uu sheegay in iyada oo Madaxweyne Barack Obama uu ballan qaaday in uu la shaqayn doono loo-shaqeeyahaaga si uu hoos ugu dhigo khidmadahaaga $2,500 qoyskiiba sannadkii, sharcigiisa daryeelka caafimaadku waxa uu kor u qaadayaa khidmadaha suuqa gaarka ah $2,100 qoyskiiba.",0
2500,Waxa uu yidhi Donald Trump waxa uu taageersan yahay ajande halkaas ka jira oo ah in si gaar loo leeyahay...,Waxa uu yidhi Donald Trump waxa uu taageerayaa ajande halkaa ka jira si gaar looga dhigo nidaamka daryeelka caafimaadka ee Arrimaha Veterans.,0
2501,Wuxuu yiri tababaraha kubbadda cagta Rex Ryan wuxuu ku guuleystay horyaalada ...,"Waxa uu yidhi tababaraha kubada cagta ee xirfada leh Rex Ryan ayaa ku guulaystay horyaalada New York. AFC, waxaan filayaa, laba jeer.",0
2502,Wuxuu sheegay in dib u habeynta daryeelka caafimaadka qaranka ay tahay mid ay dowladdu la wareegtay...,Waxa uu leeyahay dib u habaynta daryeelka caafimaadka qaranka waa la wareegida dawladda ee daryeelka caafimaadka.,0
2503,Walaalaha Koch keligood waxay siiyeen lacag laba jibaar ka badan Scott Wa...,Walaalaha Koch keligood waxay siiyeen laba laab lacag ka badan Scott Walker wadarta guud ee lacagta uu soo ururiyay Tom Barrett.,0
2504,"McCain ""wuxuu u codeeyay inuu dhimo maalgelinta waxbarashada, isagoo ka soo horjeeda la xisaabtanka","McCain ""wuxuu u codeeyay inuu dhimo maalgelinta waxbarashada, isagoo ka soo horjeeda heerarka isla xisaabtanka. Wuxuu xitaa soo jeediyay in la baabi'iyo Waaxda Waxbarashada.""",0
2505,Guddiga dib u soo celinta dhaqangelinta ee gobolka ee dhawaan la sameeyay...,"Guddiga dib u eegista dhaqangelinta socdaalka ee gobolka ee dhawaan la sameeyay ayaa dhab ahaantii dacwayn kara, oo ku ridi kara [xukun] xabsiga, haddii aanu keenno xeer ilaaliyaha guud.",0
2506,Waxa uu sheegay in Madaxweyne Barack Obama uu ballan qaaday inuu la shaqeyn doono...,"Waxa uu sheegay in iyada oo Madaxweyne Barack Obama uu ballan qaaday in uu la shaqayn doono loo-shaqeeyahaaga si uu hoos ugu dhigo khidmadahaaga $2,500 qoyskiiba sannadkii, sharcigiisa daryeelka caafimaadku waxa uu kor u qaadayaa khidmadaha suuqa gaarka ah $2,100 qoyskiiba.",0
2507,Waxaan bixinaa PhD-da sanad walba in ka badan jaamacad kale ee A...,Waxaan bixinaa PhDs ka badan sanad walba marka loo eego jaamacadaha kale ee Ameerika marka laga reebo Berkeley.,0
2508,Wuxuu sheegay in ay jiraan doollar federaal ah oo badan oo ku jira Gov. John Kasichs bud...,Wuxuu sheegay in ay jiraan doollar federaali ah oo ka badan qorshaha miisaaniyadda Gov. John Kasichs marka loo eego miisaaniyaddii hore ee gobolka.,0
2509,Musharaxa senate-ka Mareykanka Jack Kingston waxa uu ku qarash gareeyay doollarkayaga canshuurta...,Musharaxa senate-ka ee Maraykanka Jack Kingston waxa uu doollarkayaga cashuurta ku kharash gareeyey kumanyaal calaamado wasakh ah.,0
2510,Haddii aad iibiso gurigaaga wixii ka dambeeya 2012 waxaad bixin doontaa boqolkiiba 3.8...,Haddii aad iibiso gurigaaga wixii ka dambeeya 2012 waxaad ka bixin doontaa boqolkiiba 3.8 canshuurta iibka.,0
2511,Ayaa sheegtay in dowladda federaalku ay amar ku bixisay in dadka aan galmoodka ahayn (sic) iyo h...,Ayaa sheegtay in dawladda federaalku ay amar ku bixinayso dadka aan isu galmoodin (sic) iyo khaniisiinta inay carruurta ku qabsanayaan aagagga khatarta ah ee shisheeyaha iyagoo adeegsanaya magaca ammaanka garoonka diyaaradaha.,0
2512,Musharaxa senate-ka ee Maraykanka Jack Kingston waxa uu dool...,Musharaxa senate-ka ee Maraykanka Jack Kingston waxa uu doollarkayaga cashuurta ku kharash gareeyey kumanyaal calaamado wasakh ah.,0
2513,Adigoo isticmaalaya daldaloolo yar oo la yaqaan ... Minions Obama waa la oggol yahay ...,Adigoo isticmaalaya daldaloolo yar oo la yaqaan ... Minions Obama waxay u oggolaanayaan Shirkadda Nestle inay ka dhoofiso biyaha macaan ee qaaliga ah harada Michigan.,0
2514,Donald Trump ayaa sheegay in dowladda ay bixineyso qarashka ku baxaya...,Wuxuu yidhi Donald Trump wuxuu sheegay in dawladdu ay bixinayso kharashka qof walba si uu u helo daryeel caafimaad.,0
2515,"Qoysaska Maraykanku waxay ku dadaalaan inay helaan $4,250 bishii. Obama ayaa...","Qoysaska Maraykanku waxay ku dadaalaan inay helaan $4,250 bishii. Obama waxa uu ku kharash gareeyaa $18,972 bishii ilmo kasta oo sharci-darro ah.",0
2516,Wuxuu sheegay in qaraarka Senate-ka uu soo celin doono $140 bishiiba...,Wuxuu sheegay in qaraarka Senate-ka uu soo celin doono $140 lacagihii kaalmada guud ee bishii iyo ka hortagga dadka inay dambi galaan.,0
2517,Bal eeg waxa uu agaasimaha FBI-da ka yidhi iyada (Hillary C...,Bal u fiirso waxa uu agaasimaha FBI-da ka yidhi (Hillary Clinton) dhaqan-xumada ay samaysay waa ceeb iyo ceeb dalkeena.,0
2518,Waxaa jira kharashyo maamul oo sarreeya marka aad ku deeqdo Haiti...,Waxaa jira kharashyo maamul oo sarreeya marka aad ku deeqdo gargaarka Haiti iyada oo loo marayo Mareegta Aqalka Cad.,0
2519,Marka kaliya ee shaqada dawladdu hoos u dhacday intii lagu jiray...,Marka kaliya ee shaqaalaynta dawladdu hoos u dhacday inta lagu jiro dhaqaale-xumada ayaa aniga hoos ii dhacday.,0
2520,Xirmada dhiirigelinta waxaa ku jira sharci ka soo horjeeda Masiixi...,"Xirmada dhiirigelinta waxaa ku jira sharci lid ku ah Masiixiyiinta kaas oo joojin doona kaniisadaha inay u isticmaalaan dugsiyada dadweynaha kulannada axada, iyo sidoo kale Boy Scouts iyo kooxaha ardada barta Kitaabka Quduuska ah.",0
2521,Wuxuu yiri tababaraha kubbadda cagta Rex Ryan wuxuu ku guuleystay horyaalada ...,"Waxa uu yidhi tababaraha kubada cagta ee xirfada leh Rex Ryan ayaa ku guulaystay horyaalada New York. AFC, waxaan filayaa, laba jeer.",0
2522,Boqolkiiba shan iyo sagaashan lacagta loo isticmaalo xarumah...,Boqolkiiba shan iyo sagaashan lacagta loo isticmaalo xarumaha tababarka shaqaalaha ee ay ku shaqeeyaan ururka waxay ka yimaadaan loo shaqeeyayaasha.,0
2523,Barasaabkii hore ee Alaska Sarah Palin ayaa ku saxnayd in madaxweynaha...,"Guddoomiyihii hore ee Alaska Sarah Palin waxay ku saxsanayd in sharciga daryeelka caafimaadka ee Madaxweyne Barack Obama uu abuuray waxa, dhab ahaan, noqon lahaa guddiyada dhimashada.",0
2524,Wuxuu yiri tababaraha kubbadda cagta Rex Ryan wuxuu ku guuleystay horyaalada ...,"Waxa uu yidhi tababaraha kubada cagta ee xirfada leh Rex Ryan ayaa ku guulaystay horyaalada New York. AFC, waxaan filayaa, laba jeer.",0
2525,"Xiligii Madaxweyne Barack Obama, 8.3 (milyan) oo Maraykan ah ayaa ka yar ...","Xilligii Madaxweyne Barack Obama, 8.3 (milyan) oo Maraykan ah ayaa shaqeeya maanta in ka yar sidii ay ahaayeen afar sano ka hor.",0
2526,"Hadda, Golaha Wakiilada, waxaan leenahay 40 kala duwan oo j...","Hadda, Golaha Wakiillada, waxaanu haynaa 40 xeer oo kala duwan oo shaqo ah oo la ansixiyay oo ku dhawaad ​​dhamaantood ahaayeen laba xisbi.",0
2527,Maraykanku kama mid ahayn 16 waddan oo David Pe...,Mareykanka ayaan ka mid ahayn 16 wadan oo David Perdue uu ku sheegay in Pillowtex uu shaqo ka abuuray.,0
2528,Waxa uu sheegay in Madaxweyne Barack Obama uu ballan qaaday inuu la shaqeyn doono...,"Waxa uu sheegay in iyada oo Madaxweyne Barack Obama uu ballan qaaday in uu la shaqayn doono loo-shaqeeyahaaga si uu hoos ugu dhigo khidmadahaaga $2,500 qoyskiiba sannadkii, sharcigiisa daryeelka caafimaadku waxa uu kor u qaadayaa khidmadaha suuqa gaarka ah $2,100 qoyskiiba.",0
2529,Adigoo isticmaalaya daldaloolo yar oo la yaqaan ... Minions Obama waa la oggol yahay ...,Adigoo isticmaalaya daldaloolo yar oo la yaqaan ... Minions Obama waxay u oggolaanayaan Shirkadda Nestle inay ka dhoofiso biyaha macaan ee qaaliga ah harada Michigan.,0
2530,Wuxuu sheegay in dib u habeynta daryeelka caafimaadka qaranka ay tahay mid ay dowladdu la wareegtay...,Waxa uu leeyahay dib u habaynta daryeelka caafimaadka qaranka waa la wareegida dawladda ee daryeelka caafimaadka.,0
2531,"Keystone XL wuxuu u oggolaanayaa Kanada inay soo saarto saliiddooda, u dirto iyada oo loo marayo ...","Keystone XL wuxuu u oggolaanayaa Kanada inay soo saarto shidaalkooda, u dirto dhulkeena, ilaa Khaliijka, halkaas oo laga iibin doono meel kasta oo kale.",0
2532,Canshuuraha guryuhu hadda 18% way ka sarreeyaan markii (Mark Sharpe) kow...,Canshuuraha guryuhu hadda 18% way ka sarreeyaan markii (Mark Sharpe) markii ugu horreysay ee uu xafiiska la wareegay.,0
2533,Is-dilku wuxuu ka imaanayaa calaamad ah ee waaweyn oo leh ...,Is-dilku wuxuu ka yimaadaa dawladda dhexe ee waaweyn oo leh waxba uma qalantid laakiin waxaad ku heli doontaa wax aan waxba ahayn.,0
2534,Waxay qaadataa tamar aad u badan si loo sameeyo panel cadceedda sida ay u badan tahay g...,Waxay qaadataa tamar aad u badan si loo sameeyo alwaax qoraxda sida ay u badan tahay inay soo saarto nolosheeda oo dhan.,0
2535,Qofka iga soo waxa uu ballan qaadayaa in uu soo celin doono shaqada hore isaga oo raba in uu iska tago...,Qofka iga soo horjeeda wuxuu ballan qaadayaa inuu soo celin doono shaqooyin hore isagoo u rajeeyay dhaqaalaha adduunka.,0
2536,Waxa uu sheegay in Romney uu maalgashaday shirkad alaab ka samaysa Shiinaha oo...,Waxa uu yidhi Romney waxa uu maalgashaday shirkad alaabo ka samaynaysa Shiinaha oo laga samayn lahaa halkan America.,0
2537,Waxaan ka mid ahaa kuwii ugu horreeyay ee dhaleeceeya ku degdegista dagaalka (Ir...,"Waxaan ka mid ahaa kuwii ugu horreeyay ee dhaleeceeya degdegga ah ee dagaalka (Ciraaq), iyo haa, xitaa ka hor inta uusan dagaalku bilaaban.",0
2538,Maxay ahaayeen hoos u dhacii sanadlaha ahaa ee Jamhuuriga hadda...,Maxay ahaayeen khasaare sanadeedkii hore ee Jamhuuriyiinta ayaa hadda noqday hoos u dhacyada billaha ah ee hoos yimaada Dimuqraadiyiinta.,0
2539,Donald Trump ayaa sheegay in dowladda ay bixineyso qarashka ku baxaya...,Wuxuu yidhi Donald Trump wuxuu sheegay in dawladdu ay bixinayso kharashka qof walba si uu u helo daryeel caafimaad.,0
2540,"Qaar ka mid ah kulliyadaha, oo ay ku jiraan AM, ayaa horey u dammaanad qaaday ...","Qaar ka mid ah kulliyadaha, oo ay ku jirto AM, ayaa horey u dammaanad qaaday inaysan kordhin doonin waxbarashadooda.",0
2541,Ayaa sheegtay in dowladda federaalku ay amar ku bixisay in dadka aan galmoodka ahayn (sic) iyo h...,Ayaa sheegtay in dawladda federaalku ay amar ku bixinayso dadka aan isu galmoodin (sic) iyo khaniisiinta inay carruurta ku qabsanayaan aagagga khatarta ah ee shisheeyaha iyagoo adeegsanaya magaca ammaanka garoonka diyaaradaha.,0
2542,"Hadda, Golaha Wakiilada, waxaan leenahay 40 kala duwan oo j...","Hadda, Golaha Wakiillada, waxaanu haynaa 40 xeer oo kala duwan oo shaqo ah oo la ansixiyay oo ku dhawaad ​​dhamaantood ahaayeen laba xisbi.",0
2543,Waxay tiri Cathy Jordan waa la xiray oo laga soo saaray gurigeeda b...,Waxay tiri Cathy Jordan ayaa la xiray oo ay ka soo saareen gurigeeda koox SWAT ah oo hooligan ah si ay u isticmaasho marijuana caafimaad.,0
2544,"Waxa uu sheegay in uu ahaa saldhigga gobolka Utah, uu markii la shaqeeyay s ...","Wuxuu sheegay in markii uu ahaa guddoomiyaha Utah, uu la shaqeeyay Sharci-dejinta gobolka si loo abuuro canshuur siman oo dhimaysa canshuurta dakhliga boqolkiiba 30.",0
2545,Maraykanku kama mid ahayn 16 waddan oo David Pe...,Mareykanka ayaan ka mid ahayn 16 wadan oo David Perdue uu ku sheegay in Pillowtex uu shaqo ka abuuray.,0
2546,"Qoysaska Maraykanku waxay ku dadaalaan inay helaan $4,250 bishii. Obama ayaa...","Qoysaska Maraykanku waxay ku dadaalaan inay helaan $4,250 bishii. Obama waxa uu ku kharash gareeyaa $18,972 bishii ilmo kasta oo sharci-darro ah.",0
2547,Barasaabkii hore ee Alaska Sarah Palin ayaa ku saxnayd in madaxweynaha...,"Guddoomiyihii hore ee Alaska Sarah Palin waxay ku saxsanayd in sharciga daryeelka caafimaadka ee Madaxweyne Barack Obama uu abuuray waxa, dhab ahaan, noqon lahaa guddiyada dhimashada.",0
2548,Saraakiisha Medicare waxay ula dhaqmeen Humana iyo AARP si aan is waafaqsanayn,Saraakiisha Medicare waxay ula dhaqmeen Humana iyo AARP si aan joogto ahayn sida ay ula xiriiri karaan waayeelka.,0
2549,"Waxa uu sheegay in uu ahaa saldhigga gobolka Utah, uu markii la shaqeeyay s ...","Wuxuu sheegay in markii uu ahaa guddoomiyaha Utah, uu la shaqeeyay Sharci-dejinta gobolka si loo abuuro canshuur siman oo dhimaysa canshuurta dakhliga boqolkiiba 30.",0
2550,Codbixinta ayaa muujineysa in Floridians aysan dooneynin inay baabi'iyaan lacagta la awoodi karo…,Ra'yi ururintu waxay muujinayaan in Floridians aysan rabin inay tirtiraan Sharciga Daryeelka La awoodi karo.,0
2551,Hindise sharciyeedka gobolka ayaa soo afjari doona shuruudihii muddada dheer ee ahaa in deegaanka...,Hindise-sharciyeedka gobolku waxa uu soo afjarayaa shuruudii muddada dheer u baahnayd ee ah in dawladaha hoose ay dayactiraan waddooyinka waaweyn iyo laamiyada-- oo ay ka horjoogsadaan muwaadiniinta dhaawaca ah in ay dacweeyaan dayactirka la dayacay.,0
2552,Wuxuu sheegay in dib u habeynta daryeelka caafimaadka qaranka ay tahay mid ay dowladdu la wareegtay...,Waxa uu leeyahay dib u habaynta daryeelka caafimaadka qaranka waa la wareegida dawladda ee daryeelka caafimaadka.,0
2553,Waxay tiri Cathy Jordan waa la xiray oo laga soo saaray gurigeeda b...,Waxay tiri Cathy Jordan ayaa la xiray oo ay ka soo saareen gurigeeda koox SWAT ah oo hooligan ah si ay u isticmaasho marijuana caafimaad.,0
2554,Qofka iga soo waxa uu ballan qaadayaa in uu soo celin doono shaqada hore isaga oo raba in uu iska tago...,Qofka iga soo horjeeda wuxuu ballan qaadayaa inuu soo celin doono shaqooyin hore isagoo u rajeeyay dhaqaalaha adduunka.,0
2555,"Barack Obama ""wuxuu doonayaa in dowladda ay la wareegto daryeelka caafimaadka,...","Barack Obama ""wuxuu rabaa in dowladdu ay la wareegto daryeelka caafimaadka, ku bixiso boqolaal bilyan oo doolar oo lacag cusub ah caymiska caafimaadka qof walba.""",0
2556,"Hadda, Golaha Wakiilada, waxaan leenahay 40 kala duwan oo j...","Hadda, Golaha Wakiillada, waxaanu haynaa 40 xeer oo kala duwan oo shaqo ah oo la ansixiyay oo ku dhawaad ​​dhamaantood ahaayeen laba xisbi.",0
2557,"Inkasta oo ay ka soo horjeesteen naadiga qaranka ee kobaca, naadiga G...","In kasta oo ay ka soo horjeedaan Naadiga kobaca qaranka, Naadiga Kobaca Wisconsin ayaa u ansixiyay Senetka Mareykanka.",0
2558,Waxay tiri Cathy Jordan ayaa la xiray oo ay ka soo saareen g...,Waxay tiri Cathy Jordan ayaa la xiray oo ay ka soo saareen gurigeeda koox SWAT ah oo hooligan ah si ay u isticmaasho marijuana caafimaad.,0
2559,Adigoo isticmaalaya daldaloolo yar oo la yaqaan ... Minions Obama waa la oggol yahay ...,Adigoo isticmaalaya daldaloolo yar oo la yaqaan ... Minions Obama waxay u oggolaanayaan Shirkadda Nestle inay ka dhoofiso biyaha macaan ee qaaliga ah harada Michigan.,0
2560,Guddiga dib u soo celinta dhaqangelinta ee gobolka ee dhawaan la sameeyay...,"Guddiga dib u eegista dhaqangelinta socdaalka ee gobolka ee dhawaan la sameeyay ayaa dhab ahaantii dacwayn kara, oo ku ridi kara [xukun] xabsiga, haddii aanu keenno xeer ilaaliyaha guud.",0
2561,(Madaxweyne Barack Obama) ayaa sheegay in shaqo la’aantu aysan waligeed g...,(Madaxweyne Barack Obama) wuxuu sheegay in shaqo la'aantu aysan weligeed dhaafi doonin 8 boqolkiiba haddii aan gudbino qorshaha kicinta.,0
2562,Boqolkiiba 95 lacagta loo isticmaalo ururka shaqaalaha wor...,Boqolkiiba shan iyo sagaashan lacagta loo isticmaalo xarumaha tababarka shaqaalaha ee ay ku shaqeeyaan ururka waxay ka yimaadaan loo shaqeeyayaasha.,0
2563,Sen. Hutchison waxa uu ka tagey Jamhuuriyiintii oo uu la saftay Dimuqraadiga...,Sen. Hutchison wuu ka tagay Jamhuuriyiintii wuxuuna la istaagay Dimuqraadiyiinta si loo hubiyo in sharciga daryeelka caafimaadku si dhakhso ah u gudbi doono.,0
2564,Haddii Madaxweyne Obama saxiixo daawaynta isbedelka cimilada ee Copenhagen...,"Haddii madaxweyne Obama uu saxiixo heshiiska isbeddelka cimilada ee Copenhagen, wuxuu ""sixiixi doonaa xorriyaddaada, dimoqraadiyaddaada, iyo barwaaqadaada weligiin, adiga iyo dawlad kasta oo ku xigta oo aad dooran karto ma lahaan doonto wax awood ah si ay dib ugu soo celiso.""",0
2565,Shirkadda ay dawladdu kiraysanayso ee qiimaynaysa ardayda ay dawladdu u xilsaartay...,Shirkadda ay dawladdu kiraysanayso ee qiimeeya imtixaannada ardayda ee gobolku waajibiyay waxay ku baxaysaa Craigslist si ay u hesho imtaxaanayaal si ay u akhriyaan qoraallada ardaydeenna.,0
2566,Qofka iga soo waxa uu ballan qaadayaa in uu soo celin doono shaqada hore isaga oo raba in uu iska tago...,Qofka iga soo horjeeda wuxuu ballan qaadayaa inuu soo celin doono shaqooyin hore isagoo u rajeeyay dhaqaalaha adduunka.,0
2567,Waajibaadka daryeelka caafimaadku wuxuu u baahan doonaa xadhig iyo ganaax...,Waajibaadka daryeelka caafimaadku waxay u baahan doontaa xadhig iyo ganaax lacageed dadka Maraykanka ah ee aan awoodin inay iibsadaan caymis ama bixiyaan ganaaxyo culus oo dawladeed.,0
2568,Guddiga dib u soo celinta dhaqangelinta ee gobolka ee dhawaan la sameeyay...,"Guddiga dib u eegista dhaqangelinta socdaalka ee gobolka ee dhawaan la sameeyay ayaa dhab ahaantii dacwayn kara, oo ku ridi kara [xukun] xabsiga, haddii aanu keenno xeer ilaaliyaha guud.",0
2569,Wuxuu sheegay in qaraarka Senate-ka uu soo celin doono $140 bishiiba...,Wuxuu sheegay in qaraarka Senate-ka uu soo celin doono $140 lacagihii kaalmada guud ee bishii iyo ka hortagga dadka inay dambi galaan.,0
2570,Waxay leedahay warbaahintu waxay abuurtay ereyga polar vortex iyo qabow ai...,Waxay leedahay warbaahintu waxay abuurtay ereyga polar vortex hawada qabowna waxay caddaynaysaa in barafku aanu dhalaalinayn.,0
2571,(Madaxweyne Barack Obama) ayaa sheegay in shaqo la’aantu aysan waligeed g...,(Madaxweyne Barack Obama) wuxuu sheegay in shaqo la'aantu aysan weligeed dhaafi doonin 8 boqolkiiba haddii aan gudbino qorshaha kicinta.,0
2572,Is-dilku wuxuu ka imaanayaa calaamad ah ee waaweyn oo leh ...,Is-dilku wuxuu ka yimaadaa dawladda dhexe ee waaweyn oo leh waxba uma qalantid laakiin waxaad ku heli doontaa wax aan waxba ahayn.,0
2573,Ayaa sheegay in Adeegga Boostada Maraykanku aanay qaadan wax gargaar cashuur bixiye ah tan iyo markii...,"Waxa uu leeyahay Adeegga Boostada Maraykanku ma qaadin wax gargaar cashuur bixiye ah ilaa 1971, waxa ay maalgelisaa hawlaha gabi ahaan iibinta stamps iyo alaabta la xidhiidha oo waxa ay samaysaa faa'iido hawl gal sanadba sanadka ka dambeeya.",0
2574,Way adag tahay in dadka Portland ku nool ay Haa ugu codeeyaan mea...,"Way adag tahay in dadka Portland ku nool ay Haa ugu codeeyaan cabbirada codbixinta, gaar ahaan marka ay jiraan mucaarad.",0
2575,Waxaa jira kharashyo maamul oo sarreeya marka aad ku deeqdo Haiti...,Waxaa jira kharashyo maamul oo sarreeya marka aad ku deeqdo gargaarka Haiti iyada oo loo marayo Mareegta Aqalka Cad.,0
2576,Qofka iga soo waxa uu ballan qaadayaa in uu soo celin doono shaqada hore isaga oo raba in uu iska tago...,Qofka iga soo horjeeda wuxuu ballan qaadayaa inuu soo celin doono shaqooyin hore isagoo u rajeeyay dhaqaalaha adduunka.,0
2577,Xildhibaanada Aqalka Sare ayaa meel mariyay mushaar kordhin dhan $10...,"Xubnaha Congress-ka waxay ku ansixiyeen mushaar kordhin dhan $10,000 muddo laba sano ah xitaa iyagoo u codeeyay inaanan kor loo qaadin macaashka Lambarka Bulshada 2010 iyo 2011.",0
2578,Nidaamka xogta ee la socda Common Core waxaa loo qaabeeyey t...,"Nidaamka xogta ee la socda Core Common waxaa loogu talagalay in lagu ururiyo ilaa 400 dhibcood ilmo kasta, taas oo ay ku jiri karto xogta shakhsi ahaan lagu aqoonsan karo.",0
2579,Saddex meelood labo ka mid ah dadka ku nool Wisconsin ayaa si adag uga soo horjeeda...,Saddex meelood laba meel dadka Wisconsin ayaa si adag uga soo horjeeda fikradan ah in si joogto ah looga qaado xuquuqda dadka ee gorgortanka wadajirka ah.,0
2580,Waajibaadka daryeelka caafimaadku wuxuu u baahan doonaa xadhig iyo ganaax...,Waajibaadka daryeelka caafimaadku waxay u baahan doontaa xadhig iyo ganaax lacageed dadka Maraykanka ah ee aan awoodin inay iibsadaan caymis ama bixiyaan ganaaxyo culus oo dawladeed.,0
2581,Frank Guinta ayaa u codeeyay in cashuur bixiyayaasha dabaqadda dhexe ay bixiyaan lacag ka badan...,"Frank Guinta ayaa u codeeyay in cashuur bixiyayaasha dabaqadda dhexe ay bixiyaan in ka badan $1,000 oo dheeraad ah sannadkii.",0
2582,Bal eeg waxa uu agaasimaha FBI-da ka yidhi iyada (Hillary C...,Bal u fiirso waxa uu agaasimaha FBI-da ka yidhi (Hillary Clinton) dhaqan-xumada ay samaysay waa ceeb iyo ceeb dalkeena.,0
2583,Wuxuu yiri tababaraha kubbadda cagta Rex Ryan wuxuu ku guuleystay horyaalada ...,"Waxa uu yidhi tababaraha kubada cagta ee xirfada leh Rex Ryan ayaa ku guulaystay horyaalada New York. AFC, waxaan filayaa, laba jeer.",0
2584,Walaalaha Koch keligood waxay siiyeen lacag laba jibaar ka badan Scott Wa...,Walaalaha Koch keligood waxay siiyeen laba laab lacag ka badan Scott Walker wadarta guud ee lacagta uu soo ururiyay Tom Barrett.,0
2585,Wuxuu sheegay in ay jiraan doollar federaal ah oo badan oo ku jira Gov. John Kasichs bud...,Wuxuu sheegay in ay jiraan doollar federaali ah oo ka badan qorshaha miisaaniyadda Gov. John Kasichs marka loo eego miisaaniyaddii hore ee gobolka.,0
2586,Codbixinta ayaa muujineysa in Floridians aysan dooneynin inay baabi'iyaan lacagta la awoodi karo…,Ra'yi ururintu waxay muujinayaan in Floridians aysan rabin inay tirtiraan Sharciga Daryeelka La awoodi karo.,0
2587,Canshuuraha guryuhu hadda 18% way ka sarreeyaan markii (Mark Sharpe) kow...,Canshuuraha guryuhu hadda 18% way ka sarreeyaan markii (Mark Sharpe) markii ugu horreysay ee uu xafiiska la wareegay.,0
2588,Waxaan ka mid ahaa kuwii ugu horreeyay ee dhaleeceeya ku degdegista dagaalka (Ir...,"Waxaan ka mid ahaa kuwii ugu horreeyay ee dhaleeceeya degdegga ah ee dagaalka (Ciraaq), iyo haa, xitaa ka hor inta uusan dagaalku bilaaban.",0
2589,Waxa uu yidhi Mike Dovilla waxa uu taageersan yahay qorshe u ogolaan kara ajaanib...,Wuxuu yiri Mike Dovilla wuxuu taageersan yahay qorshe u oggolaanaya shirkad ajnabi ah inay la wareegto Ohio Turnpike,0
2590,Waxa uu yidhi Mike Dovilla waxa uu taageersan yahay qorshe u ogolaan kara ajaanib...,Wuxuu yiri Mike Dovilla wuxuu taageersan yahay qorshe u oggolaanaya shirkad ajnabi ah inay la wareegto Ohio Turnpike,0
2591,Waxaan u dhimi karnaa shaqo la'aanta kala bar si fudud annaga oo dib u soo ceshanno j...,Waxaan shaqo la'aanta u dhimi karnaa kala bar si fudud innagoo dib u soo ceshanayna shaqooyinkii ay qabteen shaqaalaha sharci darrada ah.,0
2592,Musharaxa senate-ka Mareykanka Jack Kingston waxa uu ku qarash gareeyay doollarkayaga canshuurta...,Musharaxa senate-ka ee Maraykanka Jack Kingston waxa uu doollarkayaga cashuurta ku kharash gareeyey kumanyaal calaamado wasakh ah.,0
2593,"27-kii bilood ee la soo dhaafay, Madaxweyne Barack Obama waxa uu abuuray...","27-kii bilood ee la soo dhaafay, Madaxweyne Barack Obama waxa uu abuuray shaqooyin ka badan kuwa gaarka loo leeyahay marka loo eego soo kabashada Reagan.",0
2594,"Ohio, waxaan ku maal galinay caruurteena, anagoo kordhinayna maalgelinta iskuulka...","Ohio, waxaanu maal galinay caruurteena, anagoo ku kordhinay maalgelinta dugsiga 5.5 boqolkiiba miisaaniyadii u dambaysay.",0
2595,Waxa uu yidhi Donald Trump waxa uu taageersan yahay ajande halkaas ka jira oo ah in si gaar loo leeyahay...,Waxa uu yidhi Donald Trump waxa uu taageerayaa ajande halkaa ka jira si gaar looga dhigo nidaamka daryeelka caafimaadka ee Arrimaha Veterans.,0
2596,"Mashruuca Buffalos SolarCity, Andrew Cuomo wuxuu abuuri doonaa laga yaabee ...","Mashruuca Buffalos SolarCity, Andrew Cuomo wuxuu abuuri doonaa laga yaabee 500 shaqo haddii ay weligeed dhacdo, qiyaastii $1.5 milyan shaqa kasta.",0
2597,"Hadda, Golaha Wakiilada, waxaan leenahay 40 kala duwan oo j...","Hadda, Golaha Wakiillada, waxaanu haynaa 40 xeer oo kala duwan oo shaqo ah oo la ansixiyay oo ku dhawaad ​​dhamaantood ahaayeen laba xisbi.",0
2598,Codbixinta ayaa muujineysa in Floridians aysan dooneynin inay baabi'iyaan lacagta la awoodi karo…,Ra'yi ururintu waxay muujinayaan in Floridians aysan rabin inay tirtiraan Sharciga Daryeelka La awoodi karo.,0
2599,Saddex meelood labo ka mid ah dadka ku nool Wisconsin ayaa si adag uga soo horjeeda...,Saddex meelood laba meel dadka Wisconsin ayaa si adag uga soo horjeeda fikradan ah in si joogto ah looga qaado xuquuqda dadka ee gorgortanka wadajirka ah.,0
2600,"Qoysaska Maraykanku waxay ku dadaalaan inay helaan $4,250 bishii. Obama ayaa...","Qoysaska Maraykanku waxay ku dadaalaan inay helaan $4,250 bishii. Obama waxa uu ku kharash gareeyaa $18,972 bishii ilmo kasta oo sharci-darro ah.",0
2601,Ayaa sheegtay in dowladda federaalku ay amar ku bixisay in dadka aan galmoodka ahayn (sic) iyo h...,Ayaa sheegtay in dawladda federaalku ay amar ku bixinayso dadka aan isu galmoodin (sic) iyo khaniisiinta inay carruurta ku qabsanayaan aagagga khatarta ah ee shisheeyaha iyagoo adeegsanaya magaca ammaanka garoonka diyaaradaha.,0
2602,Ayaa sheegay in Adeegga Boostada Maraykanku aanay qaadan wax gargaar cashuur bixiye ah tan iyo markii...,"Waxa uu leeyahay Adeegga Boostada Maraykanku ma qaadin wax gargaar cashuur bixiye ah ilaa 1971, waxa ay maalgelisaa hawlaha gabi ahaan iibinta stamps iyo alaabta la xidhiidha oo waxa ay samaysaa faa'iido hawl gal sanadba sanadka ka dambeeya.",0
2603,Wuxuu yiri Ron Johnson run ahaantii waxba ma uusan qaban si uu ula dagaallamo geesiga ...,Wuxuu yidhi Ron Johnson run ahaantii waxba ma uu samayn si uu ula dagaallamo balwadda heroin-ka iyo xad-gudubka opioid.,0
2604,Ku dhawaad ​​800 oo qof ayaa diiday in laga baaro daroogada sababtoo ah...,Qiyaastii 800 oo qof ayaa diiday in la sameeyo baaris daroogo sababtoo ah waxay u joogaan mukhaadaraad.,0
2605,"Inkasta oo ay ka soo horjeesteen naadiga qaranka ee kobaca, naadiga G...","In kasta oo ay ka soo horjeedaan Naadiga kobaca qaranka, Naadiga Kobaca Wisconsin ayaa u ansixiyay Senetka Mareykanka.",0
2606,"Si qarsoodi ah, iyadoo aan la ogeyn xubnaha Congress-ka, in ka badan $105 biil...","Si qarsoodi ah, iyadoo aan la ogeyn xubnaha Congress-ka, in ka badan 105 bilyan ayaa lagu qariyay sharciga Obamacare.",0
2607,Wendy Davis waxay kaliya ku samaynaysay lacag ururin Chicago,Wendy Davis waxa ay Chicago ka samaynaysay dhaqaale ururin iyada oo la kaashanaysa ururka hantiwadaaga caalamiga ah.,0
2608,Ciidamada badda ayaa dacwad ku soo oogaya sarkaal ka tirsan ciidamada badda oo toogtay...,Ciidanka badda ayaa dacwad ku soo oogaya sarkaal ka tirsan ciidamada badda oo toogtay toogashadii Chattanooga ka dib markii uu si sharci darro ah hub ugu furay hanti federaal ah.,0
2609,Ayaa sheegtay in dowladda federaalku ay amar ku bixisay in dadka aan galmoodka ahayn (sic) iyo h...,Ayaa sheegtay in dawladda federaalku ay amar ku bixinayso dadka aan isu galmoodin (sic) iyo khaniisiinta inay carruurta ku qabsanayaan aagagga khatarta ah ee shisheeyaha iyagoo adeegsanaya magaca ammaanka garoonka diyaaradaha.,0
2610,Bal eeg waxa uu agaasimaha FBI-da ka yidhi iyada (Hillary C...,Bal u fiirso waxa uu agaasimaha FBI-da ka yidhi (Hillary Clinton) dhaqan-xumada ay samaysay waa ceeb iyo ceeb dalkeena.,0
2611,Mas’uuliyiinta dalka Imaaraadka Carabta ayaa sheegay in ugu ...,"Mas’uuliyiinta dalka Imaaraadka Carabta ayaa sheegay in ugu yaraan 16 gantaal oo ballistic ah iyo 121 diyaaradood oo aan duuliye lahayn (drones) maanta lagu soo weeraray dalka. Sida ay sheegeen saraakiisha, dhammaan gantaallada marka laga reebo mid badda ku dhacay ayaa la qabtay lana burburiyay. Sidoo kale ugu yaraan 119 drones ayaa la qabtay, halka labo drone ay ku dhaceen gudaha dhulka Imaaraadka Carabta. Tan iyo markii uu dagaalku bilaabmay, mas’uuliyiintu waxay sheegeen in la ogaaday: 221 gantaal oo ballistic ah, kuwaas oo 205 la burburiyay, 14-na ay badda ku dhaceen, halka labo ay ku dhaceen gudaha dalka Imaaraadka. 1,305 drones oo laga soo diray Iran, kuwaas oo 1,229 la qabtay, halka 76 ay ku dhaceen gudaha dalka. Sidoo kale siddeed gantaal oo cruise ah ayaa la ogaaday laguna guuleystay in la burburiyo. Weeraradan ayaa sababay dhimashada saddex qof oo kala ah muwaadiniin u dhashay Pakistan, Nepal iyo Bangladesh. Waxaa sidoo kale ku dhaawacmay dhaawacyo fudud 112 qof oo ka kala yimid dalal ay ka mid yihiin Imaaraadka, Masar, Itoobiya, Filibiin, Pakistan, Iran, Hindiya, Bangladesh, Sri Lanka, Azerbaijan, Yemen, Uganda, Eritrea, Lubnaan, Afghanistan, Bahrain, Comoros iyo Turkiga.",0
2612,"Mashruuca Buffalos SolarCity, Andrew Cuomo wuxuu abuuri doonaa laga yaabee ...","Mashruuca Buffalos SolarCity, Andrew Cuomo wuxuu abuuri doonaa laga yaabee 500 shaqo haddii ay weligeed dhacdo, qiyaastii $1.5 milyan shaqa kasta.",0
2613,Ciidamada badda ayaa dacwad ku soo oogaya sarkaal ka tirsan ciidamada badda oo toogtay...,Ciidanka badda ayaa dacwad ku soo oogaya sarkaal ka tirsan ciidamada badda oo toogtay toogashadii Chattanooga ka dib markii uu si sharci darro ah hub ugu furay hanti federaal ah.,0
2614,Barasaabkii hore ee Alaska Sarah Palin ayaa ku saxnayd in madaxweynaha...,"Guddoomiyihii hore ee Alaska Sarah Palin waxay ku saxsanayd in sharciga daryeelka caafimaadka ee Madaxweyne Barack Obama uu abuuray waxa, dhab ahaan, noqon lahaa guddiyada dhimashada.",0
2615,Canshuuraha guryuhu hadda 18% way ka sarreeyaan markii (Mark Sharpe) kow...,Canshuuraha guryuhu hadda 18% way ka sarreeyaan markii (Mark Sharpe) markii ugu horreysay ee uu xafiiska la wareegay.,0
2616,Donald Trump ayaa sheegay in dowladda ay bixineyso qarashka ku baxaya...,Wuxuu yidhi Donald Trump wuxuu sheegay in dawladdu ay bixinayso kharashka qof walba si uu u helo daryeel caafimaad.,0
2617,Musharaxa senate-ka Mareykanka Jack Kingston waxa uu ku qarash gareeyay doollarkayaga canshuurta...,Musharaxa senate-ka ee Maraykanka Jack Kingston waxa uu doollarkayaga cashuurta ku kharash gareeyey kumanyaal calaamado wasakh ah.,0
2618,Wuxuu sheegay in dib u habeynta daryeelka caafimaadka qaranka ay tahay mid ay dowladdu la wareegtay...,Waxa uu leeyahay dib u habaynta daryeelka caafimaadka qaranka waa la wareegida dawladda ee daryeelka caafimaadka.,0
2619,Barasaabkii hore ee Alaska Sarah Palin ayaa ku saxnayd in madaxweynaha...,"Guddoomiyihii hore ee Alaska Sarah Palin waxay ku saxsanayd in sharciga daryeelka caafimaadka ee Madaxweyne Barack Obama uu abuuray waxa, dhab ahaan, noqon lahaa guddiyada dhimashada.",0
2620,Muwaadiniin Jarmal ah ayaa dawladoodii hub ka dhigis ku samaysay dhamaadkii...,"Muwaadiniinta Jarmalku waxa hub ka dhigis ku sameeyay dawladoodii dabayaaqadii 1930-meeyadii, taas oo u ogolaatay Naasiyiintii in ay fuliyaan ujeedooyinkooda xun iyaga oo iska caabin yar leh.",0
2621,"Mashruuca Buffalos SolarCity, Andrew Cuomo wuxuu abuuri doonaa laga yaabee ...","Mashruuca Buffalos SolarCity, Andrew Cuomo wuxuu abuuri doonaa laga yaabee 500 shaqo haddii ay weligeed dhacdo, qiyaastii $1.5 milyan shaqa kasta.",0
2622,"Inkasta oo ay ka soo horjeesteen naadiga qaranka ee kobaca, naadiga G...","In kasta oo ay ka soo horjeedaan Naadiga kobaca qaranka, Naadiga Kobaca Wisconsin ayaa u ansixiyay Senetka Mareykanka.",0
2623,Bal eeg waxa uu agaasimaha FBI-da ka yidhi iyada (Hillary C...,Bal u fiirso waxa uu agaasimaha FBI-da ka yidhi (Hillary Clinton) dhaqan-xumada ay samaysay waa ceeb iyo ceeb dalkeena.,0
2624,Haddii Madaxweyne Obama saxiixo daawaynta isbedelka cimilada ee Copenhagen...,"Haddii madaxweyne Obama uu saxiixo heshiiska isbeddelka cimilada ee Copenhagen, wuxuu ""sixiixi doonaa xorriyaddaada, dimoqraadiyaddaada, iyo barwaaqadaada weligiin, adiga iyo dawlad kasta oo ku xigta oo aad dooran karto ma lahaan doonto wax awood ah si ay dib ugu soo celiso.""",0
2625,Wuxuu yiri tababaraha kubbadda cagta Rex Ryan wuxuu ku guuleystay horyaalada ...,"Waxa uu yidhi tababaraha kubada cagta ee xirfada leh Rex Ryan ayaa ku guulaystay horyaalada New York. AFC, waxaan filayaa, laba jeer.",0
2626,Ku dhawaad ​​800 oo qof ayaa diiday in laga baaro daroogada sababtoo ah...,Qiyaastii 800 oo qof ayaa diiday in la sameeyo baaris daroogo sababtoo ah waxay u joogaan mukhaadaraad.,0
2627,Saddex meelood labo meel Granite States ayaa kasoo horjeeda xisbiga Shaaha iyo xisbigiisa...,Saddex meelood laba meel Granite States waxay ka soo horjeedaan Xisbiga Shaaha iyo ajandihiisa ku saabsan ururada shaqaalaha.,0
2628,Muwaadiniin Jarmal ah ayaa dawladoodii hub ka dhigis ku samaysay dhamaadkii...,"Muwaadiniinta Jarmalku waxa hub ka dhigis ku sameeyay dawladoodii dabayaaqadii 1930-meeyadii, taas oo u ogolaatay Naasiyiintii in ay fuliyaan ujeedooyinkooda xun iyaga oo iska caabin yar leh.",0
2629,Maraykanku kama mid ahayn 16 waddan oo David Pe...,Mareykanka ayaan ka mid ahayn 16 wadan oo David Perdue uu ku sheegay in Pillowtex uu shaqo ka abuuray.,0
2630,Wuxuu yiri Ron Johnson run ahaantii waxba ma uusan qaban si uu ula dagaallamo geesiga ...,Wuxuu yidhi Ron Johnson run ahaantii waxba ma uu samayn si uu ula dagaallamo balwadda heroin-ka iyo xad-gudubka opioid.,0
2631,Shirkadda ay dawladdu kiraysanayso ee qiimaynaysa ardayda ay dawladdu u xilsaartay...,Shirkadda ay dawladdu kiraysanayso ee qiimeeya imtixaannada ardayda ee gobolku waajibiyay waxay ku baxaysaa Craigslist si ay u hesho imtaxaanayaal si ay u akhriyaan qoraallada ardaydeenna.,0
2632,Muwaadiniin Jarmal ah ayaa dawladoodii hub ka dhigis ku samaysay dhamaadkii...,"Muwaadiniinta Jarmalku waxa hub ka dhigis ku sameeyay dawladoodii dabayaaqadii 1930-meeyadii, taas oo u ogolaatay Naasiyiintii in ay fuliyaan ujeedooyinkooda xun iyaga oo iska caabin yar leh.",0
2633,Adigoo isticmaalaya daldaloolo yar oo la yaqaan ... Minions Obama waa la oggol yahay ...,Adigoo isticmaalaya daldaloolo yar oo la yaqaan ... Minions Obama waxay u oggolaanayaan Shirkadda Nestle inay ka dhoofiso biyaha macaan ee qaaliga ah harada Michigan.,0
2634,Wuxuu sheegay in uu ku guuleystay codka shacabka haddii aad ka jarto malaayiinta p...,Waxa uu sheegay in uu ku guulaystay codka shacabka haddii aad ka jarto malaayiinta qof ee sida sharci darrada ah u codeeyay.,0
2635,Codbixinta ayaa muujineysa in Floridians aysan dooneynin inay baabi'iyaan lacagta la awoodi karo…,Ra'yi ururintu waxay muujinayaan in Floridians aysan rabin inay tirtiraan Sharciga Daryeelka La awoodi karo.,0
2636,Barasaabkii hore ee Alaska Sarah Palin ayaa ku saxnayd in madaxweynaha...,"Guddoomiyihii hore ee Alaska Sarah Palin waxay ku saxsanayd in sharciga daryeelka caafimaadka ee Madaxweyne Barack Obama uu abuuray waxa, dhab ahaan, noqon lahaa guddiyada dhimashada.",0
2637,Wuxuu yiri Ron Johnson run ahaantii waxba ma uusan qaban si uu ula dagaallamo geesiga ...,Wuxuu yidhi Ron Johnson run ahaantii waxba ma uu samayn si uu ula dagaallamo balwadda heroin-ka iyo xad-gudubka opioid.,0
2638,Madaxweyne Obama ayaa sheegay in shaqo la’aanta ay ka hooseyso 8...,Waxa uu yidhi Madaxweyne Obama waxa uu ballan qaaday in shaqo la'aanta ay ka hoosayso 8 boqolkiiba haddii kicinta la dhaafo.,0
2639,"McCain ""wuxuu u codeeyay inuu dhimo maalgelinta waxbarashada, isagoo ka soo horjeeda la xisaabtanka","McCain ""wuxuu u codeeyay inuu dhimo maalgelinta waxbarashada, isagoo ka soo horjeeda heerarka isla xisaabtanka. Wuxuu xitaa soo jeediyay in la baabi'iyo Waaxda Waxbarashada.""",0
2640,"Hadda, Golaha Wakiilada, waxaan leenahay 40 kala duwan oo j...","Hadda, Golaha Wakiillada, waxaanu haynaa 40 xeer oo kala duwan oo shaqo ah oo la ansixiyay oo ku dhawaad ​​dhamaantood ahaayeen laba xisbi.",0
2641,Xirmada dhiirigelinta waxaa ku jira sharci ka soo horjeeda Masiixi...,"Xirmada dhiirigelinta waxaa ku jira sharci lid ku ah Masiixiyiinta kaas oo joojin doona kaniisadaha inay u isticmaalaan dugsiyada dadweynaha kulannada axada, iyo sidoo kale Boy Scouts iyo kooxaha ardada barta Kitaabka Quduuska ah.",0
2642,Waxay tiri Cathy Jordan waa la xiray oo laga soo saaray gurigeeda b...,Waxay tiri Cathy Jordan ayaa la xiray oo ay ka soo saareen gurigeeda koox SWAT ah oo hooligan ah si ay u isticmaasho marijuana caafimaad.,0
2643,Waxa uu yidhi Donald Trump waxa uu taageersan yahay ajande halkaas ka jira oo ah in si gaar loo leeyahay...,Waxa uu yidhi Donald Trump waxa uu taageerayaa ajande halkaa ka jira si gaar looga dhigo nidaamka daryeelka caafimaadka ee Arrimaha Veterans.,0
2644,"Ohio, waxaan ku maal galinay caruurteena, anagoo kordhinayna maalgelinta iskuulka...","Ohio, waxaanu maal galinay caruurteena, anagoo ku kordhinay maalgelinta dugsiga 5.5 boqolkiiba miisaaniyadii u dambaysay.",0
2645,Barnaamijka aroornimo ee soo bandhiga wararka gogoldhaca u a...,Barnaamijka aroornimo ee soo bandhiga wararka gogoldhaca u ah maalinta iyo cayaaraha. Barnaamij aan ku eegno wararkii ugu dambeeyay ee caalamka iyo Soomaalida. Barnaamijka aroornimo ee soo bandhiga wararka gogoldhaca u ah maalinta iyo cayaaraha. Barnaamij aan ku eegno wararkii ugu dambeeyay ee caalamka iyo Soomaalida. Barnaamijka aroornimo ee soo bandhiga wararka gogoldhaca u ah maalinta iyo cayaaraha.,0
2646,Miisaaniyadda Madaxweyne Barack Obama ayaa khatar ku ah amniga qaranka b...,Miisaaniyadda Madaxweyne Barack Obamas waxay khatar ku tahay amniga qaranka isagoo soo jeedinaya Ciidan ka kooban shaqaale ka yar kuwii aan haysanay ka hor Pearl Harbor.,0
2647,"Inkasta oo ay ka soo horjeesteen naadiga qaranka ee kobaca, naadiga G...","In kasta oo ay ka soo horjeedaan Naadiga kobaca qaranka, Naadiga Kobaca Wisconsin ayaa u ansixiyay Senetka Mareykanka.",0
2648,Codbixinta ayaa muujineysa in Floridians aysan dooneynin inay baabi'iyaan lacagta la awoodi karo…,Ra'yi ururintu waxay muujinayaan in Floridians aysan rabin inay tirtiraan Sharciga Daryeelka La awoodi karo.,0
2649,"27-kii bilood ee la soo dhaafay, Madaxweyne Barack Obama waxa uu abuuray...","27-kii bilood ee la soo dhaafay, Madaxweyne Barack Obama waxa uu abuuray shaqooyin ka badan kuwa gaarka loo leeyahay marka loo eego soo kabashada Reagan.",0
2650,Madaxweyne Obama ayaa sheegay in shaqo la’aanta ay ka hooseyso 8...,Waxa uu yidhi Madaxweyne Obama waxa uu ballan qaaday in shaqo la'aanta ay ka hoosayso 8 boqolkiiba haddii kicinta la dhaafo.,0
2651,Saddex meelood labo ka mid ah dadka ku nool Wisconsin ayaa si adag uga soo horjeeda...,Saddex meelood laba meel dadka Wisconsin ayaa si adag uga soo horjeeda fikradan ah in si joogto ah looga qaado xuquuqda dadka ee gorgortanka wadajirka ah.,0
2652,"Barack Obama ""wuxuu doonayaa in dowladda ay la wareegto daryeelka caafimaadka,...","Barack Obama ""wuxuu rabaa in dowladdu ay la wareegto daryeelka caafimaadka, ku bixiso boqolaal bilyan oo doolar oo lacag cusub ah caymiska caafimaadka qof walba.""",0
2653,Waxay qaadataa tamar aad u badan si loo sameeyo panel cadceedda sida ay u badan tahay g...,Waxay qaadataa tamar aad u badan si loo sameeyo alwaax qoraxda sida ay u badan tahay inay soo saarto nolosheeda oo dhan.,0
2654,"Barack Obama ""wuxuu rabaa in dowladdu ay la wareegto daryeel...","Barack Obama ""wuxuu rabaa in dowladdu ay la wareegto daryeelka caafimaadka, ku bixiso boqolaal bilyan oo doolar oo lacag cusub ah caymiska caafimaadka qof walba.""",0
2655,Codbixinta ayaa muujineysa in Floridians aysan dooneynin inay baabi'iyaan lacagta la awoodi karo…,Ra'yi ururintu waxay muujinayaan in Floridians aysan rabin inay tirtiraan Sharciga Daryeelka La awoodi karo.,0
2656,Bal eeg waxa uu agaasimaha FBI-da ka yidhi iyada (Hillary C...,Bal u fiirso waxa uu agaasimaha FBI-da ka yidhi (Hillary Clinton) dhaqan-xumada ay samaysay waa ceeb iyo ceeb dalkeena.,0
2657,Wendy Davis waxay kaliya ku samaynaysay lacag ururin Chicago,Wendy Davis waxa ay Chicago ka samaynaysay dhaqaale ururin iyada oo la kaashanaysa ururka hantiwadaaga caalamiga ah.,0
2658,Miisaaniyadda Madaxweyne Barack Obama ayaa khatar ku ah amniga qaranka b...,Miisaaniyadda Madaxweyne Barack Obamas waxay khatar ku tahay amniga qaranka isagoo soo jeedinaya Ciidan ka kooban shaqaale ka yar kuwii aan haysanay ka hor Pearl Harbor.,0
2659,"Waxaan leenahay magaalooyin ku yaal Galbeedka Texas oo aan biyuhu lahayn, kuwaas oo ah ...","Waxaan leenahay magaalooyin ku yaal Galbeedka Texas oo ay ka maqan yihiin biyaha, kuwaas oo ay tahay in ay biyo ku dhaamiyaan.",0
2660,Guddiga dib u soo celinta dhaqangelinta ee gobolka ee dhawaan la sameeyay...,"Guddiga dib u eegista dhaqangelinta socdaalka ee gobolka ee dhawaan la sameeyay ayaa dhab ahaantii dacwayn kara, oo ku ridi kara [xukun] xabsiga, haddii aanu keenno xeer ilaaliyaha guud.",0
2661,Maxay ahaayeen hoos u dhacii sanadlaha ahaa ee Jamhuuriga hadda...,Maxay ahaayeen khasaare sanadeedkii hore ee Jamhuuriyiinta ayaa hadda noqday hoos u dhacyada billaha ah ee hoos yimaada Dimuqraadiyiinta.,0
2662,Maxay ahaayeen hoos u dhacii sanadlaha ahaa ee Jamhuuriga hadda...,Maxay ahaayeen khasaare sanadeedkii hore ee Jamhuuriyiinta ayaa hadda noqday hoos u dhacyada billaha ah ee hoos yimaada Dimuqraadiyiinta.,0
2663,Madaxweyne Obama ayaa sheegay in shaqo la’aanta ay ka hooseyso 8...,Waxa uu yidhi Madaxweyne Obama waxa uu ballan qaaday in shaqo la'aanta ay ka hoosayso 8 boqolkiiba haddii kicinta la dhaafo.,0
2664,Waxay tiri Cathy Jordan waa la xiray oo laga soo saaray gurigeeda b...,Waxay tiri Cathy Jordan ayaa la xiray oo ay ka soo saareen gurigeeda koox SWAT ah oo hooligan ah si ay u isticmaasho marijuana caafimaad.,0
2665,Sen. Hutchison waxa uu ka tagey Jamhuuriyiintii oo uu la saftay Dimuqraadiga...,Sen. Hutchison wuu ka tagay Jamhuuriyiintii wuxuuna la istaagay Dimuqraadiyiinta si loo hubiyo in sharciga daryeelka caafimaadku si dhakhso ah u gudbi doono.,0
2666,Waxaan ka mid ahaa kuwii ugu horreeyay ee dhaleeceeya ku degdegista dagaalka (Ir...,"Waxaan ka mid ahaa kuwii ugu horreeyay ee dhaleeceeya degdegga ah ee dagaalka (Ciraaq), iyo haa, xitaa ka hor inta uusan dagaalku bilaaban.",0
2667,"Qoysaska Maraykanku waxay ku dadaalaan inay helaan $4,250 bishii. Obama ayaa...","Qoysaska Maraykanku waxay ku dadaalaan inay helaan $4,250 bishii. Obama waxa uu ku kharash gareeyaa $18,972 bishii ilmo kasta oo sharci-darro ah.",0
2668,Ayaa sheegay in Adeegga Boostada Maraykanku aanay qaadan wax gargaar cashuur bixiye ah tan iyo markii...,"Waxa uu leeyahay Adeegga Boostada Maraykanku ma qaadin wax gargaar cashuur bixiye ah ilaa 1971, waxa ay maalgelisaa hawlaha gabi ahaan iibinta stamps iyo alaabta la xidhiidha oo waxa ay samaysaa faa'iido hawl gal sanadba sanadka ka dambeeya.",0
2669,"Hadda, Golaha Wakiilada, waxaan leenahay 40 kala duwan oo j...","Hadda, Golaha Wakiillada, waxaanu haynaa 40 xeer oo kala duwan oo shaqo ah oo la ansixiyay oo ku dhawaad ​​dhamaantood ahaayeen laba xisbi.",0
2670,Frank Guinta ayaa u codeeyay in cashuur bixiyayaasha dabaqadda dhexe ay bixiyaan lacag ka badan...,"Frank Guinta ayaa u codeeyay in cashuur bixiyayaasha dabaqadda dhexe ay bixiyaan in ka badan $1,000 oo dheeraad ah sannadkii.",0
2671,Waxa uu yidhi Donald Trump waxa uu taageersan yahay ajande halkaas ka jira oo ah in si gaar loo leeyahay...,Waxa uu yidhi Donald Trump waxa uu taageerayaa ajande halkaa ka jira si gaar looga dhigo nidaamka daryeelka caafimaadka ee Arrimaha Veterans.,0
2672,Hindise sharciyeedka gobolka ayaa soo afjari doona shuruudihii muddada dheer ee ahaa in deegaanka...,Hindise-sharciyeedka gobolku waxa uu soo afjarayaa shuruudii muddada dheer u baahnayd ee ah in dawladaha hoose ay dayactiraan waddooyinka waaweyn iyo laamiyada-- oo ay ka horjoogsadaan muwaadiniinta dhaawaca ah in ay dacweeyaan dayactirka la dayacay.,0
2673,"Hadda, Golaha Wakiilada, waxaan leenahay 40 kala duwan oo j...","Hadda, Golaha Wakiillada, waxaanu haynaa 40 xeer oo kala duwan oo shaqo ah oo la ansixiyay oo ku dhawaad ​​dhamaantood ahaayeen laba xisbi.",0
2674,Shirkadda ay dawladdu kiraysanayso ee qiimaynaysa ardayda ay dawladdu u xilsaartay...,Shirkadda ay dawladdu kiraysanayso ee qiimeeya imtixaannada ardayda ee gobolku waajibiyay waxay ku baxaysaa Craigslist si ay u hesho imtaxaanayaal si ay u akhriyaan qoraallada ardaydeenna.,0
2675,"Xiligii Madaxweyne Barack Obama, 8.3 (milyan) oo Maraykan ah ayaa ka yar ...","Xilligii Madaxweyne Barack Obama, 8.3 (milyan) oo Maraykan ah ayaa shaqeeya maanta in ka yar sidii ay ahaayeen afar sano ka hor.",0
2676,Frank Guinta ayaa u codeeyay in cashuur bixiyayaasha dabaqadda dhexe ay bixiyaan lacag ka badan...,"Frank Guinta ayaa u codeeyay in cashuur bixiyayaasha dabaqadda dhexe ay bixiyaan in ka badan $1,000 oo dheeraad ah sannadkii.",0
2677,Xirmada dhiirigelinta waxaa ku jira sharci ka soo horjeeda Masiixi...,"Xirmada dhiirigelinta waxaa ku jira sharci lid ku ah Masiixiyiinta kaas oo joojin doona kaniisadaha inay u isticmaalaan dugsiyada dadweynaha kulannada axada, iyo sidoo kale Boy Scouts iyo kooxaha ardada barta Kitaabka Quduuska ah.",0
2678,Xirmada dhiirigelinta waxaa ku jira sharci ka soo horjeeda Masiixi...,"Xirmada dhiirigelinta waxaa ku jira sharci lid ku ah Masiixiyiinta kaas oo joojin doona kaniisadaha inay u isticmaalaan dugsiyada dadweynaha kulannada axada, iyo sidoo kale Boy Scouts iyo kooxaha ardada barta Kitaabka Quduuska ah.",0
2679,Saddex meelood labo meel Granite States ayaa kasoo horjeeda xisbiga Shaaha iyo xisbigiisa...,Saddex meelood laba meel Granite States waxay ka soo horjeedaan Xisbiga Shaaha iyo ajandihiisa ku saabsan ururada shaqaalaha.,0
2680,Nidaamka xogta ee la socda Common Core waxaa loo qaabeeyey t...,"Nidaamka xogta ee la socda Core Common waxaa loogu talagalay in lagu ururiyo ilaa 400 dhibcood ilmo kasta, taas oo ay ku jiri karto xogta shakhsi ahaan lagu aqoonsan karo.",0
2681,Waxa uu sheegay in Romney uu maalgashaday shirkad alaab ka samaysa Shiinaha oo...,Waxa uu yidhi Romney waxa uu maalgashaday shirkad alaabo ka samaynaysa Shiinaha oo laga samayn lahaa halkan America.,0
2682,Saddex meelood labo meel Granite States ayaa kasoo horjeeda xisbiga Shaaha iyo xisbigiisa...,Saddex meelood laba meel Granite States waxay ka soo horjeedaan Xisbiga Shaaha iyo ajandihiisa ku saabsan ururada shaqaalaha.,0
2683,Ciidamada badda ayaa dacwad ku soo oogaya sarkaal ka tirsan ciidamada badda oo toogtay...,Ciidanka badda ayaa dacwad ku soo oogaya sarkaal ka tirsan ciidamada badda oo toogtay toogashadii Chattanooga ka dib markii uu si sharci darro ah hub ugu furay hanti federaal ah.,0
2684,"Barack Obama ""wuxuu doonayaa in dowladda ay la wareegto daryeelka caafimaadka,...","Barack Obama ""wuxuu rabaa in dowladdu ay la wareegto daryeelka caafimaadka, ku bixiso boqolaal bilyan oo doolar oo lacag cusub ah caymiska caafimaadka qof walba.""",0
2685,Ku dhawaad ​​800 oo qof ayaa diiday in laga baaro daroogada sababtoo ah...,Qiyaastii 800 oo qof ayaa diiday in la sameeyo baaris daroogo sababtoo ah waxay u joogaan mukhaadaraad.,0
2686,"Ohio, waxaan ku maal galinay caruurteena, anagoo kordhinayna maalgelinta iskuulka...","Ohio, waxaanu maal galinay caruurteena, anagoo ku kordhinay maalgelinta dugsiga 5.5 boqolkiiba miisaaniyadii u dambaysay.",0
2687,Ku dhawaad ​​800 oo qof ayaa diiday in laga baaro daroogada sababtoo ah...,Qiyaastii 800 oo qof ayaa diiday in la sameeyo baaris daroogo sababtoo ah waxay u joogaan mukhaadaraad.,0
2688,"Waxa uu sheegay in uu ahaa saldhigga gobolka Utah, uu markii la shaqeeyay s ...","Wuxuu sheegay in markii uu ahaa guddoomiyaha Utah, uu la shaqeeyay Sharci-dejinta gobolka si loo abuuro canshuur siman oo dhimaysa canshuurta dakhliga boqolkiiba 30.",0
2689,Saddex meelood labo meel Granite States ayaa kasoo horjeeda xisbiga Shaaha iyo xisbigiisa...,Saddex meelood laba meel Granite States waxay ka soo horjeedaan Xisbiga Shaaha iyo ajandihiisa ku saabsan ururada shaqaalaha.,0
2690,Donald Trump ayaa sheegay in dowladda ay bixineyso qarashka ku baxaya...,Wuxuu yidhi Donald Trump wuxuu sheegay in dawladdu ay bixinayso kharashka qof walba si uu u helo daryeel caafimaad.,0
2691,Ku dhawaad ​​800 oo qof ayaa diiday in laga baaro daroogada sababtoo ah...,Qiyaastii 800 oo qof ayaa diiday in la sameeyo baaris daroogo sababtoo ah waxay u joogaan mukhaadaraad.,0
2692,Xirmada dhiirigelinta waxaa ku jira sharci ka soo horjeeda Masiixi...,"Xirmada dhiirigelinta waxaa ku jira sharci lid ku ah Masiixiyiinta kaas oo joojin doona kaniisadaha inay u isticmaalaan dugsiyada dadweynaha kulannada axada, iyo sidoo kale Boy Scouts iyo kooxaha ardada barta Kitaabka Quduuska ah.",0
2693,"Qaar ka mid ah kulliyadaha, oo ay ku jiraan AM, ayaa horey u dammaanad qaaday ...","Qaar ka mid ah kulliyadaha, oo ay ku jirto AM, ayaa horey u dammaanad qaaday inaysan kordhin doonin waxbarashadooda.",0
2694,Canshuuraha guryuhu hadda 18% way ka sarreeyaan markii (Mark Sharpe) kow...,Canshuuraha guryuhu hadda 18% way ka sarreeyaan markii (Mark Sharpe) markii ugu horreysay ee uu xafiiska la wareegay.,0
2695,Waxa uu sheegay in Romney uu maalgashaday shirkad alaab ka samaysa Shiinaha oo...,Waxa uu yidhi Romney waxa uu maalgashaday shirkad alaabo ka samaynaysa Shiinaha oo laga samayn lahaa halkan America.,0
2696,Haddii Madaxweyne Obama saxiixo daawaynta isbedelka cimilada ee Copenhagen...,"Haddii madaxweyne Obama uu saxiixo heshiiska isbeddelka cimilada ee Copenhagen, wuxuu ""sixiixi doonaa xorriyaddaada, dimoqraadiyaddaada, iyo barwaaqadaada weligiin, adiga iyo dawlad kasta oo ku xigta oo aad dooran karto ma lahaan doonto wax awood ah si ay dib ugu soo celiso.""",0
2697,"Keystone XL wuxuu u oggolaanayaa Kanada inay soo saarto saliiddooda, u dirto iyada oo loo marayo ...","Keystone XL wuxuu u oggolaanayaa Kanada inay soo saarto shidaalkooda, u dirto dhulkeena, ilaa Khaliijka, halkaas oo laga iibin doono meel kasta oo kale.",0
2698,Wendy Davis waxay kaliya ku samaynaysay lacag ururin Chicago,Wendy Davis waxa ay Chicago ka samaynaysay dhaqaale ururin iyada oo la kaashanaysa ururka hantiwadaaga caalamiga ah.,0
2699,Waxa uu yidhi Mike Dovilla waxa uu taageersan yahay qorshe u ogolaan kara ajaanib...,Wuxuu yiri Mike Dovilla wuxuu taageersan yahay qorshe u oggolaanaya shirkad ajnabi ah inay la wareegto Ohio Turnpike,0
2700,Canshuuraha guryuhu hadda 18% way ka sarreeyaan markii (Mark Sharpe) kow...,Canshuuraha guryuhu hadda 18% way ka sarreeyaan markii (Mark Sharpe) markii ugu horreysay ee uu xafiiska la wareegay.,0
2701,Maxay ahaayeen hoos u dhacii sanadlaha ahaa ee Jamhuuriga hadda...,Maxay ahaayeen khasaare sanadeedkii hore ee Jamhuuriyiinta ayaa hadda noqday hoos u dhacyada billaha ah ee hoos yimaada Dimuqraadiyiinta.,0
2702,Haddii aad iibiso gurigaaga wixii ka dambeeya 2012 waxaad bixin doontaa boqolkiiba 3.8...,Haddii aad iibiso gurigaaga wixii ka dambeeya 2012 waxaad ka bixin doontaa boqolkiiba 3.8 canshuurta iibka.,0
2703,Ayaa sheegtay in dowladda federaalku ay amar ku bixisay in dadka aan galmoodka ahayn (sic) iyo h...,Ayaa sheegtay in dawladda federaalku ay amar ku bixinayso dadka aan isu galmoodin (sic) iyo khaniisiinta inay carruurta ku qabsanayaan aagagga khatarta ah ee shisheeyaha iyagoo adeegsanaya magaca ammaanka garoonka diyaaradaha.,0
2704,Xirmada dhiirigelinta waxaa ku jira sharci ka soo horjeeda Masiixi...,"Xirmada dhiirigelinta waxaa ku jira sharci lid ku ah Masiixiyiinta kaas oo joojin doona kaniisadaha inay u isticmaalaan dugsiyada dadweynaha kulannada axada, iyo sidoo kale Boy Scouts iyo kooxaha ardada barta Kitaabka Quduuska ah.",0
2705,Muwaadiniin Jarmal ah ayaa dawladoodii hub ka dhigis ku samaysay dhamaadkii...,"Muwaadiniinta Jarmalku waxa hub ka dhigis ku sameeyay dawladoodii dabayaaqadii 1930-meeyadii, taas oo u ogolaatay Naasiyiintii in ay fuliyaan ujeedooyinkooda xun iyaga oo iska caabin yar leh.",0
2706,Waxaan u dhimi karnaa shaqo la'aanta kala bar si fudud annaga oo dib u soo ceshanno j...,Waxaan shaqo la'aanta u dhimi karnaa kala bar si fudud innagoo dib u soo ceshanayna shaqooyinkii ay qabteen shaqaalaha sharci darrada ah.,0
2707,"McCain ""wuxuu u codeeyay inuu dhimo maalgelinta waxbarashada, isagoo ka soo horjeeda la xisaabtanka","McCain ""wuxuu u codeeyay inuu dhimo maalgelinta waxbarashada, isagoo ka soo horjeeda heerarka isla xisaabtanka. Wuxuu xitaa soo jeediyay in la baabi'iyo Waaxda Waxbarashada.""",0
2708,Marka kaliya ee shaqada dawladdu hoos u dhacday intii lagu jiray...,Marka kaliya ee shaqaalaynta dawladdu hoos u dhacday inta lagu jiro dhaqaale-xumada ayaa aniga hoos ii dhacday.,0
2709,Waxaan bixinaa PhD-da sanad walba in ka badan jaamacad kale ee A...,Waxaan bixinaa PhDs ka badan sanad walba marka loo eego jaamacadaha kale ee Ameerika marka laga reebo Berkeley.,0
2710,Boqolkiiba shan iyo sagaashan lacagta loo isticmaalo xarumah...,Boqolkiiba shan iyo sagaashan lacagta loo isticmaalo xarumaha tababarka shaqaalaha ee ay ku shaqeeyaan ururka waxay ka yimaadaan loo shaqeeyayaasha.,0
2711,(Madaxweyne Barack Obama) ayaa sheegay in shaqo la’aantu aysan waligeed g...,(Madaxweyne Barack Obama) wuxuu sheegay in shaqo la'aantu aysan weligeed dhaafi doonin 8 boqolkiiba haddii aan gudbino qorshaha kicinta.,0
2712,Waxaan bixinaa PhD-da sanad walba in ka badan jaamacad kale ee A...,Waxaan bixinaa PhDs ka badan sanad walba marka loo eego jaamacadaha kale ee Ameerika marka laga reebo Berkeley.,0
2713,Waxaan bixinaa PhD-da sanad walba in ka badan jaamacad kale ee A...,Waxaan bixinaa PhDs ka badan sanad walba marka loo eego jaamacadaha kale ee Ameerika marka laga reebo Berkeley.,0
2714,Saraakiisha Medicare waxay ula dhaqmeen Humana iyo AARP si aan is waafaqsanayn,Saraakiisha Medicare waxay ula dhaqmeen Humana iyo AARP si aan joogto ahayn sida ay ula xiriiri karaan waayeelka.,0
2715,"Hadda, Golaha Wakiilada, waxaan leenahay 40 kala duwan oo j...","Hadda, Golaha Wakiillada, waxaanu haynaa 40 xeer oo kala duwan oo shaqo ah oo la ansixiyay oo ku dhawaad ​​dhamaantood ahaayeen laba xisbi.",0
2716,Waxaan u dhimi karnaa shaqo la'aanta kala bar si fudud annaga oo dib u soo ceshanno j...,Waxaan shaqo la'aanta u dhimi karnaa kala bar si fudud innagoo dib u soo ceshanayna shaqooyinkii ay qabteen shaqaalaha sharci darrada ah.,0
2717,Waxaa jira kharashyo maamul oo sarreeya marka aad ku deeqdo Haiti...,Waxaa jira kharashyo maamul oo sarreeya marka aad ku deeqdo gargaarka Haiti iyada oo loo marayo Mareegta Aqalka Cad.,0
2718,Saddex meelood labo meel Granite States ayaa kasoo horjeeda xisbiga Shaaha iyo xisbigiisa...,Saddex meelood laba meel Granite States waxay ka soo horjeedaan Xisbiga Shaaha iyo ajandihiisa ku saabsan ururada shaqaalaha.,0
2719,Ciidamada badda ayaa dacwad ku soo oogaya sarkaal ka tirsan ciidamada badda oo toogtay...,Ciidanka badda ayaa dacwad ku soo oogaya sarkaal ka tirsan ciidamada badda oo toogtay toogashadii Chattanooga ka dib markii uu si sharci darro ah hub ugu furay hanti federaal ah.,0
2720,"In ka badan 100,000 oo haween ah oo ku nool Texas ayaa isku dayay in ay iskood isu soo dhisaan.","In ka badan 100,000 oo haween ah oo ku nool Texas ayaa isku dayay inay iskood iska soo xaaqaan sannadkii la soo dhaafay oo keliya.",0
2721,Hindise sharciyeedka gobolka ayaa soo afjari doona shuruudihii muddada dheer ee ahaa in deegaanka...,Hindise-sharciyeedka gobolku waxa uu soo afjarayaa shuruudii muddada dheer u baahnayd ee ah in dawladaha hoose ay dayactiraan waddooyinka waaweyn iyo laamiyada-- oo ay ka horjoogsadaan muwaadiniinta dhaawaca ah in ay dacweeyaan dayactirka la dayacay.,0
2722,Waxaan ka mid ahaa kuwii ugu horreeyay ee dhaleeceeya ku degdegista dagaalka (Ir...,"Waxaan ka mid ahaa kuwii ugu horreeyay ee dhaleeceeya degdegga ah ee dagaalka (Ciraaq), iyo haa, xitaa ka hor inta uusan dagaalku bilaaban.",0
2723,Wuxuu sheegay in eedeymaha ah inuu sameeyay galmo aan loo baahnayn oo ku saabsan ...,Waxa uu sheegay in eedeymaha ah in uu sameeyay galmo aan la rabin oo uu ku sameeyay haweeney ku xigeen shariif ah ay laba garsoore oo kala duwan ay ku heleen in aysan mudneyn.,0
2724,Madaxweyne Obama ayaa sheegay in shaqo la’aanta ay ka hooseyso 8...,Waxa uu yidhi Madaxweyne Obama waxa uu ballan qaaday in shaqo la'aanta ay ka hoosayso 8 boqolkiiba haddii kicinta la dhaafo.,0
2725,Ayaa sheegtay in dowladda federaalku ay amar ku bixisay in dadka aan galmoodka ahayn (sic) iyo h...,Ayaa sheegtay in dawladda federaalku ay amar ku bixinayso dadka aan isu galmoodin (sic) iyo khaniisiinta inay carruurta ku qabsanayaan aagagga khatarta ah ee shisheeyaha iyagoo adeegsanaya magaca ammaanka garoonka diyaaradaha.,0
2726,(Madaxweyne Barack Obama) ayaa sheegay in shaqo la’aantu aysan waligeed g...,(Madaxweyne Barack Obama) wuxuu sheegay in shaqo la'aantu aysan weligeed dhaafi doonin 8 boqolkiiba haddii aan gudbino qorshaha kicinta.,0
2727,"Qoysaska Maraykanku waxay ku dadaalaan inay helaan $4,250 bishii. Obama ayaa...","Qoysaska Maraykanku waxay ku dadaalaan inay helaan $4,250 bishii. Obama waxa uu ku kharash gareeyaa $18,972 bishii ilmo kasta oo sharci-darro ah.",0
2728,Canshuuraha guryuhu hadda 18% way ka sarreeyaan markii (Mark Sharpe) kow...,Canshuuraha guryuhu hadda 18% way ka sarreeyaan markii (Mark Sharpe) markii ugu horreysay ee uu xafiiska la wareegay.,0
2729,Wendy Davis waxay kaliya ku samaynaysay lacag ururin Chicago,Wendy Davis waxa ay Chicago ka samaynaysay dhaqaale ururin iyada oo la kaashanaysa ururka hantiwadaaga caalamiga ah.,0
2730,Saddex meelood labo meel Granite States ayaa kasoo horjeeda xisbiga Shaaha iyo xisbigiisa...,Saddex meelood laba meel Granite States waxay ka soo horjeedaan Xisbiga Shaaha iyo ajandihiisa ku saabsan ururada shaqaalaha.,0
2731,Ciidamada badda ayaa dacwad ku soo oogaya sarkaal ka tirsan ciidamada badda oo toogtay...,Ciidanka badda ayaa dacwad ku soo oogaya sarkaal ka tirsan ciidamada badda oo toogtay toogashadii Chattanooga ka dib markii uu si sharci darro ah hub ugu furay hanti federaal ah.,0
2732,Canshuuraha guryuhu hadda 18% way ka sarreeyaan markii (Mark Sharpe) kow...,Canshuuraha guryuhu hadda 18% way ka sarreeyaan markii (Mark Sharpe) markii ugu horreysay ee uu xafiiska la wareegay.,0
2733,"Inkasta oo ay ka soo horjeesteen naadiga qaranka ee kobaca, naadiga G...","In kasta oo ay ka soo horjeedaan Naadiga kobaca qaranka, Naadiga Kobaca Wisconsin ayaa u ansixiyay Senetka Mareykanka.",0
2734,Maxay ahaayeen hoos u dhacii sanadlaha ahaa ee Jamhuuriga hadda...,Maxay ahaayeen khasaare sanadeedkii hore ee Jamhuuriyiinta ayaa hadda noqday hoos u dhacyada billaha ah ee hoos yimaada Dimuqraadiyiinta.,0
2735,Codbixinta ayaa muujineysa in Floridians aysan dooneynin inay baabi'iyaan lacagta la awoodi karo…,Ra'yi ururintu waxay muujinayaan in Floridians aysan rabin inay tirtiraan Sharciga Daryeelka La awoodi karo.,0
2736,Ku dhawaad ​​800 oo qof ayaa diiday in laga baaro daroogada sababtoo ah...,Qiyaastii 800 oo qof ayaa diiday in la sameeyo baaris daroogo sababtoo ah waxay u joogaan mukhaadaraad.,0
2737,Waxaan bixinaa PhD-da sanad walba in ka badan jaamacad kale ee A...,Waxaan bixinaa PhDs ka badan sanad walba marka loo eego jaamacadaha kale ee Ameerika marka laga reebo Berkeley.,0
2738,Mas’uuliyiinta dalka Imaaraadka Carabta ayaa sheegay in ugu ...,"Mas’uuliyiinta dalka Imaaraadka Carabta ayaa sheegay in ugu yaraan 16 gantaal oo ballistic ah iyo 121 diyaaradood oo aan duuliye lahayn (drones) maanta lagu soo weeraray dalka. Sida ay sheegeen saraakiisha, dhammaan gantaallada marka laga reebo mid badda ku dhacay ayaa la qabtay lana burburiyay. Sidoo kale ugu yaraan 119 drones ayaa la qabtay, halka labo drone ay ku dhaceen gudaha dhulka Imaaraadka Carabta. Tan iyo markii uu dagaalku bilaabmay, mas’uuliyiintu waxay sheegeen in la ogaaday: 221 gantaal oo ballistic ah, kuwaas oo 205 la burburiyay, 14-na ay badda ku dhaceen, halka labo ay ku dhaceen gudaha dalka Imaaraadka. 1,305 drones oo laga soo diray Iran, kuwaas oo 1,229 la qabtay, halka 76 ay ku dhaceen gudaha dalka. Sidoo kale siddeed gantaal oo cruise ah ayaa la ogaaday laguna guuleystay in la burburiyo. Weeraradan ayaa sababay dhimashada saddex qof oo kala ah muwaadiniin u dhashay Pakistan, Nepal iyo Bangladesh. Waxaa sidoo kale ku dhaawacmay dhaawacyo fudud 112 qof oo ka kala yimid dalal ay ka mid yihiin Imaaraadka, Masar, Itoobiya, Filibiin, Pakistan, Iran, Hindiya, Bangladesh, Sri Lanka, Azerbaijan, Yemen, Uganda, Eritrea, Lubnaan, Afghanistan, Bahrain, Comoros iyo Turkiga.",0
2739,Maraykanku kama mid ahayn 16 waddan oo David Pe...,Mareykanka ayaan ka mid ahayn 16 wadan oo David Perdue uu ku sheegay in Pillowtex uu shaqo ka abuuray.,0
2740,Saddex meelood labo ka mid ah dadka ku nool Wisconsin ayaa si adag uga soo horjeeda...,Saddex meelood laba meel dadka Wisconsin ayaa si adag uga soo horjeeda fikradan ah in si joogto ah looga qaado xuquuqda dadka ee gorgortanka wadajirka ah.,0
2741,"27-kii bilood ee la soo dhaafay, Madaxweyne Barack Obama waxa uu abuuray...","27-kii bilood ee la soo dhaafay, Madaxweyne Barack Obama waxa uu abuuray shaqooyin ka badan kuwa gaarka loo leeyahay marka loo eego soo kabashada Reagan.",0
2742,Nidaamka xogta ee la socda Common Core waxaa loo qaabeeyey t...,"Nidaamka xogta ee la socda Core Common waxaa loogu talagalay in lagu ururiyo ilaa 400 dhibcood ilmo kasta, taas oo ay ku jiri karto xogta shakhsi ahaan lagu aqoonsan karo.",0
2743,Waxaan bixinaa PhD-da sanad walba in ka badan jaamacad kale ee A...,Waxaan bixinaa PhDs ka badan sanad walba marka loo eego jaamacadaha kale ee Ameerika marka laga reebo Berkeley.,0
2744,"Si qarsoodi ah, iyadoo aan la ogeyn xubnaha Congress-ka, in ka badan $105 biil...","Si qarsoodi ah, iyadoo aan la ogeyn xubnaha Congress-ka, in ka badan 105 bilyan ayaa lagu qariyay sharciga Obamacare.",0
2745,Musharaxa senate-ka Mareykanka Jack Kingston waxa uu ku qarash gareeyay doollarkayaga canshuurta...,Musharaxa senate-ka ee Maraykanka Jack Kingston waxa uu doollarkayaga cashuurta ku kharash gareeyey kumanyaal calaamado wasakh ah.,0
2746,Canshuuraha guryuhu hadda 18% way ka sarreeyaan markii (Mark Sharpe) kow...,Canshuuraha guryuhu hadda 18% way ka sarreeyaan markii (Mark Sharpe) markii ugu horreysay ee uu xafiiska la wareegay.,0
2747,"Si qarsoodi ah, iyadoo aan la ogeyn xubnaha Congress-ka, in ka badan $105 biil...","Si qarsoodi ah, iyadoo aan la ogeyn xubnaha Congress-ka, in ka badan 105 bilyan ayaa lagu qariyay sharciga Obamacare.",0
2748,Wuxuu yiri tababaraha kubbadda cagta Rex Ryan wuxuu ku guuleystay horyaalada ...,"Waxa uu yidhi tababaraha kubada cagta ee xirfada leh Rex Ryan ayaa ku guulaystay horyaalada New York. AFC, waxaan filayaa, laba jeer.",0
2749,"Qoysaska Maraykanku waxay ku dadaalaan inay helaan $4,250 bishii. Obama ayaa...","Qoysaska Maraykanku waxay ku dadaalaan inay helaan $4,250 bishii. Obama waxa uu ku kharash gareeyaa $18,972 bishii ilmo kasta oo sharci-darro ah.",0
2750,Madaxweyne Obama ayaa sheegay in shaqo la’aanta ay ka hooseyso 8...,Waxa uu yidhi Madaxweyne Obama waxa uu ballan qaaday in shaqo la'aanta ay ka hoosayso 8 boqolkiiba haddii kicinta la dhaafo.,0
2751,Xirmada dhiirigelinta waxaa ku jira sharci ka soo horjeeda Masiixi...,"Xirmada dhiirigelinta waxaa ku jira sharci lid ku ah Masiixiyiinta kaas oo joojin doona kaniisadaha inay u isticmaalaan dugsiyada dadweynaha kulannada axada, iyo sidoo kale Boy Scouts iyo kooxaha ardada barta Kitaabka Quduuska ah.",0
2752,Wuxuu sheegay in uu ku guuleystay codka shacabka haddii aad ka jarto malaayiinta p...,Waxa uu sheegay in uu ku guulaystay codka shacabka haddii aad ka jarto malaayiinta qof ee sida sharci darrada ah u codeeyay.,0
2753,Waxaan u dhimi karnaa shaqo la'aanta kala bar si fudud annaga oo dib u soo ceshanno j...,Waxaan shaqo la'aanta u dhimi karnaa kala bar si fudud innagoo dib u soo ceshanayna shaqooyinkii ay qabteen shaqaalaha sharci darrada ah.,0
2754,Shirkadda ay dawladdu kiraysanayso ee qiimaynaysa ardayda ay dawladdu u xilsaartay...,Shirkadda ay dawladdu kiraysanayso ee qiimeeya imtixaannada ardayda ee gobolku waajibiyay waxay ku baxaysaa Craigslist si ay u hesho imtaxaanayaal si ay u akhriyaan qoraallada ardaydeenna.,0
2755,Barasaabkii hore ee Alaska Sarah Palin ayaa ku saxnayd in madaxweynaha...,"Guddoomiyihii hore ee Alaska Sarah Palin waxay ku saxsanayd in sharciga daryeelka caafimaadka ee Madaxweyne Barack Obama uu abuuray waxa, dhab ahaan, noqon lahaa guddiyada dhimashada.",0
2756,Maxay ahaayeen hoos u dhacii sanadlaha ahaa ee Jamhuuriga hadda...,Maxay ahaayeen khasaare sanadeedkii hore ee Jamhuuriyiinta ayaa hadda noqday hoos u dhacyada billaha ah ee hoos yimaada Dimuqraadiyiinta.,0
2757,Wuxuu sheegay in dib u habeynta daryeelka caafimaadka qaranka ay tahay mid ay dowladdu la wareegtay...,Waxa uu leeyahay dib u habaynta daryeelka caafimaadka qaranka waa la wareegida dawladda ee daryeelka caafimaadka.,0
2758,Qofka iga soo waxa uu ballan qaadayaa in uu soo celin doono shaqada hore isaga oo raba in uu iska tago...,Qofka iga soo horjeeda wuxuu ballan qaadayaa inuu soo celin doono shaqooyin hore isagoo u rajeeyay dhaqaalaha adduunka.,0
2759,Adigoo isticmaalaya daldaloolo yar oo la yaqaan ... Minions Obama waa la oggol yahay ...,Adigoo isticmaalaya daldaloolo yar oo la yaqaan ... Minions Obama waxay u oggolaanayaan Shirkadda Nestle inay ka dhoofiso biyaha macaan ee qaaliga ah harada Michigan.,0
2760,Xirmada dhiirigelinta waxaa ku jira sharci ka soo horjeeda Masiixi...,"Xirmada dhiirigelinta waxaa ku jira sharci lid ku ah Masiixiyiinta kaas oo joojin doona kaniisadaha inay u isticmaalaan dugsiyada dadweynaha kulannada axada, iyo sidoo kale Boy Scouts iyo kooxaha ardada barta Kitaabka Quduuska ah.",0
2761,Boqolkiiba 95 lacagta loo isticmaalo ururka shaqaalaha wor...,Boqolkiiba shan iyo sagaashan lacagta loo isticmaalo xarumaha tababarka shaqaalaha ee ay ku shaqeeyaan ururka waxay ka yimaadaan loo shaqeeyayaasha.,0
2762,Boqolkiiba 95 lacagta loo isticmaalo ururka shaqaalaha wor...,Boqolkiiba shan iyo sagaashan lacagta loo isticmaalo xarumaha tababarka shaqaalaha ee ay ku shaqeeyaan ururka waxay ka yimaadaan loo shaqeeyayaasha.,0
2763,Saraakiisha Medicare waxay ula dhaqmeen Humana iyo AARP si aan is waafaqsanayn,Saraakiisha Medicare waxay ula dhaqmeen Humana iyo AARP si aan joogto ahayn sida ay ula xiriiri karaan waayeelka.,0
2764,Saddex meelood labo ka mid ah dadka ku nool Wisconsin ayaa si adag uga soo horjeeda...,Saddex meelood laba meel dadka Wisconsin ayaa si adag uga soo horjeeda fikradan ah in si joogto ah looga qaado xuquuqda dadka ee gorgortanka wadajirka ah.,0
2765,Barasaabkii hore ee Alaska Sarah Palin ayaa ku saxnayd in madaxweynaha...,"Guddoomiyihii hore ee Alaska Sarah Palin waxay ku saxsanayd in sharciga daryeelka caafimaadka ee Madaxweyne Barack Obama uu abuuray waxa, dhab ahaan, noqon lahaa guddiyada dhimashada.",0
2766,"McCain ""wuxuu u codeeyay inuu dhimo maalgelinta waxbarashada, isagoo ka soo horjeeda la xisaabtanka","McCain ""wuxuu u codeeyay inuu dhimo maalgelinta waxbarashada, isagoo ka soo horjeeda heerarka isla xisaabtanka. Wuxuu xitaa soo jeediyay in la baabi'iyo Waaxda Waxbarashada.""",0
2767,Waxa uu sheegay in Madaxweyne Barack Obama uu ballan qaaday inuu la shaqeyn doono...,"Waxa uu sheegay in iyada oo Madaxweyne Barack Obama uu ballan qaaday in uu la shaqayn doono loo-shaqeeyahaaga si uu hoos ugu dhigo khidmadahaaga $2,500 qoyskiiba sannadkii, sharcigiisa daryeelka caafimaadku waxa uu kor u qaadayaa khidmadaha suuqa gaarka ah $2,100 qoyskiiba.",0
2768,Ayaa sheegtay in dowladda federaalku ay amar ku bixisay in dadka aan galmoodka ahayn (sic) iyo h...,Ayaa sheegtay in dawladda federaalku ay amar ku bixinayso dadka aan isu galmoodin (sic) iyo khaniisiinta inay carruurta ku qabsanayaan aagagga khatarta ah ee shisheeyaha iyagoo adeegsanaya magaca ammaanka garoonka diyaaradaha.,0
2769,"Si qarsoodi ah, iyadoo aan la ogeyn xubnaha Congress-ka, in ka badan $105 biil...","Si qarsoodi ah, iyadoo aan la ogeyn xubnaha Congress-ka, in ka badan 105 bilyan ayaa lagu qariyay sharciga Obamacare.",0
2770,Miisaaniyadda Madaxweyne Barack Obama ayaa khatar ku ah amniga qaranka b...,Miisaaniyadda Madaxweyne Barack Obamas waxay khatar ku tahay amniga qaranka isagoo soo jeedinaya Ciidan ka kooban shaqaale ka yar kuwii aan haysanay ka hor Pearl Harbor.,0
2771,Waxaan bixinaa PhD-da sanad walba in ka badan jaamacad kale ee A...,Waxaan bixinaa PhDs ka badan sanad walba marka loo eego jaamacadaha kale ee Ameerika marka laga reebo Berkeley.,0
2772,Xirmada dhiirigelinta waxaa ku jira sharci ka soo horjeeda Masiixi...,"Xirmada dhiirigelinta waxaa ku jira sharci lid ku ah Masiixiyiinta kaas oo joojin doona kaniisadaha inay u isticmaalaan dugsiyada dadweynaha kulannada axada, iyo sidoo kale Boy Scouts iyo kooxaha ardada barta Kitaabka Quduuska ah.",0
2773,Xildhibaanada Aqalka Sare ayaa meel mariyay mushaar kordhin dhan $10...,"Xubnaha Congress-ka waxay ku ansixiyeen mushaar kordhin dhan $10,000 muddo laba sano ah xitaa iyagoo u codeeyay inaanan kor loo qaadin macaashka Lambarka Bulshada 2010 iyo 2011.",0
2774,Haddii Madaxweyne Obama saxiixo daawaynta isbedelka cimilada ee Copenhagen...,"Haddii madaxweyne Obama uu saxiixo heshiiska isbeddelka cimilada ee Copenhagen, wuxuu ""sixiixi doonaa xorriyaddaada, dimoqraadiyaddaada, iyo barwaaqadaada weligiin, adiga iyo dawlad kasta oo ku xigta oo aad dooran karto ma lahaan doonto wax awood ah si ay dib ugu soo celiso.""",0
2775,Wuxuu yiri tababaraha kubbadda cagta Rex Ryan wuxuu ku guuleystay horyaalada ...,"Waxa uu yidhi tababaraha kubada cagta ee xirfada leh Rex Ryan ayaa ku guulaystay horyaalada New York. AFC, waxaan filayaa, laba jeer.",0
2776,Is-dilku wuxuu ka imaanayaa calaamad ah ee waaweyn oo leh ...,Is-dilku wuxuu ka yimaadaa dawladda dhexe ee waaweyn oo leh waxba uma qalantid laakiin waxaad ku heli doontaa wax aan waxba ahayn.,0
2777,"Qaar ka mid ah kulliyadaha, oo ay ku jiraan AM, ayaa horey u dammaanad qaaday ...","Qaar ka mid ah kulliyadaha, oo ay ku jirto AM, ayaa horey u dammaanad qaaday inaysan kordhin doonin waxbarashadooda.",0
2778,Maraykanku kama mid ahayn 16 waddan oo David Pe...,Mareykanka ayaan ka mid ahayn 16 wadan oo David Perdue uu ku sheegay in Pillowtex uu shaqo ka abuuray.,0
2779,Waxaan ka mid ahaa kuwii ugu horreeyay ee dhaleeceeya ku degdegista dagaalka (Ir...,"Waxaan ka mid ahaa kuwii ugu horreeyay ee dhaleeceeya degdegga ah ee dagaalka (Ciraaq), iyo haa, xitaa ka hor inta uusan dagaalku bilaaban.",0
2780,Guddiga dib u soo celinta dhaqangelinta ee gobolka ee dhawaan la sameeyay...,"Guddiga dib u eegista dhaqangelinta socdaalka ee gobolka ee dhawaan la sameeyay ayaa dhab ahaantii dacwayn kara, oo ku ridi kara [xukun] xabsiga, haddii aanu keenno xeer ilaaliyaha guud.",0
2781,"Waxa uu sheegay in uu ahaa saldhigga gobolka Utah, uu markii la shaqeeyay s ...","Wuxuu sheegay in markii uu ahaa guddoomiyaha Utah, uu la shaqeeyay Sharci-dejinta gobolka si loo abuuro canshuur siman oo dhimaysa canshuurta dakhliga boqolkiiba 30.",0
2782,Magaalada Pembroke Pines ayaan wax cod ah ku lahayn qorshe lagu b...,Magaalada Pembroke Pines ayaan wax cod ah ku lahayn qorshaha lagu dhisayo xarun dadka lagu hayo ee Koonfur Galbeed Ranches.,0
2783,"Ohio, waxaan ku maal galinay caruurteena, anagoo kordhinayna maalgelinta iskuulka...","Ohio, waxaanu maal galinay caruurteena, anagoo ku kordhinay maalgelinta dugsiga 5.5 boqolkiiba miisaaniyadii u dambaysay.",0
2784,Waajibaadka daryeelka caafimaadku wuxuu u baahan doonaa xadhig iyo ganaax...,Waajibaadka daryeelka caafimaadku waxay u baahan doontaa xadhig iyo ganaax lacageed dadka Maraykanka ah ee aan awoodin inay iibsadaan caymis ama bixiyaan ganaaxyo culus oo dawladeed.,0
2785,Waxa uu yidhi Mike Dovilla waxa uu taageersan yahay qorshe u ogolaan kara ajaanib...,Wuxuu yiri Mike Dovilla wuxuu taageersan yahay qorshe u oggolaanaya shirkad ajnabi ah inay la wareegto Ohio Turnpike,0
2786,Waajibaadka daryeelka caafimaadku wuxuu u baahan doonaa xadhig iyo ganaax...,Waajibaadka daryeelka caafimaadku waxay u baahan doontaa xadhig iyo ganaax lacageed dadka Maraykanka ah ee aan awoodin inay iibsadaan caymis ama bixiyaan ganaaxyo culus oo dawladeed.,0
2787,"McCain ""wuxuu u codeeyay inuu dhimo maalgelinta waxbarashada, isagoo ka soo horjeeda la xisaabtanka","McCain ""wuxuu u codeeyay inuu dhimo maalgelinta waxbarashada, isagoo ka soo horjeeda heerarka isla xisaabtanka. Wuxuu xitaa soo jeediyay in la baabi'iyo Waaxda Waxbarashada.""",0
2788,"Waxa uu sheegay in uu ahaa saldhigga gobolka Utah, uu markii la shaqeeyay s ...","Wuxuu sheegay in markii uu ahaa guddoomiyaha Utah, uu la shaqeeyay Sharci-dejinta gobolka si loo abuuro canshuur siman oo dhimaysa canshuurta dakhliga boqolkiiba 30.",0
2789,Codbixinta ayaa muujineysa in Floridians aysan dooneynin inay baabi'iyaan lacagta la awoodi karo…,Ra'yi ururintu waxay muujinayaan in Floridians aysan rabin inay tirtiraan Sharciga Daryeelka La awoodi karo.,0
2790,Musharaxa senate-ka Mareykanka Jack Kingston waxa uu ku qarash gareeyay doollarkayaga canshuurta...,Musharaxa senate-ka ee Maraykanka Jack Kingston waxa uu doollarkayaga cashuurta ku kharash gareeyey kumanyaal calaamado wasakh ah.,0
2791,Barasaabkii hore ee Alaska Sarah Palin ayaa ku saxnayd in madaxweynaha...,"Guddoomiyihii hore ee Alaska Sarah Palin waxay ku saxsanayd in sharciga daryeelka caafimaadka ee Madaxweyne Barack Obama uu abuuray waxa, dhab ahaan, noqon lahaa guddiyada dhimashada.",0
2792,Wuxuu sheegay in qaraarka Senate-ka uu soo celin doono $140 bishiiba...,Wuxuu sheegay in qaraarka Senate-ka uu soo celin doono $140 lacagihii kaalmada guud ee bishii iyo ka hortagga dadka inay dambi galaan.,0
2793,Madaxweyne Obama ayaa sheegay in shaqo la’aanta ay ka hooseyso 8...,Waxa uu yidhi Madaxweyne Obama waxa uu ballan qaaday in shaqo la'aanta ay ka hoosayso 8 boqolkiiba haddii kicinta la dhaafo.,0
2794,Walaalaha Koch keligood waxay siiyeen lacag laba jibaar ka badan Scott Wa...,Walaalaha Koch keligood waxay siiyeen laba laab lacag ka badan Scott Walker wadarta guud ee lacagta uu soo ururiyay Tom Barrett.,0
2795,Adigoo isticmaalaya daldaloolo yar oo la yaqaan ... Minions Obama waa la oggol yahay ...,Adigoo isticmaalaya daldaloolo yar oo la yaqaan ... Minions Obama waxay u oggolaanayaan Shirkadda Nestle inay ka dhoofiso biyaha macaan ee qaaliga ah harada Michigan.,0
2796,Frank Guinta ayaa u codeeyay in cashuur bixiyayaasha dabaqadda dhexe ay bixiyaan lacag ka badan...,"Frank Guinta ayaa u codeeyay in cashuur bixiyayaasha dabaqadda dhexe ay bixiyaan in ka badan $1,000 oo dheeraad ah sannadkii.",0
2797,Waxa uu yidhi Donald Trump waxa uu taageersan yahay ajande halkaas ka jira oo ah in si gaar loo leeyahay...,Waxa uu yidhi Donald Trump waxa uu taageerayaa ajande halkaa ka jira si gaar looga dhigo nidaamka daryeelka caafimaadka ee Arrimaha Veterans.,0
2798,"In ka badan 100,000 oo haween ah oo ku nool Texas ayaa isku dayay in ay iskood isu soo dhisaan.","In ka badan 100,000 oo haween ah oo ku nool Texas ayaa isku dayay inay iskood iska soo xaaqaan sannadkii la soo dhaafay oo keliya.",0
2799,"Hadda, Golaha Wakiilada, waxaan leenahay 40 kala duwan oo j...","Hadda, Golaha Wakiillada, waxaanu haynaa 40 xeer oo kala duwan oo shaqo ah oo la ansixiyay oo ku dhawaad ​​dhamaantood ahaayeen laba xisbi.",0
2800,Xirmada dhiirigelinta waxaa ku jira sharci ka soo horjeeda Masiixi...,"Xirmada dhiirigelinta waxaa ku jira sharci lid ku ah Masiixiyiinta kaas oo joojin doona kaniisadaha inay u isticmaalaan dugsiyada dadweynaha kulannada axada, iyo sidoo kale Boy Scouts iyo kooxaha ardada barta Kitaabka Quduuska ah.",0
2801,"Qaar ka mid ah kulliyadaha, oo ay ku jiraan AM, ayaa horey u dammaanad qaaday ...","Qaar ka mid ah kulliyadaha, oo ay ku jirto AM, ayaa horey u dammaanad qaaday inaysan kordhin doonin waxbarashadooda.",0
2802,"Barack Obama ""wuxuu doonayaa in dowladda ay la wareegto daryeelka caafimaadka,...","Barack Obama ""wuxuu rabaa in dowladdu ay la wareegto daryeelka caafimaadka, ku bixiso boqolaal bilyan oo doolar oo lacag cusub ah caymiska caafimaadka qof walba.""",0
2803,Ayaa sheegay in Adeegga Boostada Maraykanku aanay qaadan wax gargaar cashuur bixiye ah tan iyo markii...,"Waxa uu leeyahay Adeegga Boostada Maraykanku ma qaadin wax gargaar cashuur bixiye ah ilaa 1971, waxa ay maalgelisaa hawlaha gabi ahaan iibinta stamps iyo alaabta la xidhiidha oo waxa ay samaysaa faa'iido hawl gal sanadba sanadka ka dambeeya.",0
2804,Codbixinta ayaa muujineysa in Floridians aysan dooneynin inay baabi'iyaan lacagta la awoodi karo…,Ra'yi ururintu waxay muujinayaan in Floridians aysan rabin inay tirtiraan Sharciga Daryeelka La awoodi karo.,0
2805,"27-kii bilood ee la soo dhaafay, Madaxweyne Barack Obama waxa uu abuuray...","27-kii bilood ee la soo dhaafay, Madaxweyne Barack Obama waxa uu abuuray shaqooyin ka badan kuwa gaarka loo leeyahay marka loo eego soo kabashada Reagan.",0
2806,Canshuuraha guryuhu hadda 18% way ka sarreeyaan markii (Mark Sharpe) kow...,Canshuuraha guryuhu hadda 18% way ka sarreeyaan markii (Mark Sharpe) markii ugu horreysay ee uu xafiiska la wareegay.,0
2807,Boqolkiiba 95 lacagta loo isticmaalo ururka shaqaalaha wor...,Boqolkiiba shan iyo sagaashan lacagta loo isticmaalo xarumaha tababarka shaqaalaha ee ay ku shaqeeyaan ururka waxay ka yimaadaan loo shaqeeyayaasha.,0
2808,Saddex meelood labo meel Granite States ayaa kasoo horjeeda xisbiga Shaaha iyo xisbigiisa...,Saddex meelood laba meel Granite States waxay ka soo horjeedaan Xisbiga Shaaha iyo ajandihiisa ku saabsan ururada shaqaalaha.,0
2809,Maxay ahaayeen hoos u dhacii sanadlaha ahaa ee Jamhuuriga hadda...,Maxay ahaayeen khasaare sanadeedkii hore ee Jamhuuriyiinta ayaa hadda noqday hoos u dhacyada billaha ah ee hoos yimaada Dimuqraadiyiinta.,0
2810,Wuxuu sheegay in uu ku guuleystay codka shacabka haddii aad ka jarto malaayiinta p...,Waxa uu sheegay in uu ku guulaystay codka shacabka haddii aad ka jarto malaayiinta qof ee sida sharci darrada ah u codeeyay.,0
2811,Maxay ahaayeen hoos u dhacii sanadlaha ahaa ee Jamhuuriga hadda...,Maxay ahaayeen khasaare sanadeedkii hore ee Jamhuuriyiinta ayaa hadda noqday hoos u dhacyada billaha ah ee hoos yimaada Dimuqraadiyiinta.,0
2812,Barasaabkii hore ee Alaska Sarah Palin ayaa ku saxnayd in madaxweynaha...,"Guddoomiyihii hore ee Alaska Sarah Palin waxay ku saxsanayd in sharciga daryeelka caafimaadka ee Madaxweyne Barack Obama uu abuuray waxa, dhab ahaan, noqon lahaa guddiyada dhimashada.",0
2813,Waxaa jira kharashyo maamul oo sarreeya marka aad ku deeqdo Haiti...,Waxaa jira kharashyo maamul oo sarreeya marka aad ku deeqdo gargaarka Haiti iyada oo loo marayo Mareegta Aqalka Cad.,0
2814,Wuxuu yiri tababaraha kubbadda cagta Rex Ryan wuxuu ku guuleystay horyaalada ...,"Waxa uu yidhi tababaraha kubada cagta ee xirfada leh Rex Ryan ayaa ku guulaystay horyaalada New York. AFC, waxaan filayaa, laba jeer.",0
2815,Bal eeg waxa uu agaasimaha FBI-da ka yidhi iyada (Hillary C...,Bal u fiirso waxa uu agaasimaha FBI-da ka yidhi (Hillary Clinton) dhaqan-xumada ay samaysay waa ceeb iyo ceeb dalkeena.,0
2816,Waxa uu sheegay in Madaxweyne Barack Obama uu ballan qaaday inuu la shaqeyn doono...,"Waxa uu sheegay in iyada oo Madaxweyne Barack Obama uu ballan qaaday in uu la shaqayn doono loo-shaqeeyahaaga si uu hoos ugu dhigo khidmadahaaga $2,500 qoyskiiba sannadkii, sharcigiisa daryeelka caafimaadku waxa uu kor u qaadayaa khidmadaha suuqa gaarka ah $2,100 qoyskiiba.",0
2817,"In ka badan 100,000 oo haween ah oo ku nool Texas ayaa isku dayay in ay iskood isu soo dhisaan.","In ka badan 100,000 oo haween ah oo ku nool Texas ayaa isku dayay inay iskood iska soo xaaqaan sannadkii la soo dhaafay oo keliya.",0
2818,Haddii aad iibiso gurigaaga wixii ka dambeeya 2012 waxaad bixin doontaa boqolkiiba 3.8...,Haddii aad iibiso gurigaaga wixii ka dambeeya 2012 waxaad ka bixin doontaa boqolkiiba 3.8 canshuurta iibka.,0
2819,Walaalaha Koch keligood waxay siiyeen lacag laba jibaar ka badan Scott Wa...,Walaalaha Koch keligood waxay siiyeen laba laab lacag ka badan Scott Walker wadarta guud ee lacagta uu soo ururiyay Tom Barrett.,0
2820,Nidaamka xogta ee la socda Common Core waxaa loo qaabeeyey t...,"Nidaamka xogta ee la socda Core Common waxaa loogu talagalay in lagu ururiyo ilaa 400 dhibcood ilmo kasta, taas oo ay ku jiri karto xogta shakhsi ahaan lagu aqoonsan karo.",0
2821,Adigoo isticmaalaya daldaloolo yar oo la yaqaan ... Minions Obama waa la oggol yahay ...,Adigoo isticmaalaya daldaloolo yar oo la yaqaan ... Minions Obama waxay u oggolaanayaan Shirkadda Nestle inay ka dhoofiso biyaha macaan ee qaaliga ah harada Michigan.,0
2822,Sen. Hutchison waxa uu ka tagey Jamhuuriyiintii oo uu la saftay Dimuqraadiga...,Sen. Hutchison wuu ka tagay Jamhuuriyiintii wuxuuna la istaagay Dimuqraadiyiinta si loo hubiyo in sharciga daryeelka caafimaadku si dhakhso ah u gudbi doono.,0
2823,Qofka iga soo waxa uu ballan qaadayaa in uu soo celin doono shaqada hore isaga oo raba in uu iska tago...,Qofka iga soo horjeeda wuxuu ballan qaadayaa inuu soo celin doono shaqooyin hore isagoo u rajeeyay dhaqaalaha adduunka.,0
2824,Wuxuu sheegay in uu ku guuleystay codka shacabka haddii aad ka jarto malaayiinta p...,Waxa uu sheegay in uu ku guulaystay codka shacabka haddii aad ka jarto malaayiinta qof ee sida sharci darrada ah u codeeyay.,0
2825,"Waxaan leenahay magaalooyin ku yaal Galbeedka Texas oo aan biyuhu lahayn, kuwaas oo ah ...","Waxaan leenahay magaalooyin ku yaal Galbeedka Texas oo ay ka maqan yihiin biyaha, kuwaas oo ay tahay in ay biyo ku dhaamiyaan.",0
2826,Wuxuu sheegay in ay jiraan doollar federaal ah oo badan oo ku jira Gov. John Kasichs bud...,Wuxuu sheegay in ay jiraan doollar federaali ah oo ka badan qorshaha miisaaniyadda Gov. John Kasichs marka loo eego miisaaniyaddii hore ee gobolka.,0
2827,Maraykanku kama mid ahayn 16 waddan oo David Pe...,Mareykanka ayaan ka mid ahayn 16 wadan oo David Perdue uu ku sheegay in Pillowtex uu shaqo ka abuuray.,0
2828,Maraykanku kama mid ahayn 16 waddan oo David Pe...,Mareykanka ayaan ka mid ahayn 16 wadan oo David Perdue uu ku sheegay in Pillowtex uu shaqo ka abuuray.,0
2829,Frank Guinta ayaa u codeeyay in cashuur bixiyayaasha dabaqadda dhexe ay bixiyaan lacag ka badan...,"Frank Guinta ayaa u codeeyay in cashuur bixiyayaasha dabaqadda dhexe ay bixiyaan in ka badan $1,000 oo dheeraad ah sannadkii.",0
2830,Wuxuu sheegay in ay jiraan doollar federaal ah oo badan oo ku jira Gov. John Kasichs bud...,Wuxuu sheegay in ay jiraan doollar federaali ah oo ka badan qorshaha miisaaniyadda Gov. John Kasichs marka loo eego miisaaniyaddii hore ee gobolka.,0
2831,Haddii aad iibiso gurigaaga wixii ka dambeeya 2012 waxaad bixin doontaa boqolkiiba 3.8...,Haddii aad iibiso gurigaaga wixii ka dambeeya 2012 waxaad ka bixin doontaa boqolkiiba 3.8 canshuurta iibka.,0
2832,"Mashruuca Buffalos SolarCity, Andrew Cuomo wuxuu abuuri doonaa laga yaabee ...","Mashruuca Buffalos SolarCity, Andrew Cuomo wuxuu abuuri doonaa laga yaabee 500 shaqo haddii ay weligeed dhacdo, qiyaastii $1.5 milyan shaqa kasta.",0
2833,Adigoo isticmaalaya daldaloolo yar oo la yaqaan ... Minions Obama waa la oggol yahay ...,Adigoo isticmaalaya daldaloolo yar oo la yaqaan ... Minions Obama waxay u oggolaanayaan Shirkadda Nestle inay ka dhoofiso biyaha macaan ee qaaliga ah harada Michigan.,0
2834,"Barack Obama ""wuxuu doonayaa in dowladda ay la wareegto daryeelka caafimaadka,...","Barack Obama ""wuxuu rabaa in dowladdu ay la wareegto daryeelka caafimaadka, ku bixiso boqolaal bilyan oo doolar oo lacag cusub ah caymiska caafimaadka qof walba.""",0
2835,Haddii Madaxweyne Obama saxiixo daawaynta isbedelka cimilada ee Copenhagen...,"Haddii madaxweyne Obama uu saxiixo heshiiska isbeddelka cimilada ee Copenhagen, wuxuu ""sixiixi doonaa xorriyaddaada, dimoqraadiyaddaada, iyo barwaaqadaada weligiin, adiga iyo dawlad kasta oo ku xigta oo aad dooran karto ma lahaan doonto wax awood ah si ay dib ugu soo celiso.""",0
2836,Wuxuu yiri tababaraha kubbadda cagta Rex Ryan wuxuu ku guuleystay horyaalada ...,"Waxa uu yidhi tababaraha kubada cagta ee xirfada leh Rex Ryan ayaa ku guulaystay horyaalada New York. AFC, waxaan filayaa, laba jeer.",0
2837,Waxay tiri Cathy Jordan waa la xiray oo laga soo saaray gurigeeda b...,Waxay tiri Cathy Jordan ayaa la xiray oo ay ka soo saareen gurigeeda koox SWAT ah oo hooligan ah si ay u isticmaasho marijuana caafimaad.,0
2838,"Ohio, waxaan ku maal galinay caruurteena, anagoo kordhinayna maalgelinta iskuulka...","Ohio, waxaanu maal galinay caruurteena, anagoo ku kordhinay maalgelinta dugsiga 5.5 boqolkiiba miisaaniyadii u dambaysay.",0
2839,"27-kii bilood ee la soo dhaafay, Madaxweyne Barack Obama waxa uu abuuray...","27-kii bilood ee la soo dhaafay, Madaxweyne Barack Obama waxa uu abuuray shaqooyin ka badan kuwa gaarka loo leeyahay marka loo eego soo kabashada Reagan.",0
2840,Wuxuu yiri Ron Johnson run ahaantii waxba ma uusan qaban si uu ula dagaallamo geesiga ...,Wuxuu yidhi Ron Johnson run ahaantii waxba ma uu samayn si uu ula dagaallamo balwadda heroin-ka iyo xad-gudubka opioid.,0
2841,"Mashruuca Buffalos SolarCity, Andrew Cuomo wuxuu abuuri doonaa laga yaabee ...","Mashruuca Buffalos SolarCity, Andrew Cuomo wuxuu abuuri doonaa laga yaabee 500 shaqo haddii ay weligeed dhacdo, qiyaastii $1.5 milyan shaqa kasta.",0
2842,"Qoysaska Maraykanku waxay ku dadaalaan inay helaan $4,250 bishii. Obama ayaa...","Qoysaska Maraykanku waxay ku dadaalaan inay helaan $4,250 bishii. Obama waxa uu ku kharash gareeyaa $18,972 bishii ilmo kasta oo sharci-darro ah.",0
2843,Wuxuu yiri tababaraha kubbadda cagta Rex Ryan wuxuu ku guuleystay horyaalada ...,"Waxa uu yidhi tababaraha kubada cagta ee xirfada leh Rex Ryan ayaa ku guulaystay horyaalada New York. AFC, waxaan filayaa, laba jeer.",0
2844,Haddii Madaxweyne Obama saxiixo daawaynta isbedelka cimilada ee Copenhagen...,"Haddii madaxweyne Obama uu saxiixo heshiiska isbeddelka cimilada ee Copenhagen, wuxuu ""sixiixi doonaa xorriyaddaada, dimoqraadiyaddaada, iyo barwaaqadaada weligiin, adiga iyo dawlad kasta oo ku xigta oo aad dooran karto ma lahaan doonto wax awood ah si ay dib ugu soo celiso.""",0
2845,Ciidamada badda ayaa dacwad ku soo oogaya sarkaal ka tirsan ciidamada badda oo toogtay...,Ciidanka badda ayaa dacwad ku soo oogaya sarkaal ka tirsan ciidamada badda oo toogtay toogashadii Chattanooga ka dib markii uu si sharci darro ah hub ugu furay hanti federaal ah.,0
2846,(Madaxweyne Barack Obama) ayaa sheegay in shaqo la’aantu aysan waligeed g...,(Madaxweyne Barack Obama) wuxuu sheegay in shaqo la'aantu aysan weligeed dhaafi doonin 8 boqolkiiba haddii aan gudbino qorshaha kicinta.,0
2847,(Madaxweyne Barack Obama) ayaa sheegay in shaqo la’aantu aysan waligeed g...,(Madaxweyne Barack Obama) wuxuu sheegay in shaqo la'aantu aysan weligeed dhaafi doonin 8 boqolkiiba haddii aan gudbino qorshaha kicinta.,0
2848,Bal eeg waxa uu agaasimaha FBI-da ka yidhi iyada (Hillary C...,Bal u fiirso waxa uu agaasimaha FBI-da ka yidhi (Hillary Clinton) dhaqan-xumada ay samaysay waa ceeb iyo ceeb dalkeena.,0
2849,Saddex meelood labo meel Granite States ayaa kasoo horjeeda xisbiga Shaaha iyo xisbigiisa...,Saddex meelood laba meel Granite States waxay ka soo horjeedaan Xisbiga Shaaha iyo ajandihiisa ku saabsan ururada shaqaalaha.,0
2850,Wendy Davis waxay kaliya ku samaynaysay lacag ururin Chicago,Wendy Davis waxa ay Chicago ka samaynaysay dhaqaale ururin iyada oo la kaashanaysa ururka hantiwadaaga caalamiga ah.,0
2851,"Mashruuca Buffalos SolarCity, Andrew Cuomo wuxuu abuuri doonaa laga yaabee ...","Mashruuca Buffalos SolarCity, Andrew Cuomo wuxuu abuuri doonaa laga yaabee 500 shaqo haddii ay weligeed dhacdo, qiyaastii $1.5 milyan shaqa kasta.",0
2852,Sagaal boqol oo qof ayaa shaqada laga eryay tan iyo markii aan xoghayaha noqday...,Sagaal boqol oo qof ayaa shaqada laga eryay tan iyo markii aan xoghaye ka noqday (Arimaha Veterans). Waxa aanu helnay 60 qof oo aanu shaqada ka ceyrinay kuwaas oo wakhtiyada sugitaan wax-ka-qabtay.,0
2853,Canshuuraha guryuhu hadda 18% way ka sarreeyaan markii (Mark Sharpe) kow...,Canshuuraha guryuhu hadda 18% way ka sarreeyaan markii (Mark Sharpe) markii ugu horreysay ee uu xafiiska la wareegay.,0
2854,Boqolkiiba 95 lacagta loo isticmaalo ururka shaqaalaha wor...,Boqolkiiba shan iyo sagaashan lacagta loo isticmaalo xarumaha tababarka shaqaalaha ee ay ku shaqeeyaan ururka waxay ka yimaadaan loo shaqeeyayaasha.,0
2855,Ciidamada badda ayaa dacwad ku soo oogaya sarkaal ka tirsan ciidamada badda oo toogtay...,Ciidanka badda ayaa dacwad ku soo oogaya sarkaal ka tirsan ciidamada badda oo toogtay toogashadii Chattanooga ka dib markii uu si sharci darro ah hub ugu furay hanti federaal ah.,0
2856,Magaalada Pembroke Pines ayaan wax cod ah ku lahayn qorshe lagu b...,Magaalada Pembroke Pines ayaan wax cod ah ku lahayn qorshaha lagu dhisayo xarun dadka lagu hayo ee Koonfur Galbeed Ranches.,0
2857,Barasaabkii hore ee Alaska Sarah Palin ayaa ku saxnayd in madaxweynaha...,"Guddoomiyihii hore ee Alaska Sarah Palin waxay ku saxsanayd in sharciga daryeelka caafimaadka ee Madaxweyne Barack Obama uu abuuray waxa, dhab ahaan, noqon lahaa guddiyada dhimashada.",0
2858,Waxay tiri Cathy Jordan waa la xiray oo laga soo saaray gurigeeda b...,Waxay tiri Cathy Jordan ayaa la xiray oo ay ka soo saareen gurigeeda koox SWAT ah oo hooligan ah si ay u isticmaasho marijuana caafimaad.,0
2859,Ayaa sheegay in Adeegga Boostada Maraykanku aanay qaadan wax gargaar cashuur bixiye ah tan iyo markii...,"Waxa uu leeyahay Adeegga Boostada Maraykanku ma qaadin wax gargaar cashuur bixiye ah ilaa 1971, waxa ay maalgelisaa hawlaha gabi ahaan iibinta stamps iyo alaabta la xidhiidha oo waxa ay samaysaa faa'iido hawl gal sanadba sanadka ka dambeeya.",0
2860,Haddii Madaxweyne Obama saxiixo daawaynta isbedelka cimilada ee Copenhagen...,"Haddii madaxweyne Obama uu saxiixo heshiiska isbeddelka cimilada ee Copenhagen, wuxuu ""sixiixi doonaa xorriyaddaada, dimoqraadiyaddaada, iyo barwaaqadaada weligiin, adiga iyo dawlad kasta oo ku xigta oo aad dooran karto ma lahaan doonto wax awood ah si ay dib ugu soo celiso.""",0
2861,Shirkadda ay dawladdu kiraysanayso ee qiimaynaysa ardayda ay dawladdu u xilsaartay...,Shirkadda ay dawladdu kiraysanayso ee qiimeeya imtixaannada ardayda ee gobolku waajibiyay waxay ku baxaysaa Craigslist si ay u hesho imtaxaanayaal si ay u akhriyaan qoraallada ardaydeenna.,0
2862,Haddii aad iibiso gurigaaga wixii ka dambeeya 2012 waxaad bixin doontaa boqolkiiba 3.8...,Haddii aad iibiso gurigaaga wixii ka dambeeya 2012 waxaad ka bixin doontaa boqolkiiba 3.8 canshuurta iibka.,0
2863,Qofka iga soo waxa uu ballan qaadayaa in uu soo celin doono shaqada hore isaga oo raba in uu iska tago...,Qofka iga soo horjeeda wuxuu ballan qaadayaa inuu soo celin doono shaqooyin hore isagoo u rajeeyay dhaqaalaha adduunka.,0
2864,Muwaadiniin Jarmal ah ayaa dawladoodii hub ka dhigis ku samaysay dhamaadkii...,"Muwaadiniinta Jarmalku waxa hub ka dhigis ku sameeyay dawladoodii dabayaaqadii 1930-meeyadii, taas oo u ogolaatay Naasiyiintii in ay fuliyaan ujeedooyinkooda xun iyaga oo iska caabin yar leh.",0
2865,"Barack Obama ""wuxuu doonayaa in dowladda ay la wareegto daryeelka caafimaadka,...","Barack Obama ""wuxuu rabaa in dowladdu ay la wareegto daryeelka caafimaadka, ku bixiso boqolaal bilyan oo doolar oo lacag cusub ah caymiska caafimaadka qof walba.""",0
2866,Guddiga dib u soo celinta dhaqangelinta ee gobolka ee dhawaan la sameeyay...,"Guddiga dib u eegista dhaqangelinta socdaalka ee gobolka ee dhawaan la sameeyay ayaa dhab ahaantii dacwayn kara, oo ku ridi kara [xukun] xabsiga, haddii aanu keenno xeer ilaaliyaha guud.",0
2867,Waxaan bixinaa PhD-da sanad walba in ka badan jaamacad kale ee A...,Waxaan bixinaa PhDs ka badan sanad walba marka loo eego jaamacadaha kale ee Ameerika marka laga reebo Berkeley.,0
2868,Haddii Madaxweyne Obama saxiixo daawaynta isbedelka cimilada ee Copenhagen...,"Haddii madaxweyne Obama uu saxiixo heshiiska isbeddelka cimilada ee Copenhagen, wuxuu ""sixiixi doonaa xorriyaddaada, dimoqraadiyaddaada, iyo barwaaqadaada weligiin, adiga iyo dawlad kasta oo ku xigta oo aad dooran karto ma lahaan doonto wax awood ah si ay dib ugu soo celiso.""",0
2869,Waxa uu yidhi Madaxweyne Obama waxa uu afduubay biilka beeraha (oo) waxa uu u rogay i...,Waxa uu yidhi Madaxweyne Obama waxa uu afduubay biilka beeraha (oo) waxa uu ka dhigay biilka cuntada.,0
2870,"Inkasta oo ay ka soo horjeesteen naadiga qaranka ee kobaca, naadiga G...","In kasta oo ay ka soo horjeedaan Naadiga kobaca qaranka, Naadiga Kobaca Wisconsin ayaa u ansixiyay Senetka Mareykanka.",0
2871,Wuxuu sheegay in qaraarka Senate-ka uu soo celin doono $140 bishiiba...,Wuxuu sheegay in qaraarka Senate-ka uu soo celin doono $140 lacagihii kaalmada guud ee bishii iyo ka hortagga dadka inay dambi galaan.,0
2872,Xirmada dhiirigelinta waxaa ku jira sharci ka soo horjeeda Masiixi...,"Xirmada dhiirigelinta waxaa ku jira sharci lid ku ah Masiixiyiinta kaas oo joojin doona kaniisadaha inay u isticmaalaan dugsiyada dadweynaha kulannada axada, iyo sidoo kale Boy Scouts iyo kooxaha ardada barta Kitaabka Quduuska ah.",0
2873,Waxa uu yidhi Mike Dovilla waxa uu taageersan yahay qorshe u ogolaan kara ajaanib...,Wuxuu yiri Mike Dovilla wuxuu taageersan yahay qorshe u oggolaanaya shirkad ajnabi ah inay la wareegto Ohio Turnpike,0
2874,"In ka badan 100,000 oo haween ah oo ku nool Texas ayaa isku dayay in ay iskood isu soo dhisaan.","In ka badan 100,000 oo haween ah oo ku nool Texas ayaa isku dayay inay iskood iska soo xaaqaan sannadkii la soo dhaafay oo keliya.",0
2875,"Waxaan leenahay magaalooyin ku yaal Galbeedka Texas oo aan biyuhu lahayn, kuwaas oo ah ...","Waxaan leenahay magaalooyin ku yaal Galbeedka Texas oo ay ka maqan yihiin biyaha, kuwaas oo ay tahay in ay biyo ku dhaamiyaan.",0
2876,Magaalada Pembroke Pines ayaan wax cod ah ku lahayn qorshe lagu b...,Magaalada Pembroke Pines ayaan wax cod ah ku lahayn qorshaha lagu dhisayo xarun dadka lagu hayo ee Koonfur Galbeed Ranches.,0
2877,Saraakiisha Medicare waxay ula dhaqmeen Humana iyo AARP si aan is waafaqsanayn,Saraakiisha Medicare waxay ula dhaqmeen Humana iyo AARP si aan joogto ahayn sida ay ula xiriiri karaan waayeelka.,0
2878,Codbixinta ayaa muujineysa in Floridians aysan dooneynin inay baabi'iyaan lacagta la awoodi karo…,Ra'yi ururintu waxay muujinayaan in Floridians aysan rabin inay tirtiraan Sharciga Daryeelka La awoodi karo.,0
2879,Sagaal boqol oo qof ayaa shaqada laga eryay tan iyo markii aan xoghayaha noqday...,Sagaal boqol oo qof ayaa shaqada laga eryay tan iyo markii aan xoghaye ka noqday (Arimaha Veterans). Waxa aanu helnay 60 qof oo aanu shaqada ka ceyrinay kuwaas oo wakhtiyada sugitaan wax-ka-qabtay.,0
2880,Ku dhawaad ​​800 oo qof ayaa diiday in laga baaro daroogada sababtoo ah...,Qiyaastii 800 oo qof ayaa diiday in la sameeyo baaris daroogo sababtoo ah waxay u joogaan mukhaadaraad.,0
2881,Frank Guinta ayaa u codeeyay in cashuur bixiyayaasha dabaqadda dhexe ay bixiyaan lacag ka badan...,"Frank Guinta ayaa u codeeyay in cashuur bixiyayaasha dabaqadda dhexe ay bixiyaan in ka badan $1,000 oo dheeraad ah sannadkii.",0
2882,Waxa uu yidhi Madaxweyne Obama waxa uu afduubay biilka beeraha (oo) waxa uu u rogay i...,Waxa uu yidhi Madaxweyne Obama waxa uu afduubay biilka beeraha (oo) waxa uu ka dhigay biilka cuntada.,0
2883,Ciidamada badda ayaa dacwad ku soo oogaya sarkaal ka tirsan ciidamada badda oo toogtay...,Ciidanka badda ayaa dacwad ku soo oogaya sarkaal ka tirsan ciidamada badda oo toogtay toogashadii Chattanooga ka dib markii uu si sharci darro ah hub ugu furay hanti federaal ah.,0
2884,"Hadda, Golaha Wakiilada, waxaan leenahay 40 kala duwan oo j...","Hadda, Golaha Wakiillada, waxaanu haynaa 40 xeer oo kala duwan oo shaqo ah oo la ansixiyay oo ku dhawaad ​​dhamaantood ahaayeen laba xisbi.",0
2885,Shirkadda ay dawladdu kiraysanayso ee qiimaynaysa ardayda ay dawladdu u xilsaartay...,Shirkadda ay dawladdu kiraysanayso ee qiimeeya imtixaannada ardayda ee gobolku waajibiyay waxay ku baxaysaa Craigslist si ay u hesho imtaxaanayaal si ay u akhriyaan qoraallada ardaydeenna.,0
2886,Ayaa sheegtay in dowladda federaalku ay amar ku bixisay in dadka aan galmoodka ahayn (sic) iyo h...,Ayaa sheegtay in dawladda federaalku ay amar ku bixinayso dadka aan isu galmoodin (sic) iyo khaniisiinta inay carruurta ku qabsanayaan aagagga khatarta ah ee shisheeyaha iyagoo adeegsanaya magaca ammaanka garoonka diyaaradaha.,0
2887,Ku dhawaad ​​800 oo qof ayaa diiday in laga baaro daroogada sababtoo ah...,Qiyaastii 800 oo qof ayaa diiday in la sameeyo baaris daroogo sababtoo ah waxay u joogaan mukhaadaraad.,0
2888,Frank Guinta ayaa u codeeyay in cashuur bixiyayaasha dabaqadda dhexe ay bixiyaan lacag ka badan...,"Frank Guinta ayaa u codeeyay in cashuur bixiyayaasha dabaqadda dhexe ay bixiyaan in ka badan $1,000 oo dheeraad ah sannadkii.",0
2889,Is-dilku wuxuu ka imaanayaa calaamad ah ee waaweyn oo leh ...,Is-dilku wuxuu ka yimaadaa dawladda dhexe ee waaweyn oo leh waxba uma qalantid laakiin waxaad ku heli doontaa wax aan waxba ahayn.,0
2890,Waxay leedahay warbaahintu waxay abuurtay ereyga polar vortex iyo qabow ai...,Waxay leedahay warbaahintu waxay abuurtay ereyga polar vortex hawada qabowna waxay caddaynaysaa in barafku aanu dhalaalinayn.,0
2891,Waxa uu yidhi Madaxweyne Obama waxa uu afduubay biilka beeraha (oo) waxa uu u rogay i...,Waxa uu yidhi Madaxweyne Obama waxa uu afduubay biilka beeraha (oo) waxa uu ka dhigay biilka cuntada.,0
2892,Xirmada dhiirigelinta waxaa ku jira sharci ka soo horjeeda Masiixi...,"Xirmada dhiirigelinta waxaa ku jira sharci lid ku ah Masiixiyiinta kaas oo joojin doona kaniisadaha inay u isticmaalaan dugsiyada dadweynaha kulannada axada, iyo sidoo kale Boy Scouts iyo kooxaha ardada barta Kitaabka Quduuska ah.",0
2893,Wuxuu yiri tababaraha kubbadda cagta Rex Ryan wuxuu ku guuleystay horyaalada ...,"Waxa uu yidhi tababaraha kubada cagta ee xirfada leh Rex Ryan ayaa ku guulaystay horyaalada New York. AFC, waxaan filayaa, laba jeer.",0
2894,Waajibaadka daryeelka caafimaadku wuxuu u baahan doonaa xadhig iyo ganaax...,Waajibaadka daryeelka caafimaadku waxay u baahan doontaa xadhig iyo ganaax lacageed dadka Maraykanka ah ee aan awoodin inay iibsadaan caymis ama bixiyaan ganaaxyo culus oo dawladeed.,0
2895,Waxa uu yidhi Donald Trump waxa uu taageersan yahay ajande halkaas ka jira oo ah in si gaar loo leeyahay...,Waxa uu yidhi Donald Trump waxa uu taageerayaa ajande halkaa ka jira si gaar looga dhigo nidaamka daryeelka caafimaadka ee Arrimaha Veterans.,0
2896,"In ka badan 100,000 oo haween ah oo ku nool Texas ayaa isku dayay in ay iskood isu soo dhisaan.","In ka badan 100,000 oo haween ah oo ku nool Texas ayaa isku dayay inay iskood iska soo xaaqaan sannadkii la soo dhaafay oo keliya.",0
2897,Ciidamada badda ayaa dacwad ku soo oogaya sarkaal ka tirsan ciidamada badda oo toogtay...,Ciidanka badda ayaa dacwad ku soo oogaya sarkaal ka tirsan ciidamada badda oo toogtay toogashadii Chattanooga ka dib markii uu si sharci darro ah hub ugu furay hanti federaal ah.,0
2898,Codbixinta ayaa muujineysa in Floridians aysan dooneynin inay baabi'iyaan lacagta la awoodi karo…,Ra'yi ururintu waxay muujinayaan in Floridians aysan rabin inay tirtiraan Sharciga Daryeelka La awoodi karo.,0
2899,Maraykanku kama mid ahayn 16 waddan oo David Pe...,Mareykanka ayaan ka mid ahayn 16 wadan oo David Perdue uu ku sheegay in Pillowtex uu shaqo ka abuuray.,0
2900,Bal eeg waxa uu agaasimaha FBI-da ka yidhi iyada (Hillary C...,Bal u fiirso waxa uu agaasimaha FBI-da ka yidhi (Hillary Clinton) dhaqan-xumada ay samaysay waa ceeb iyo ceeb dalkeena.,0
2901,Is-dilku wuxuu ka imaanayaa calaamad ah ee waaweyn oo leh ...,Is-dilku wuxuu ka yimaadaa dawladda dhexe ee waaweyn oo leh waxba uma qalantid laakiin waxaad ku heli doontaa wax aan waxba ahayn.,0
2902,Boqolkiiba 95 lacagta loo isticmaalo ururka shaqaalaha wor...,Boqolkiiba shan iyo sagaashan lacagta loo isticmaalo xarumaha tababarka shaqaalaha ee ay ku shaqeeyaan ururka waxay ka yimaadaan loo shaqeeyayaasha.,0
2903,Frank Guinta ayaa u codeeyay in cashuur bixiyayaasha dabaqadda dhexe ay bixiyaan lacag ka badan...,"Frank Guinta ayaa u codeeyay in cashuur bixiyayaasha dabaqadda dhexe ay bixiyaan in ka badan $1,000 oo dheeraad ah sannadkii.",0
2904,Saraakiisha Medicare waxay ula dhaqmeen Humana iyo AARP si aan is waafaqsanayn,Saraakiisha Medicare waxay ula dhaqmeen Humana iyo AARP si aan joogto ahayn sida ay ula xiriiri karaan waayeelka.,0
2905,"Hadda, Golaha Wakiilada, waxaan leenahay 40 kala duwan oo j...","Hadda, Golaha Wakiillada, waxaanu haynaa 40 xeer oo kala duwan oo shaqo ah oo la ansixiyay oo ku dhawaad ​​dhamaantood ahaayeen laba xisbi.",0
2906,Codbixinta ayaa muujineysa in Floridians aysan dooneynin inay baabi'iyaan lacagta la awoodi karo…,Ra'yi ururintu waxay muujinayaan in Floridians aysan rabin inay tirtiraan Sharciga Daryeelka La awoodi karo.,0
2907,"Barack Obama ""wuxuu rabaa in dowladdu ay la wareegto daryeel...","Barack Obama ""wuxuu rabaa in dowladdu ay la wareegto daryeelka caafimaadka, ku bixiso boqolaal bilyan oo doolar oo lacag cusub ah caymiska caafimaadka qof walba.""",0
2908,"Waxaan leenahay magaalooyin ku yaal Galbeedka Texas oo aan biyuhu lahayn, kuwaas oo ah ...","Waxaan leenahay magaalooyin ku yaal Galbeedka Texas oo ay ka maqan yihiin biyaha, kuwaas oo ay tahay in ay biyo ku dhaamiyaan.",0
2909,Wendy Davis waxay kaliya ku samaynaysay lacag ururin Chicago,Wendy Davis waxa ay Chicago ka samaynaysay dhaqaale ururin iyada oo la kaashanaysa ururka hantiwadaaga caalamiga ah.,0
2910,"Hadda, Golaha Wakiillada, waxaanu haynaa 40 xeer oo kala duw...","Hadda, Golaha Wakiillada, waxaanu haynaa 40 xeer oo kala duwan oo shaqo ah oo la ansixiyay oo ku dhawaad ​​dhamaantood ahaayeen laba xisbi.",0
2911,Waxa uu yidhi Donald Trump waxa uu taageersan yahay ajande halkaas ka jira oo ah in si gaar loo leeyahay...,Waxa uu yidhi Donald Trump waxa uu taageerayaa ajande halkaa ka jira si gaar looga dhigo nidaamka daryeelka caafimaadka ee Arrimaha Veterans.,0
2912,"Waxaan leenahay magaalooyin ku yaal Galbeedka Texas oo aan biyuhu lahayn, kuwaas oo ah ...","Waxaan leenahay magaalooyin ku yaal Galbeedka Texas oo ay ka maqan yihiin biyaha, kuwaas oo ay tahay in ay biyo ku dhaamiyaan.",0
2913,Miisaaniyadda Madaxweyne Barack Obama ayaa khatar ku ah amniga qaranka b...,Miisaaniyadda Madaxweyne Barack Obamas waxay khatar ku tahay amniga qaranka isagoo soo jeedinaya Ciidan ka kooban shaqaale ka yar kuwii aan haysanay ka hor Pearl Harbor.,0
2914,Sagaal boqol oo qof ayaa shaqada laga eryay tan iyo markii aan xoghayaha noqday...,Sagaal boqol oo qof ayaa shaqada laga eryay tan iyo markii aan xoghaye ka noqday (Arimaha Veterans). Waxa aanu helnay 60 qof oo aanu shaqada ka ceyrinay kuwaas oo wakhtiyada sugitaan wax-ka-qabtay.,0
2915,Nidaamka xogta ee la socda Common Core waxaa loo qaabeeyey t...,"Nidaamka xogta ee la socda Core Common waxaa loogu talagalay in lagu ururiyo ilaa 400 dhibcood ilmo kasta, taas oo ay ku jiri karto xogta shakhsi ahaan lagu aqoonsan karo.",0
2916,Maraykanku kama mid ahayn 16 waddan oo David Pe...,Mareykanka ayaan ka mid ahayn 16 wadan oo David Perdue uu ku sheegay in Pillowtex uu shaqo ka abuuray.,0
2917,"McCain ""wuxuu u codeeyay inuu dhimo maalgelinta waxbarashada, isagoo ka soo horjeeda la xisaabtanka","McCain ""wuxuu u codeeyay inuu dhimo maalgelinta waxbarashada, isagoo ka soo horjeeda heerarka isla xisaabtanka. Wuxuu xitaa soo jeediyay in la baabi'iyo Waaxda Waxbarashada.""",0
2918,"Qaar ka mid ah kulliyadaha, oo ay ku jiraan AM, ayaa horey u dammaanad qaaday ...","Qaar ka mid ah kulliyadaha, oo ay ku jirto AM, ayaa horey u dammaanad qaaday inaysan kordhin doonin waxbarashadooda.",0
2919,Haddii aad iibiso gurigaaga wixii ka dambeeya 2012 waxaad bixin doontaa boqolkiiba 3.8...,Haddii aad iibiso gurigaaga wixii ka dambeeya 2012 waxaad ka bixin doontaa boqolkiiba 3.8 canshuurta iibka.,0
2920,Boqolkiiba 95 lacagta loo isticmaalo ururka shaqaalaha wor...,Boqolkiiba shan iyo sagaashan lacagta loo isticmaalo xarumaha tababarka shaqaalaha ee ay ku shaqeeyaan ururka waxay ka yimaadaan loo shaqeeyayaasha.,0
2921,Wuxuu sheegay in uu ku guuleystay codka shacabka haddii aad ka jarto malaayiinta p...,Waxa uu sheegay in uu ku guulaystay codka shacabka haddii aad ka jarto malaayiinta qof ee sida sharci darrada ah u codeeyay.,0
2922,Guddiga dib u soo celinta dhaqangelinta ee gobolka ee dhawaan la sameeyay...,"Guddiga dib u eegista dhaqangelinta socdaalka ee gobolka ee dhawaan la sameeyay ayaa dhab ahaantii dacwayn kara, oo ku ridi kara [xukun] xabsiga, haddii aanu keenno xeer ilaaliyaha guud.",0
2923,"Xiligii Madaxweyne Barack Obama, 8.3 (milyan) oo Maraykan ah ayaa ka yar ...","Xilligii Madaxweyne Barack Obama, 8.3 (milyan) oo Maraykan ah ayaa shaqeeya maanta in ka yar sidii ay ahaayeen afar sano ka hor.",0
2924,Waxaan ka mid ahaa kuwii ugu horreeyay ee dhaleeceeya ku degdegista dagaalka (Ir...,"Waxaan ka mid ahaa kuwii ugu horreeyay ee dhaleeceeya degdegga ah ee dagaalka (Ciraaq), iyo haa, xitaa ka hor inta uusan dagaalku bilaaban.",0
2925,"Hadda, Golaha Wakiilada, waxaan leenahay 40 kala duwan oo j...","Hadda, Golaha Wakiillada, waxaanu haynaa 40 xeer oo kala duwan oo shaqo ah oo la ansixiyay oo ku dhawaad ​​dhamaantood ahaayeen laba xisbi.",0
2926,Maxay ahaayeen hoos u dhacii sanadlaha ahaa ee Jamhuuriga hadda...,Maxay ahaayeen khasaare sanadeedkii hore ee Jamhuuriyiinta ayaa hadda noqday hoos u dhacyada billaha ah ee hoos yimaada Dimuqraadiyiinta.,0
2927,Waxa uu yidhi Donald Trump waxa uu taageersan yahay ajande halkaas ka jira oo ah in si gaar loo leeyahay...,Waxa uu yidhi Donald Trump waxa uu taageerayaa ajande halkaa ka jira si gaar looga dhigo nidaamka daryeelka caafimaadka ee Arrimaha Veterans.,0
2928,Wuxuu sheegay in dib u habeynta daryeelka caafimaadka qaranka ay tahay mid ay dowladdu la wareegtay...,Waxa uu leeyahay dib u habaynta daryeelka caafimaadka qaranka waa la wareegida dawladda ee daryeelka caafimaadka.,0
2929,Haddii Madaxweyne Obama saxiixo daawaynta isbedelka cimilada ee Copenhagen...,"Haddii madaxweyne Obama uu saxiixo heshiiska isbeddelka cimilada ee Copenhagen, wuxuu ""sixiixi doonaa xorriyaddaada, dimoqraadiyaddaada, iyo barwaaqadaada weligiin, adiga iyo dawlad kasta oo ku xigta oo aad dooran karto ma lahaan doonto wax awood ah si ay dib ugu soo celiso.""",0
2930,Wuxuu sheegay in qaraarka Senate-ka uu soo celin doono $140 bishiiba...,Wuxuu sheegay in qaraarka Senate-ka uu soo celin doono $140 lacagihii kaalmada guud ee bishii iyo ka hortagga dadka inay dambi galaan.,0
2931,"Hadda, Golaha Wakiilada, waxaan leenahay 40 kala duwan oo j...","Hadda, Golaha Wakiillada, waxaanu haynaa 40 xeer oo kala duwan oo shaqo ah oo la ansixiyay oo ku dhawaad ​​dhamaantood ahaayeen laba xisbi.",0
2932,Walaalaha Koch keligood waxay siiyeen lacag laba jibaar ka badan Scott Wa...,Walaalaha Koch keligood waxay siiyeen laba laab lacag ka badan Scott Walker wadarta guud ee lacagta uu soo ururiyay Tom Barrett.,0
2933,"Barack Obama ""wuxuu doonayaa in dowladda ay la wareegto daryeelka caafimaadka,...","Barack Obama ""wuxuu rabaa in dowladdu ay la wareegto daryeelka caafimaadka, ku bixiso boqolaal bilyan oo doolar oo lacag cusub ah caymiska caafimaadka qof walba.""",0
2934,"Si qarsoodi ah, iyadoo aan la ogeyn xubnaha Congress-ka, in ka badan $105 biil...","Si qarsoodi ah, iyadoo aan la ogeyn xubnaha Congress-ka, in ka badan 105 bilyan ayaa lagu qariyay sharciga Obamacare.",0
2935,Maraykanku kama mid ahayn 16 waddan oo David Pe...,Mareykanka ayaan ka mid ahayn 16 wadan oo David Perdue uu ku sheegay in Pillowtex uu shaqo ka abuuray.,0
2936,Saddex meelood labo ka mid ah dadka ku nool Wisconsin ayaa si adag uga soo horjeeda...,Saddex meelood laba meel dadka Wisconsin ayaa si adag uga soo horjeeda fikradan ah in si joogto ah looga qaado xuquuqda dadka ee gorgortanka wadajirka ah.,0
2937,Wuxuu yiri Ron Johnson run ahaantii waxba ma uusan qaban si uu ula dagaallamo geesiga ...,Wuxuu yidhi Ron Johnson run ahaantii waxba ma uu samayn si uu ula dagaallamo balwadda heroin-ka iyo xad-gudubka opioid.,0
2938,Wuxuu sheegay in qaraarka Senate-ka uu soo celin doono $140 bishiiba...,Wuxuu sheegay in qaraarka Senate-ka uu soo celin doono $140 lacagihii kaalmada guud ee bishii iyo ka hortagga dadka inay dambi galaan.,0
2939,Ku dhawaad ​​800 oo qof ayaa diiday in laga baaro daroogada sababtoo ah...,Qiyaastii 800 oo qof ayaa diiday in la sameeyo baaris daroogo sababtoo ah waxay u joogaan mukhaadaraad.,0
2940,Ku dhawaad ​​800 oo qof ayaa diiday in laga baaro daroogada sababtoo ah...,Qiyaastii 800 oo qof ayaa diiday in la sameeyo baaris daroogo sababtoo ah waxay u joogaan mukhaadaraad.,0
2941,Wuxuu sheegay in qaraarka Senate-ka uu soo celin doono $140 bishiiba...,Wuxuu sheegay in qaraarka Senate-ka uu soo celin doono $140 lacagihii kaalmada guud ee bishii iyo ka hortagga dadka inay dambi galaan.,0
2942,Shirkadda ay dawladdu kiraysanayso ee qiimaynaysa ardayda ay dawladdu u xilsaartay...,Shirkadda ay dawladdu kiraysanayso ee qiimeeya imtixaannada ardayda ee gobolku waajibiyay waxay ku baxaysaa Craigslist si ay u hesho imtaxaanayaal si ay u akhriyaan qoraallada ardaydeenna.,0
2943,"27-kii bilood ee la soo dhaafay, Madaxweyne Barack Obama waxa uu abuuray...","27-kii bilood ee la soo dhaafay, Madaxweyne Barack Obama waxa uu abuuray shaqooyin ka badan kuwa gaarka loo leeyahay marka loo eego soo kabashada Reagan.",0
2944,Xirmada dhiirigelinta waxaa ku jira sharci ka soo horjeeda Masiixi...,"Xirmada dhiirigelinta waxaa ku jira sharci lid ku ah Masiixiyiinta kaas oo joojin doona kaniisadaha inay u isticmaalaan dugsiyada dadweynaha kulannada axada, iyo sidoo kale Boy Scouts iyo kooxaha ardada barta Kitaabka Quduuska ah.",0
2945,Waajibaadka daryeelka caafimaadku wuxuu u baahan doonaa xadhig iyo ganaax...,Waajibaadka daryeelka caafimaadku waxay u baahan doontaa xadhig iyo ganaax lacageed dadka Maraykanka ah ee aan awoodin inay iibsadaan caymis ama bixiyaan ganaaxyo culus oo dawladeed.,0
2946,Maraykanku kama mid ahayn 16 waddan oo David Pe...,Mareykanka ayaan ka mid ahayn 16 wadan oo David Perdue uu ku sheegay in Pillowtex uu shaqo ka abuuray.,0
2947,Wuxuu sheegay in dib u habeynta daryeelka caafimaadka qaranka ay tahay mid ay dowladdu la wareegtay...,Waxa uu leeyahay dib u habaynta daryeelka caafimaadka qaranka waa la wareegida dawladda ee daryeelka caafimaadka.,0
2948,Waxa uu yidhi Madaxweyne Obama waxa uu afduubay biilka beeraha (oo) waxa uu u rogay i...,Waxa uu yidhi Madaxweyne Obama waxa uu afduubay biilka beeraha (oo) waxa uu ka dhigay biilka cuntada.,0
2949,Codbixinta ayaa muujineysa in Floridians aysan dooneynin inay baabi'iyaan lacagta la awoodi karo…,Ra'yi ururintu waxay muujinayaan in Floridians aysan rabin inay tirtiraan Sharciga Daryeelka La awoodi karo.,0
2950,Way adag tahay in dadka Portland ku nool ay Haa ugu codeeyaan mea...,"Way adag tahay in dadka Portland ku nool ay Haa ugu codeeyaan cabbirada codbixinta, gaar ahaan marka ay jiraan mucaarad.",0
2951,Waxaa jira kharashyo maamul oo sarreeya marka aad ku deeqdo Haiti...,Waxaa jira kharashyo maamul oo sarreeya marka aad ku deeqdo gargaarka Haiti iyada oo loo marayo Mareegta Aqalka Cad.,0
2952,Bal eeg waxa uu agaasimaha FBI-da ka yidhi iyada (Hillary C...,Bal u fiirso waxa uu agaasimaha FBI-da ka yidhi (Hillary Clinton) dhaqan-xumada ay samaysay waa ceeb iyo ceeb dalkeena.,0
2953,Wuxuu sheegay in dib u habeynta daryeelka caafimaadka qaranka ay tahay mid ay dowladdu la wareegtay...,Waxa uu leeyahay dib u habaynta daryeelka caafimaadka qaranka waa la wareegida dawladda ee daryeelka caafimaadka.,0
2954,Codbixinta ayaa muujineysa in Floridians aysan dooneynin inay baabi'iyaan lacagta la awoodi karo…,Ra'yi ururintu waxay muujinayaan in Floridians aysan rabin inay tirtiraan Sharciga Daryeelka La awoodi karo.,0
2955,Hindise sharciyeedka gobolka ayaa soo afjari doona shuruudihii muddada dheer ee ahaa in deegaanka...,Hindise-sharciyeedka gobolku waxa uu soo afjarayaa shuruudii muddada dheer u baahnayd ee ah in dawladaha hoose ay dayactiraan waddooyinka waaweyn iyo laamiyada-- oo ay ka horjoogsadaan muwaadiniinta dhaawaca ah in ay dacweeyaan dayactirka la dayacay.,0
2956,Guddoomiyihii hore ee Alaska Sarah Palin waxay ku saxsanayd ...,"Guddoomiyihii hore ee Alaska Sarah Palin waxay ku saxsanayd in sharciga daryeelka caafimaadka ee Madaxweyne Barack Obama uu abuuray waxa, dhab ahaan, noqon lahaa guddiyada dhimashada.",0
2957,"Ohio, waxaan ku maal galinay caruurteena, anagoo kordhinayna maalgelinta iskuulka...","Ohio, waxaanu maal galinay caruurteena, anagoo ku kordhinay maalgelinta dugsiga 5.5 boqolkiiba miisaaniyadii u dambaysay.",0
2958,Maraykanku kama mid ahayn 16 waddan oo David Pe...,Mareykanka ayaan ka mid ahayn 16 wadan oo David Perdue uu ku sheegay in Pillowtex uu shaqo ka abuuray.,0
2959,Haddii Madaxweyne Obama saxiixo daawaynta isbedelka cimilada ee Copenhagen...,"Haddii madaxweyne Obama uu saxiixo heshiiska isbeddelka cimilada ee Copenhagen, wuxuu ""sixiixi doonaa xorriyaddaada, dimoqraadiyaddaada, iyo barwaaqadaada weligiin, adiga iyo dawlad kasta oo ku xigta oo aad dooran karto ma lahaan doonto wax awood ah si ay dib ugu soo celiso.""",0
2960,Ayaa sheegtay in dowladda federaalku ay amar ku bixisay in dadka aan galmoodka ahayn (sic) iyo h...,Ayaa sheegtay in dawladda federaalku ay amar ku bixinayso dadka aan isu galmoodin (sic) iyo khaniisiinta inay carruurta ku qabsanayaan aagagga khatarta ah ee shisheeyaha iyagoo adeegsanaya magaca ammaanka garoonka diyaaradaha.,0
2961,Is-dilku wuxuu ka imaanayaa calaamad ah ee waaweyn oo leh ...,Is-dilku wuxuu ka yimaadaa dawladda dhexe ee waaweyn oo leh waxba uma qalantid laakiin waxaad ku heli doontaa wax aan waxba ahayn.,0
2962,Waxa uu yidhi Mike Dovilla waxa uu taageersan yahay qorshe u ogolaan kara ajaanib...,Wuxuu yiri Mike Dovilla wuxuu taageersan yahay qorshe u oggolaanaya shirkad ajnabi ah inay la wareegto Ohio Turnpike,0
2963,Ayaa sheegtay in dowladda federaalku ay amar ku bixisay in dadka aan galmoodka ahayn (sic) iyo h...,Ayaa sheegtay in dawladda federaalku ay amar ku bixinayso dadka aan isu galmoodin (sic) iyo khaniisiinta inay carruurta ku qabsanayaan aagagga khatarta ah ee shisheeyaha iyagoo adeegsanaya magaca ammaanka garoonka diyaaradaha.,0
2964,"Waxa uu sheegay in uu ahaa saldhigga gobolka Utah, uu markii la shaqeeyay s ...","Wuxuu sheegay in markii uu ahaa guddoomiyaha Utah, uu la shaqeeyay Sharci-dejinta gobolka si loo abuuro canshuur siman oo dhimaysa canshuurta dakhliga boqolkiiba 30.",0
2965,Wuxuu sheegay in eedeymaha ah inuu sameeyay galmo aan loo baahnayn oo ku saabsan ...,Waxa uu sheegay in eedeymaha ah in uu sameeyay galmo aan la rabin oo uu ku sameeyay haweeney ku xigeen shariif ah ay laba garsoore oo kala duwan ay ku heleen in aysan mudneyn.,0
2966,Waxaan ka mid ahaa kuwii ugu horreeyay ee dhaleeceeya ku degdegista dagaalka (Ir...,"Waxaan ka mid ahaa kuwii ugu horreeyay ee dhaleeceeya degdegga ah ee dagaalka (Ciraaq), iyo haa, xitaa ka hor inta uusan dagaalku bilaaban.",0
2967,Magaalada Pembroke Pines ayaan wax cod ah ku lahayn qorshe lagu b...,Magaalada Pembroke Pines ayaan wax cod ah ku lahayn qorshaha lagu dhisayo xarun dadka lagu hayo ee Koonfur Galbeed Ranches.,0
2968,Donald Trump ayaa sheegay in dowladda ay bixineyso qarashka ku baxaya...,Wuxuu yidhi Donald Trump wuxuu sheegay in dawladdu ay bixinayso kharashka qof walba si uu u helo daryeel caafimaad.,0
2969,"Barack Obama ""wuxuu doonayaa in dowladda ay la wareegto daryeelka caafimaadka,...","Barack Obama ""wuxuu rabaa in dowladdu ay la wareegto daryeelka caafimaadka, ku bixiso boqolaal bilyan oo doolar oo lacag cusub ah caymiska caafimaadka qof walba.""",0
2970,Saddex meelood labo ka mid ah dadka ku nool Wisconsin ayaa si adag uga soo horjeeda...,Saddex meelood laba meel dadka Wisconsin ayaa si adag uga soo horjeeda fikradan ah in si joogto ah looga qaado xuquuqda dadka ee gorgortanka wadajirka ah.,0
2971,Adigoo isticmaalaya daldaloolo yar oo la yaqaan ... Minions Obama waa la oggol yahay ...,Adigoo isticmaalaya daldaloolo yar oo la yaqaan ... Minions Obama waxay u oggolaanayaan Shirkadda Nestle inay ka dhoofiso biyaha macaan ee qaaliga ah harada Michigan.,0
2972,Codbixinta ayaa muujineysa in Floridians aysan dooneynin inay baabi'iyaan lacagta la awoodi karo…,Ra'yi ururintu waxay muujinayaan in Floridians aysan rabin inay tirtiraan Sharciga Daryeelka La awoodi karo.,0
2973,Waxaan bixinaa PhD-da sanad walba in ka badan jaamacad kale ee A...,Waxaan bixinaa PhDs ka badan sanad walba marka loo eego jaamacadaha kale ee Ameerika marka laga reebo Berkeley.,0
2974,Wuxuu yiri tababaraha kubbadda cagta Rex Ryan wuxuu ku guuleystay horyaalada ...,"Waxa uu yidhi tababaraha kubada cagta ee xirfada leh Rex Ryan ayaa ku guulaystay horyaalada New York. AFC, waxaan filayaa, laba jeer.",0
2975,Waajibaadka daryeelka caafimaadku wuxuu u baahan doonaa xadhig iyo ganaax...,Waajibaadka daryeelka caafimaadku waxay u baahan doontaa xadhig iyo ganaax lacageed dadka Maraykanka ah ee aan awoodin inay iibsadaan caymis ama bixiyaan ganaaxyo culus oo dawladeed.,0
2976,Guddiga dib u soo celinta dhaqangelinta ee gobolka ee dhawaan la sameeyay...,"Guddiga dib u eegista dhaqangelinta socdaalka ee gobolka ee dhawaan la sameeyay ayaa dhab ahaantii dacwayn kara, oo ku ridi kara [xukun] xabsiga, haddii aanu keenno xeer ilaaliyaha guud.",0
2977,Barasaabkii hore ee Alaska Sarah Palin ayaa ku saxnayd in madaxweynaha...,"Guddoomiyihii hore ee Alaska Sarah Palin waxay ku saxsanayd in sharciga daryeelka caafimaadka ee Madaxweyne Barack Obama uu abuuray waxa, dhab ahaan, noqon lahaa guddiyada dhimashada.",0
2978,Musharaxa senate-ka Mareykanka Jack Kingston waxa uu ku qarash gareeyay doollarkayaga canshuurta...,Musharaxa senate-ka ee Maraykanka Jack Kingston waxa uu doollarkayaga cashuurta ku kharash gareeyey kumanyaal calaamado wasakh ah.,0
2979,Waxa uu sheegay in Romney uu maalgashaday shirkad alaab ka samaysa Shiinaha oo...,Waxa uu yidhi Romney waxa uu maalgashaday shirkad alaabo ka samaynaysa Shiinaha oo laga samayn lahaa halkan America.,0
2980,Waxay tiri Cathy Jordan waa la xiray oo laga soo saaray gurigeeda b...,Waxay tiri Cathy Jordan ayaa la xiray oo ay ka soo saareen gurigeeda koox SWAT ah oo hooligan ah si ay u isticmaasho marijuana caafimaad.,0
2981,Wuxuu sheegay in dib u habeynta daryeelka caafimaadka qaranka ay tahay mid ay dowladdu la wareegtay...,Waxa uu leeyahay dib u habaynta daryeelka caafimaadka qaranka waa la wareegida dawladda ee daryeelka caafimaadka.,0
2982,Shirkadda ay dawladdu kiraysanayso ee qiimaynaysa ardayda ay dawladdu u xilsaartay...,Shirkadda ay dawladdu kiraysanayso ee qiimeeya imtixaannada ardayda ee gobolku waajibiyay waxay ku baxaysaa Craigslist si ay u hesho imtaxaanayaal si ay u akhriyaan qoraallada ardaydeenna.,0
2983,Waajibaadka daryeelka caafimaadku waxay u baahan doontaa xad...,Waajibaadka daryeelka caafimaadku waxay u baahan doontaa xadhig iyo ganaax lacageed dadka Maraykanka ah ee aan awoodin inay iibsadaan caymis ama bixiyaan ganaaxyo culus oo dawladeed.,0
2984,Madaxweyne Obama ayaa sheegay in shaqo la’aanta ay ka hooseyso 8...,Waxa uu yidhi Madaxweyne Obama waxa uu ballan qaaday in shaqo la'aanta ay ka hoosayso 8 boqolkiiba haddii kicinta la dhaafo.,0
2985,Adigoo isticmaalaya daldaloolo yar oo la yaqaan ... Minions Obama waa la oggol yahay ...,Adigoo isticmaalaya daldaloolo yar oo la yaqaan ... Minions Obama waxay u oggolaanayaan Shirkadda Nestle inay ka dhoofiso biyaha macaan ee qaaliga ah harada Michigan.,0
2986,"In ka badan 100,000 oo haween ah oo ku nool Texas ayaa isku dayay in ay iskood isu soo dhisaan.","In ka badan 100,000 oo haween ah oo ku nool Texas ayaa isku dayay inay iskood iska soo xaaqaan sannadkii la soo dhaafay oo keliya.",0
2987,"Wuxuu yidhi Mitt Romney wuxuu taageeray sharcia dhammaan ilmo iska soo rididda, e...","Wuxuu yidhi Mitt Romney wuxuu taageeray sharci mamnuucaya dhammaan ilmo iska soo rididda, xitaa kiisaska kufsiga iyo jinsiga.",0
2988,Haddii aad iibiso gurigaaga wixii ka dambeeya 2012 waxaad bixin doontaa boqolkiiba 3.8...,Haddii aad iibiso gurigaaga wixii ka dambeeya 2012 waxaad ka bixin doontaa boqolkiiba 3.8 canshuurta iibka.,0
2989,"Keystone XL wuxuu u oggolaanayaa Kanada inay soo saarto saliiddooda, u dirto iyada oo loo marayo ...","Keystone XL wuxuu u oggolaanayaa Kanada inay soo saarto shidaalkooda, u dirto dhulkeena, ilaa Khaliijka, halkaas oo laga iibin doono meel kasta oo kale.",0
2990,Is-dilku wuxuu ka imaanayaa calaamad ah ee waaweyn oo leh ...,Is-dilku wuxuu ka yimaadaa dawladda dhexe ee waaweyn oo leh waxba uma qalantid laakiin waxaad ku heli doontaa wax aan waxba ahayn.,0
2991,Musharaxa senate-ka Mareykanka Jack Kingston waxa uu ku qarash gareeyay doollarkayaga canshuurta...,Musharaxa senate-ka ee Maraykanka Jack Kingston waxa uu doollarkayaga cashuurta ku kharash gareeyey kumanyaal calaamado wasakh ah.,0
2992,Saddex meelood labo ka mid ah dadka ku nool Wisconsin ayaa si adag uga soo horjeeda...,Saddex meelood laba meel dadka Wisconsin ayaa si adag uga soo horjeeda fikradan ah in si joogto ah looga qaado xuquuqda dadka ee gorgortanka wadajirka ah.,0
2993,Saraakiisha Medicare waxay ula dhaqmeen Humana iyo AARP si aan is waafaqsanayn,Saraakiisha Medicare waxay ula dhaqmeen Humana iyo AARP si aan joogto ahayn sida ay ula xiriiri karaan waayeelka.,0
2994,Bal eeg waxa uu agaasimaha FBI-da ka yidhi iyada (Hillary C...,Bal u fiirso waxa uu agaasimaha FBI-da ka yidhi (Hillary Clinton) dhaqan-xumada ay samaysay waa ceeb iyo ceeb dalkeena.,0
2995,Sagaal boqol oo qof ayaa shaqada laga eryay tan iyo markii aan xoghayaha noqday...,Sagaal boqol oo qof ayaa shaqada laga eryay tan iyo markii aan xoghaye ka noqday (Arimaha Veterans). Waxa aanu helnay 60 qof oo aanu shaqada ka ceyrinay kuwaas oo wakhtiyada sugitaan wax-ka-qabtay.,0
2996,"Si qarsoodi ah, iyadoo aan la ogeyn xubnaha Congress-ka, in ka badan $105 biil...","Si qarsoodi ah, iyadoo aan la ogeyn xubnaha Congress-ka, in ka badan 105 bilyan ayaa lagu qariyay sharciga Obamacare.",0
2997,Wendy Davis waxay kaliya ku samaynaysay lacag ururin Chicago,Wendy Davis waxa ay Chicago ka samaynaysay dhaqaale ururin iyada oo la kaashanaysa ururka hantiwadaaga caalamiga ah.,0
2998,Maxay ahaayeen hoos u dhacii sanadlaha ahaa ee Jamhuuriga hadda...,Maxay ahaayeen khasaare sanadeedkii hore ee Jamhuuriyiinta ayaa hadda noqday hoos u dhacyada billaha ah ee hoos yimaada Dimuqraadiyiinta.,0
2999,Frank Guinta ayaa u codeeyay in cashuur bixiyayaasha dabaqadda dhexe ay bixiyaan lacag ka badan...,"Frank Guinta ayaa u codeeyay in cashuur bixiyayaasha dabaqadda dhexe ay bixiyaan in ka badan $1,000 oo dheeraad ah sannadkii.",0
3000,Waxaan u dhimi karnaa shaqo la'aanta kala bar si fudud annaga oo dib u soo ceshanno j...,Waxaan shaqo la'aanta u dhimi karnaa kala bar si fudud innagoo dib u soo ceshanayna shaqooyinkii ay qabteen shaqaalaha sharci darrada ah.,0
